paper_id,openreview_id,pdf_url,pdf_path,status,bytes,pages,pdf_version,error
iclr-2026-009a09dc4347,x7aLhLMVn1,https://proceedings.iclr.cc/paper_files/paper/2026/file/63796148c99205adb0fcac069cc714d4-Paper-Conference.pdf,corpus/pdfs/iclr-2026-009a09dc4347.pdf,verified,697158,21,1.5,
iclr-2026-0111e4fa230c,FtL9eEmU6v,https://proceedings.iclr.cc/paper_files/paper/2026/file/98ddf59eb1c622132a1cf04cb5f59ac7-Paper-Conference.pdf,corpus/pdfs/iclr-2026-0111e4fa230c.pdf,verified,1049865,27,1.5,
iclr-2026-023366ecf605,2YvbLQEdYt,https://proceedings.iclr.cc/paper_files/paper/2026/file/c876a2935a90aff21874e14c07dc3e33-Paper-Conference.pdf,corpus/pdfs/iclr-2026-023366ecf605.pdf,verified,952480,46,1.5,
iclr-2026-031dd68824c4,XFw2EPRUUR,https://proceedings.iclr.cc/paper_files/paper/2026/file/ab5492f57995409351cbf1a1cdf5f1a4-Paper-Conference.pdf,corpus/pdfs/iclr-2026-031dd68824c4.pdf,verified,1424998,25,1.5,
iclr-2026-0591912d4c5a,CxiNICq0Rr,https://proceedings.iclr.cc/paper_files/paper/2026/file/c7b5a35ea98b62512a869c19ea7b03cb-Paper-Conference.pdf,corpus/pdfs/iclr-2026-0591912d4c5a.pdf,verified,1778087,28,1.5,
iclr-2026-05937b7dc737,LaVrNaBNwM,https://proceedings.iclr.cc/paper_files/paper/2026/file/b06dbe97e29ba06bdfdb6949191d2591-Paper-Conference.pdf,corpus/pdfs/iclr-2026-05937b7dc737.pdf,verified,724946,34,1.5,
iclr-2026-061ba26bb9ff,xDLE5n3x9Y,https://proceedings.iclr.cc/paper_files/paper/2026/file/be97faf6ce031b13bf02495d93c467e0-Paper-Conference.pdf,corpus/pdfs/iclr-2026-061ba26bb9ff.pdf,verified,3846944,26,1.5,
iclr-2026-0853a1e684f7,80JylHgQn1,https://proceedings.iclr.cc/paper_files/paper/2026/file/be91eb86eb74efc055cff83e953f86ce-Paper-Conference.pdf,corpus/pdfs/iclr-2026-0853a1e684f7.pdf,verified,21919829,33,1.5,
iclr-2026-09d94b8d6d44,3RQ863cRbx,https://proceedings.iclr.cc/paper_files/paper/2026/file/ffffd32092164225bb302d438cacbc61-Paper-Conference.pdf,corpus/pdfs/iclr-2026-09d94b8d6d44.pdf,verified,34334368,32,1.5,
iclr-2026-0aa8e3fa3f6d,sSfep4udCb,https://proceedings.iclr.cc/paper_files/paper/2026/file/4a6884ee51a981046ecf5b449f776dff-Paper-Conference.pdf,corpus/pdfs/iclr-2026-0aa8e3fa3f6d.pdf,verified,1143529,27,1.5,
iclr-2026-0aacf4e20785,3eTr9dGwJv,https://proceedings.iclr.cc/paper_files/paper/2026/file/9baf31febefde7bd76023c2d2f13cbd7-Paper-Conference.pdf,corpus/pdfs/iclr-2026-0aacf4e20785.pdf,verified,21520168,26,1.5,
iclr-2026-0b114f73a492,M3CeHnZKNC,https://proceedings.iclr.cc/paper_files/paper/2026/file/b2b502c3629beadda06311386d2c6f73-Paper-Conference.pdf,corpus/pdfs/iclr-2026-0b114f73a492.pdf,verified,11115138,35,1.5,
iclr-2026-0c8eb54755cf,ZfdnZhOP0k,https://proceedings.iclr.cc/paper_files/paper/2026/file/ca22641c182b3b9608634edb4d09bc33-Paper-Conference.pdf,corpus/pdfs/iclr-2026-0c8eb54755cf.pdf,verified,1661207,62,1.5,
iclr-2026-0e6979a1fd18,mzAchylAtf,https://proceedings.iclr.cc/paper_files/paper/2026/file/41b93c59da0d0f835907fd661d419db2-Paper-Conference.pdf,corpus/pdfs/iclr-2026-0e6979a1fd18.pdf,verified,4967996,25,1.6,
iclr-2026-0f7ec564e69d,m04JJNeRK6,https://proceedings.iclr.cc/paper_files/paper/2026/file/cf6501108fced72ee5c47e2151c4e153-Paper-Conference.pdf,corpus/pdfs/iclr-2026-0f7ec564e69d.pdf,verified,371532,14,1.5,
iclr-2026-0f9a4f0ba34a,X96Ei9n34a,https://proceedings.iclr.cc/paper_files/paper/2026/file/2858f8c8683aaa8c12d487354cf328dc-Paper-Conference.pdf,corpus/pdfs/iclr-2026-0f9a4f0ba34a.pdf,verified,21742177,27,1.5,
iclr-2026-106be5e431a2,a4S1nQay3b,https://proceedings.iclr.cc/paper_files/paper/2026/file/8c1d92835eb4e601f396c97ec60439fe-Paper-Conference.pdf,corpus/pdfs/iclr-2026-106be5e431a2.pdf,verified,10343296,20,1.7,
iclr-2026-12331806f03c,vEh1ceS154,https://proceedings.iclr.cc/paper_files/paper/2026/file/d79b8c42f61b51722992705022134ef3-Paper-Conference.pdf,corpus/pdfs/iclr-2026-12331806f03c.pdf,verified,806742,26,1.5,
iclr-2026-149f57fdf12b,ZBj3Qp1bYg,https://proceedings.iclr.cc/paper_files/paper/2026/file/e19a65fd53b6f9a88b354da98813465d-Paper-Conference.pdf,corpus/pdfs/iclr-2026-149f57fdf12b.pdf,verified,19567369,44,1.5,
iclr-2026-159f6b7208d5,b8TlYh6PN6,https://proceedings.iclr.cc/paper_files/paper/2026/file/d390199c28b467315b454789b6584f19-Paper-Conference.pdf,corpus/pdfs/iclr-2026-159f6b7208d5.pdf,verified,1314194,48,1.5,
iclr-2026-198f06993051,uGai5lYHlV,https://proceedings.iclr.cc/paper_files/paper/2026/file/31888563b194f9bb33ce1aebc7e1551c-Paper-Conference.pdf,corpus/pdfs/iclr-2026-198f06993051.pdf,verified,546207,20,1.5,
iclr-2026-202252125f99,8NuN5UzXLC,https://proceedings.iclr.cc/paper_files/paper/2026/file/6ef5b62827e9640cec61f8484b39c0ea-Paper-Conference.pdf,corpus/pdfs/iclr-2026-202252125f99.pdf,verified,10797094,43,1.5,
iclr-2026-247f0a285827,o29E01Q6bv,https://proceedings.iclr.cc/paper_files/paper/2026/file/e2fd57d0a7f1bc5d3d4863f63241f4df-Paper-Conference.pdf,corpus/pdfs/iclr-2026-247f0a285827.pdf,verified,850013,20,1.5,
iclr-2026-24987e898413,r2HG3xOMJI,https://proceedings.iclr.cc/paper_files/paper/2026/file/76f2614f3cabc22b8a1e0d9a6aa35b61-Paper-Conference.pdf,corpus/pdfs/iclr-2026-24987e898413.pdf,verified,2772961,33,1.5,
iclr-2026-255bea54f97f,nCsF3Bsn2n,https://proceedings.iclr.cc/paper_files/paper/2026/file/d7df683136b06837c9822592c05a9c7c-Paper-Conference.pdf,corpus/pdfs/iclr-2026-255bea54f97f.pdf,verified,4202108,23,1.5,
iclr-2026-259b5d11070a,OJupg4mDjS,https://proceedings.iclr.cc/paper_files/paper/2026/file/023f8b0b5c4d7004c1f57c944de8a310-Paper-Conference.pdf,corpus/pdfs/iclr-2026-259b5d11070a.pdf,verified,48306297,32,1.7,
iclr-2026-2685fcff6523,mytIKuRsSE,https://proceedings.iclr.cc/paper_files/paper/2026/file/f62114abe24195d7d153438b1c0eaf72-Paper-Conference.pdf,corpus/pdfs/iclr-2026-2685fcff6523.pdf,verified,14702531,32,1.5,
iclr-2026-2a0b369c60a9,k0Kb1ynFbt,https://proceedings.iclr.cc/paper_files/paper/2026/file/04b943ec09ae71cc0fac482fb3edf8d8-Paper-Conference.pdf,corpus/pdfs/iclr-2026-2a0b369c60a9.pdf,verified,2891842,31,1.5,
iclr-2026-2a57731d6ae3,M7TNf5J26u,https://proceedings.iclr.cc/paper_files/paper/2026/file/b2ce9568dbb559aefc8c98ca5b5314ce-Paper-Conference.pdf,corpus/pdfs/iclr-2026-2a57731d6ae3.pdf,verified,1371714,88,1.7,
iclr-2026-2a842dd4a787,wSGle6ag5I,https://proceedings.iclr.cc/paper_files/paper/2026/file/75c411b0a06fa9e78f2a516b57b2ce62-Paper-Conference.pdf,corpus/pdfs/iclr-2026-2a842dd4a787.pdf,verified,8769213,40,1.7,
iclr-2026-2f4f189e96a1,l1cLdEjESj,https://proceedings.iclr.cc/paper_files/paper/2026/file/8735e0793cfd43327eceaacf39466a01-Paper-Conference.pdf,corpus/pdfs/iclr-2026-2f4f189e96a1.pdf,verified,1676883,20,1.5,
iclr-2026-31327f1d20e6,LCS1WsGvha,https://proceedings.iclr.cc/paper_files/paper/2026/file/43456e781fac3a034842f0807860474a-Paper-Conference.pdf,corpus/pdfs/iclr-2026-31327f1d20e6.pdf,verified,1652335,28,1.5,
iclr-2026-322bd0a9b17a,Jb1WkNSfUB,https://proceedings.iclr.cc/paper_files/paper/2026/file/76fb92288bf90360c527efb0d1c2aba6-Paper-Conference.pdf,corpus/pdfs/iclr-2026-322bd0a9b17a.pdf,verified,38592968,36,1.5,
iclr-2026-324ad23abd89,TgLW2DiRDG,https://proceedings.iclr.cc/paper_files/paper/2026/file/8fc129535ce5fc40c4a7bb03c4d33264-Paper-Conference.pdf,corpus/pdfs/iclr-2026-324ad23abd89.pdf,verified,2403877,27,1.6,
iclr-2026-3293541ad71c,ghwxbTx7do,https://proceedings.iclr.cc/paper_files/paper/2026/file/543ec10715d964122ab7cb15f648772b-Paper-Conference.pdf,corpus/pdfs/iclr-2026-3293541ad71c.pdf,verified,1964660,30,1.5,
iclr-2026-32bffb4a35b9,Gk7gLAtVDO,https://proceedings.iclr.cc/paper_files/paper/2026/file/9d0ee47d732bd526c4a03d4aecc39bc1-Paper-Conference.pdf,corpus/pdfs/iclr-2026-32bffb4a35b9.pdf,verified,2252836,26,1.5,
iclr-2026-3765e16e2c4e,HwCvaJOiCj,https://proceedings.iclr.cc/paper_files/paper/2026/file/8abd2043b71a074278d5f687947bff9c-Paper-Conference.pdf,corpus/pdfs/iclr-2026-3765e16e2c4e.pdf,verified,746962,30,1.5,
iclr-2026-397291185bfb,kmK3WSCOCT,https://proceedings.iclr.cc/paper_files/paper/2026/file/8fef8a350b54e18758ea546bc984ba28-Paper-Conference.pdf,corpus/pdfs/iclr-2026-397291185bfb.pdf,verified,1052377,31,1.5,
iclr-2026-3b8d372687ad,5VXJPS1HoM,https://proceedings.iclr.cc/paper_files/paper/2026/file/6d13e085b79d454da5910e4ca82a3d9d-Paper-Conference.pdf,corpus/pdfs/iclr-2026-3b8d372687ad.pdf,verified,17428041,58,1.5,
iclr-2026-3c3e3a191645,DE5ZJtR4bg,https://proceedings.iclr.cc/paper_files/paper/2026/file/aa5a581a221f1e431fcad9d7ccfedaa2-Paper-Conference.pdf,corpus/pdfs/iclr-2026-3c3e3a191645.pdf,verified,6016043,15,1.5,
iclr-2026-3c7fde53bdb5,JEYWpFGzvn,https://proceedings.iclr.cc/paper_files/paper/2026/file/432f048a844654ba981953491e6dc80e-Paper-Conference.pdf,corpus/pdfs/iclr-2026-3c7fde53bdb5.pdf,verified,31046858,23,1.5,
iclr-2026-3dfd982128a2,8dLexnao2h,https://proceedings.iclr.cc/paper_files/paper/2026/file/c242f2b7f60d8c685b6481939330e241-Paper-Conference.pdf,corpus/pdfs/iclr-2026-3dfd982128a2.pdf,verified,13022223,20,1.7,
iclr-2026-3ee0e0bb97f9,aQKVfKOkR5,https://proceedings.iclr.cc/paper_files/paper/2026/file/0d0ca4fad5c2646349fc161047e06411-Paper-Conference.pdf,corpus/pdfs/iclr-2026-3ee0e0bb97f9.pdf,verified,2206733,23,1.5,
iclr-2026-3f0f7132b565,krGpQzo8Mz,https://proceedings.iclr.cc/paper_files/paper/2026/file/6276ec46607b50a014c0db6525e72f71-Paper-Conference.pdf,corpus/pdfs/iclr-2026-3f0f7132b565.pdf,verified,3167035,18,1.5,
iclr-2026-4019795d726c,oZJFY2BQt2,https://proceedings.iclr.cc/paper_files/paper/2026/file/b12604df7a807fb10eecf58833535a9d-Paper-Conference.pdf,corpus/pdfs/iclr-2026-4019795d726c.pdf,verified,4377736,21,1.5,
iclr-2026-421310926c11,fm79KXJIUQ,https://proceedings.iclr.cc/paper_files/paper/2026/file/762306432afa0ecbbf1d615be551e96b-Paper-Conference.pdf,corpus/pdfs/iclr-2026-421310926c11.pdf,verified,5571894,29,1.5,
iclr-2026-4259d44f09b8,UIxHaAqFqQ,https://proceedings.iclr.cc/paper_files/paper/2026/file/0c606cbd7225856faadf74e106cbbec6-Paper-Conference.pdf,corpus/pdfs/iclr-2026-4259d44f09b8.pdf,verified,7847603,28,1.5,
iclr-2026-4826a74c05ee,ORv3SAzus1,https://proceedings.iclr.cc/paper_files/paper/2026/file/79a97ba70ee6aff126f3090b10ad6702-Paper-Conference.pdf,corpus/pdfs/iclr-2026-4826a74c05ee.pdf,verified,783230,33,1.5,
iclr-2026-49670c864245,AufVSUgMUo,https://proceedings.iclr.cc/paper_files/paper/2026/file/899511e37a8e01e1bd6f6f1d377cc250-Paper-Conference.pdf,corpus/pdfs/iclr-2026-49670c864245.pdf,verified,3504063,31,1.5,
iclr-2026-49937f5dcda4,mX8b64iUaa,https://proceedings.iclr.cc/paper_files/paper/2026/file/57d8ebf4c2f050a6485f370d47656a9e-Paper-Conference.pdf,corpus/pdfs/iclr-2026-49937f5dcda4.pdf,verified,802223,32,1.5,
iclr-2026-4d1471a91635,yDmb7xAfeb,https://proceedings.iclr.cc/paper_files/paper/2026/file/5b4263be85820683d78675cc18d2efc7-Paper-Conference.pdf,corpus/pdfs/iclr-2026-4d1471a91635.pdf,verified,11134191,40,1.5,
iclr-2026-4d615382a559,y3oHMcoItR,https://proceedings.iclr.cc/paper_files/paper/2026/file/aed13d8a5ee83a9c6880285b69d0ba81-Paper-Conference.pdf,corpus/pdfs/iclr-2026-4d615382a559.pdf,verified,23994307,46,1.5,
iclr-2026-4ddcea898ef4,ogMxCjdCCq,https://proceedings.iclr.cc/paper_files/paper/2026/file/3ae02df8061edeba2acc6f79294fa8e0-Paper-Conference.pdf,corpus/pdfs/iclr-2026-4ddcea898ef4.pdf,verified,11653243,32,1.5,
iclr-2026-4e1d7790186d,DM0Y0oL33T,https://proceedings.iclr.cc/paper_files/paper/2026/file/b174dca3b7b903bc578ef3e515d2d790-Paper-Conference.pdf,corpus/pdfs/iclr-2026-4e1d7790186d.pdf,verified,15808842,33,1.5,
iclr-2026-4f0f02a727a0,hit3hGBheP,https://proceedings.iclr.cc/paper_files/paper/2026/file/e2c33c1753e1f1924f5560b11fc4444f-Paper-Conference.pdf,corpus/pdfs/iclr-2026-4f0f02a727a0.pdf,verified,7415650,19,1.5,
iclr-2026-4f3bc9574941,EA80Zib9UI,https://proceedings.iclr.cc/paper_files/paper/2026/file/a1722a6bd1023c026a3d6a570fb3af75-Paper-Conference.pdf,corpus/pdfs/iclr-2026-4f3bc9574941.pdf,verified,32572236,28,1.5,
iclr-2026-51378f92df54,JWx4DI2N8k,https://proceedings.iclr.cc/paper_files/paper/2026/file/ea5cb7d9fd2deb0554def3552962d276-Paper-Conference.pdf,corpus/pdfs/iclr-2026-51378f92df54.pdf,verified,4331783,26,1.5,
iclr-2026-51419d6897b2,cReExMQLiK,https://proceedings.iclr.cc/paper_files/paper/2026/file/2e2960f2fe9e981f33f51c78656e3ca2-Paper-Conference.pdf,corpus/pdfs/iclr-2026-51419d6897b2.pdf,verified,1862915,24,1.5,
iclr-2026-52c23d827498,MpeyjgWbKt,https://proceedings.iclr.cc/paper_files/paper/2026/file/79ff18412c1a5816f071a796375abc3d-Paper-Conference.pdf,corpus/pdfs/iclr-2026-52c23d827498.pdf,verified,4209184,21,1.5,
iclr-2026-557a29cfb5fa,b8avf4F2hn,https://proceedings.iclr.cc/paper_files/paper/2026/file/6fbe71b59655e4def01de69adbe7df6a-Paper-Conference.pdf,corpus/pdfs/iclr-2026-557a29cfb5fa.pdf,verified,15181255,15,1.4,
iclr-2026-56aa37355793,Vsgq2ldr4K,https://proceedings.iclr.cc/paper_files/paper/2026/file/01498f17142547dadb60999c39bd0a09-Paper-Conference.pdf,corpus/pdfs/iclr-2026-56aa37355793.pdf,verified,2319780,19,1.7,
iclr-2026-57765985744a,yWwrgcBoK3,https://proceedings.iclr.cc/paper_files/paper/2026/file/505ca7558b83126389727d08f2366b72-Paper-Conference.pdf,corpus/pdfs/iclr-2026-57765985744a.pdf,verified,3321747,46,1.5,
iclr-2026-589bfa4069ed,jHDZEUgS4r,https://proceedings.iclr.cc/paper_files/paper/2026/file/911ca386fecaf7ebac35bb64733050fc-Paper-Conference.pdf,corpus/pdfs/iclr-2026-589bfa4069ed.pdf,verified,2069041,43,1.5,
iclr-2026-5d471305c6f6,5C3LljOEGC,https://proceedings.iclr.cc/paper_files/paper/2026/file/0bd7c1a579459520e4d731a14b7bda7d-Paper-Conference.pdf,corpus/pdfs/iclr-2026-5d471305c6f6.pdf,verified,7237927,21,1.5,
iclr-2026-604bfc7cefa7,SzXDuBN8M1,https://proceedings.iclr.cc/paper_files/paper/2026/file/3d158f054ff0cb83397367234899db07-Paper-Conference.pdf,corpus/pdfs/iclr-2026-604bfc7cefa7.pdf,verified,2674831,34,1.5,
iclr-2026-629630d76e2f,m6Hv0yZO3n,https://proceedings.iclr.cc/paper_files/paper/2026/file/c61e5034da324bca56cbbca70d42bec9-Paper-Conference.pdf,corpus/pdfs/iclr-2026-629630d76e2f.pdf,verified,5616401,39,1.5,
iclr-2026-62e38d16d6a3,Mf5AleTUVK,https://proceedings.iclr.cc/paper_files/paper/2026/file/52c4a736cd63b3c7bf52011a1f66f3f6-Paper-Conference.pdf,corpus/pdfs/iclr-2026-62e38d16d6a3.pdf,verified,1707143,47,1.5,
iclr-2026-649b366699a1,yKDqg9HwZX,https://proceedings.iclr.cc/paper_files/paper/2026/file/288720e07ddd4c9e2bfdab2d3cdbfd02-Paper-Conference.pdf,corpus/pdfs/iclr-2026-649b366699a1.pdf,verified,910136,20,1.5,
iclr-2026-64b7228ce25e,Szh0ELyQxL,https://proceedings.iclr.cc/paper_files/paper/2026/file/f57ffe47d0b528fbb97901d16bd4eba2-Paper-Conference.pdf,corpus/pdfs/iclr-2026-64b7228ce25e.pdf,verified,16603801,50,1.5,
iclr-2026-65bc34dbddc2,9C4gVbPqSy,https://proceedings.iclr.cc/paper_files/paper/2026/file/b0832cc57899cfd2d3fedeb3f330ba80-Paper-Conference.pdf,corpus/pdfs/iclr-2026-65bc34dbddc2.pdf,verified,3569250,50,1.5,
iclr-2026-68354f3b36bc,kdeiRledV6,https://proceedings.iclr.cc/paper_files/paper/2026/file/bb0fea29f7aa6ede17e906ac6a225f34-Paper-Conference.pdf,corpus/pdfs/iclr-2026-68354f3b36bc.pdf,verified,2347653,30,1.5,
iclr-2026-68f719a6b18f,zrFnwRHuQo,https://proceedings.iclr.cc/paper_files/paper/2026/file/437d9bde2999f6e3e854e09f250261a5-Paper-Conference.pdf,corpus/pdfs/iclr-2026-68f719a6b18f.pdf,verified,4451039,36,1.5,
iclr-2026-6962fe3d904f,wwPSfcf5Pj,https://proceedings.iclr.cc/paper_files/paper/2026/file/6ba9e7ddd48e6db2dcaa7ec3806714b3-Paper-Conference.pdf,corpus/pdfs/iclr-2026-6962fe3d904f.pdf,verified,1017390,22,1.5,
iclr-2026-6a8f325f0913,H6rDX4w6Al,https://proceedings.iclr.cc/paper_files/paper/2026/file/a0698477f358a6adeab2c2b44f109e5e-Paper-Conference.pdf,corpus/pdfs/iclr-2026-6a8f325f0913.pdf,verified,13324112,30,1.5,
iclr-2026-6a94cca2daa0,dTWfCLSoyl,https://proceedings.iclr.cc/paper_files/paper/2026/file/ba6f5879d7f382241316f7dda7e6b8ac-Paper-Conference.pdf,corpus/pdfs/iclr-2026-6a94cca2daa0.pdf,verified,645859,21,1.5,
iclr-2026-6e52571c3da4,SAl337ZX5d,https://proceedings.iclr.cc/paper_files/paper/2026/file/4459c3c143db74ee52afebdf56836375-Paper-Conference.pdf,corpus/pdfs/iclr-2026-6e52571c3da4.pdf,verified,804658,24,1.5,
iclr-2026-6e71a49c1c84,MiV3WXDYJb,https://proceedings.iclr.cc/paper_files/paper/2026/file/648631aac2e6d9f139f4b309b8a4d08a-Paper-Conference.pdf,corpus/pdfs/iclr-2026-6e71a49c1c84.pdf,verified,403473,17,1.5,
iclr-2026-6f113e6f8081,e7pAjJZJWb,https://proceedings.iclr.cc/paper_files/paper/2026/file/0343104ddbfc48f35f06aaae88980e48-Paper-Conference.pdf,corpus/pdfs/iclr-2026-6f113e6f8081.pdf,verified,906552,24,1.5,
iclr-2026-707ee355091a,gJjRdLG5MY,https://proceedings.iclr.cc/paper_files/paper/2026/file/05afb889eb99af16bb46a7f2a3868bee-Paper-Conference.pdf,corpus/pdfs/iclr-2026-707ee355091a.pdf,verified,530050,24,1.5,
iclr-2026-72f24b2e940f,Q3yLIIkt7z,https://proceedings.iclr.cc/paper_files/paper/2026/file/b117cd5a0af6f5ecfdac7b47b893b96f-Paper-Conference.pdf,corpus/pdfs/iclr-2026-72f24b2e940f.pdf,verified,1157658,42,1.5,
iclr-2026-746a3d5b7976,qmCpJtFZra,https://proceedings.iclr.cc/paper_files/paper/2026/file/639d992f819c2b40387d4d5170b8ffd7-Paper-Conference.pdf,corpus/pdfs/iclr-2026-746a3d5b7976.pdf,verified,13538812,54,1.5,
iclr-2026-747836133659,CCSPm6V5EF,https://proceedings.iclr.cc/paper_files/paper/2026/file/bd94ec71bd120e20a12a68e3729f3837-Paper-Conference.pdf,corpus/pdfs/iclr-2026-747836133659.pdf,verified,1855917,33,1.5,
iclr-2026-77178098d85f,WV7xIboTDK,https://proceedings.iclr.cc/paper_files/paper/2026/file/7e105e4ae3016974e2d518e9d281f5e5-Paper-Conference.pdf,corpus/pdfs/iclr-2026-77178098d85f.pdf,verified,4623955,56,1.5,
iclr-2026-775fafc0db1f,d3CISVVO6v,https://proceedings.iclr.cc/paper_files/paper/2026/file/e48fa1c4f08fd1ae35d5df8352c3106d-Paper-Conference.pdf,corpus/pdfs/iclr-2026-775fafc0db1f.pdf,verified,5474811,28,1.5,
iclr-2026-776ac69ed891,QqvQ3iAdpC,https://proceedings.iclr.cc/paper_files/paper/2026/file/8b3287b6fb38e53d71287c4d0380fe5e-Paper-Conference.pdf,corpus/pdfs/iclr-2026-776ac69ed891.pdf,verified,241484,20,1.5,
iclr-2026-7833e39d5371,9Q0dNBYeEY,https://proceedings.iclr.cc/paper_files/paper/2026/file/2f4b6febe0b70805c3be75e5d6a66918-Paper-Conference.pdf,corpus/pdfs/iclr-2026-7833e39d5371.pdf,verified,907236,24,1.5,
iclr-2026-7a39b8243e1d,5LMdnUdAoy,https://proceedings.iclr.cc/paper_files/paper/2026/file/a559a5a8aa5ae6682ced009ad97cdb16-Paper-Conference.pdf,corpus/pdfs/iclr-2026-7a39b8243e1d.pdf,verified,1206783,31,1.5,
iclr-2026-7c24d2356ca5,S2Q00li155,https://proceedings.iclr.cc/paper_files/paper/2026/file/d5bda93cd36f470fc9b175bbcd9cddab-Paper-Conference.pdf,corpus/pdfs/iclr-2026-7c24d2356ca5.pdf,verified,683352,33,1.5,
iclr-2026-7d504a5c8916,kI27Niy4xY,https://proceedings.iclr.cc/paper_files/paper/2026/file/40121c4f72e384c6d1d2c1366c39b57e-Paper-Conference.pdf,corpus/pdfs/iclr-2026-7d504a5c8916.pdf,verified,16340369,31,1.5,
iclr-2026-7f071490c87d,P5B97gZwRb,https://proceedings.iclr.cc/paper_files/paper/2026/file/f778e9efdb4392e56332d25647b87c09-Paper-Conference.pdf,corpus/pdfs/iclr-2026-7f071490c87d.pdf,verified,1180236,30,1.5,
iclr-2026-7f4352669d70,3JPAkwSVc4,https://proceedings.iclr.cc/paper_files/paper/2026/file/ddbc4b54d1167f3c64ec639e388bf555-Paper-Conference.pdf,corpus/pdfs/iclr-2026-7f4352669d70.pdf,verified,1612926,43,1.5,
iclr-2026-8015e8f6dc9a,FdkPOHlChS,https://proceedings.iclr.cc/paper_files/paper/2026/file/48c218b01802a712ee8d7243d27fd9cf-Paper-Conference.pdf,corpus/pdfs/iclr-2026-8015e8f6dc9a.pdf,verified,448124,21,1.5,
iclr-2026-8148e4ce6cb5,cMEnMVvMw9,https://proceedings.iclr.cc/paper_files/paper/2026/file/172fe9f8cc55953bad5c24774bf0142b-Paper-Conference.pdf,corpus/pdfs/iclr-2026-8148e4ce6cb5.pdf,verified,813685,23,1.5,
iclr-2026-822832ffa129,nHrYBGujps,https://proceedings.iclr.cc/paper_files/paper/2026/file/496b549556509bbb9770bf9d335c5800-Paper-Conference.pdf,corpus/pdfs/iclr-2026-822832ffa129.pdf,verified,4835168,49,1.5,
iclr-2026-82716d8e922b,r8hzDA3pUY,https://proceedings.iclr.cc/paper_files/paper/2026/file/2468f84a13ff8bb6767a67518fb596eb-Paper-Conference.pdf,corpus/pdfs/iclr-2026-82716d8e922b.pdf,verified,1468437,35,1.5,
iclr-2026-82ba4792ed68,MgJUj9Sk3C,https://proceedings.iclr.cc/paper_files/paper/2026/file/ca3b1f24fc0238edf5ed1ad226b9d655-Paper-Conference.pdf,corpus/pdfs/iclr-2026-82ba4792ed68.pdf,verified,3234766,23,1.5,
iclr-2026-834e05c73de9,Zunww3FHPU,https://proceedings.iclr.cc/paper_files/paper/2026/file/2a5a41a536d3ada8fbf61a9d6fbf18d2-Paper-Conference.pdf,corpus/pdfs/iclr-2026-834e05c73de9.pdf,verified,44140341,29,1.5,
iclr-2026-8374ca36d622,bojVI4l9Kn,https://proceedings.iclr.cc/paper_files/paper/2026/file/e4c2d7ec1f8c6020ee69c3101dcbaadc-Paper-Conference.pdf,corpus/pdfs/iclr-2026-8374ca36d622.pdf,verified,39044382,29,1.5,
iclr-2026-842e6221ed35,cj1MAx7lKs,https://proceedings.iclr.cc/paper_files/paper/2026/file/bffc719468c22f9ba53e73696dd71858-Paper-Conference.pdf,corpus/pdfs/iclr-2026-842e6221ed35.pdf,verified,26334276,34,1.5,
iclr-2026-85e7704059ff,lTaPtGiUUc,https://proceedings.iclr.cc/paper_files/paper/2026/file/cf7ba4b2d14e0f6a0e8247af77745094-Paper-Conference.pdf,corpus/pdfs/iclr-2026-85e7704059ff.pdf,verified,26309772,49,1.5,
iclr-2026-86ded246ec76,cZrTMqYVL6,https://proceedings.iclr.cc/paper_files/paper/2026/file/133e588e1429f9f1e25b215da145580e-Paper-Conference.pdf,corpus/pdfs/iclr-2026-86ded246ec76.pdf,verified,8942851,27,1.5,
iclr-2026-8725f57da7a0,jY7fAo9rfK,https://proceedings.iclr.cc/paper_files/paper/2026/file/73b75e4eafbdb617822bba262cc81c76-Paper-Conference.pdf,corpus/pdfs/iclr-2026-8725f57da7a0.pdf,verified,1017259,38,1.5,
iclr-2026-87e3cec2f574,mUIGdUTtk2,https://proceedings.iclr.cc/paper_files/paper/2026/file/5f0e54e34ba4c30fbc6f229986dbffb4-Paper-Conference.pdf,corpus/pdfs/iclr-2026-87e3cec2f574.pdf,verified,7442649,50,1.5,
iclr-2026-883c05e1e1dc,m5byThUSNE,https://proceedings.iclr.cc/paper_files/paper/2026/file/6a616eeef41984f3bb23f81c3b9cb689-Paper-Conference.pdf,corpus/pdfs/iclr-2026-883c05e1e1dc.pdf,verified,2670717,34,1.5,
iclr-2026-883ed5cbe394,RQm2KQTM5r,https://proceedings.iclr.cc/paper_files/paper/2026/file/0e9e708b6f48e14fd0ac29e167413f76-Paper-Conference.pdf,corpus/pdfs/iclr-2026-883ed5cbe394.pdf,verified,2525783,87,1.5,
iclr-2026-886b5673125f,lKqE7UuMvp,https://proceedings.iclr.cc/paper_files/paper/2026/file/58cbe393b4254da8966780a40d023c0b-Paper-Conference.pdf,corpus/pdfs/iclr-2026-886b5673125f.pdf,verified,9168017,33,1.5,
iclr-2026-88c6c50ec3eb,Yxz92UuPLQ,https://proceedings.iclr.cc/paper_files/paper/2026/file/5f7804e8855efe5554025217abc49315-Paper-Conference.pdf,corpus/pdfs/iclr-2026-88c6c50ec3eb.pdf,verified,502082,21,1.5,
iclr-2026-890e5fac4757,yirunib8l8,https://proceedings.iclr.cc/paper_files/paper/2026/file/e4cd50120b6d7e8daff1749d6bbaa889-Paper-Conference.pdf,corpus/pdfs/iclr-2026-890e5fac4757.pdf,verified,48393986,25,1.7,
iclr-2026-8984507c822d,qCsbYJZRA5,https://proceedings.iclr.cc/paper_files/paper/2026/file/ad2b3b0963114adddbd2c97d6e74abb9-Paper-Conference.pdf,corpus/pdfs/iclr-2026-8984507c822d.pdf,verified,6263194,25,1.5,
iclr-2026-8bef8cad479c,yBFUqdJFZn,https://proceedings.iclr.cc/paper_files/paper/2026/file/666c1861d709bd84e20b6e0e02a2c223-Paper-Conference.pdf,corpus/pdfs/iclr-2026-8bef8cad479c.pdf,verified,34991409,60,1.5,
iclr-2026-8da8f79c49d5,rlZeILv3fm,https://proceedings.iclr.cc/paper_files/paper/2026/file/79d86433c2acd12b6fa98553435d226e-Paper-Conference.pdf,corpus/pdfs/iclr-2026-8da8f79c49d5.pdf,verified,50506565,35,1.5,
iclr-2026-8e4dfde7b55f,btEiAfnLsX,https://proceedings.iclr.cc/paper_files/paper/2026/file/8f6c674a7edf57912f1a5830f4a66e3f-Paper-Conference.pdf,corpus/pdfs/iclr-2026-8e4dfde7b55f.pdf,verified,404980,11,1.5,
iclr-2026-91746adaf8cd,8MBYRZHVWT,https://proceedings.iclr.cc/paper_files/paper/2026/file/99946cb64d51ead9d3969db0af65ca2e-Paper-Conference.pdf,corpus/pdfs/iclr-2026-91746adaf8cd.pdf,verified,4971054,37,1.5,
iclr-2026-927309b0632d,FbssShlI4N,https://proceedings.iclr.cc/paper_files/paper/2026/file/72bcad2c3fe7625fc233fabe84a6d7ef-Paper-Conference.pdf,corpus/pdfs/iclr-2026-927309b0632d.pdf,verified,1809862,25,1.5,
iclr-2026-935af26c0a67,yfM2e8Icsw,https://proceedings.iclr.cc/paper_files/paper/2026/file/d5e256c988bdee59a0f4d7a9bc1dd6d9-Paper-Conference.pdf,corpus/pdfs/iclr-2026-935af26c0a67.pdf,verified,2163214,40,1.7,
iclr-2026-945180152be7,FMjeC9Msws,https://proceedings.iclr.cc/paper_files/paper/2026/file/75ea88aca02640cca54c1231db8cacdd-Paper-Conference.pdf,corpus/pdfs/iclr-2026-945180152be7.pdf,verified,5034749,30,1.5,
iclr-2026-963229d0140f,Ndnwg9oOQO,https://proceedings.iclr.cc/paper_files/paper/2026/file/974ff7b5bf08dbf9400b5d599a39c77f-Paper-Conference.pdf,corpus/pdfs/iclr-2026-963229d0140f.pdf,verified,9356568,23,1.5,
iclr-2026-9731e2f39bcc,pN261iTKvr,https://proceedings.iclr.cc/paper_files/paper/2026/file/f274af80a7a3aa9ed23ba6f7908470bc-Paper-Conference.pdf,corpus/pdfs/iclr-2026-9731e2f39bcc.pdf,verified,8347034,37,1.5,
iclr-2026-9800a26d2608,Y54P2BBPPh,https://proceedings.iclr.cc/paper_files/paper/2026/file/97c5b2707228e7e3fb67e4ecc2e0e607-Paper-Conference.pdf,corpus/pdfs/iclr-2026-9800a26d2608.pdf,verified,661152,52,1.5,
iclr-2026-98752ebdf7d6,lg6H2oJPky,https://proceedings.iclr.cc/paper_files/paper/2026/file/d5b2bb64b7280e425508ef7a81372398-Paper-Conference.pdf,corpus/pdfs/iclr-2026-98752ebdf7d6.pdf,verified,1734117,46,1.5,
iclr-2026-987dd9468fc4,22hBwIf7OC,https://proceedings.iclr.cc/paper_files/paper/2026/file/8587069d00a69d0ea498d547fffad6dd-Paper-Conference.pdf,corpus/pdfs/iclr-2026-987dd9468fc4.pdf,verified,3588733,34,1.5,
iclr-2026-99e6f2b9fab2,wbttgzp7MT,https://proceedings.iclr.cc/paper_files/paper/2026/file/f96c211fa349bf9872aee9715f111015-Paper-Conference.pdf,corpus/pdfs/iclr-2026-99e6f2b9fab2.pdf,verified,1097379,26,1.5,
iclr-2026-9a1a4fec2317,YsQM7sQl0j,https://proceedings.iclr.cc/paper_files/paper/2026/file/5aadf1e309cc03cab3ec35afb7c9d0c8-Paper-Conference.pdf,corpus/pdfs/iclr-2026-9a1a4fec2317.pdf,verified,31187667,20,1.5,
iclr-2026-9a784a6b295a,mIeKe74W43,https://proceedings.iclr.cc/paper_files/paper/2026/file/fe7f375ef01e43f17d2c32b28a176577-Paper-Conference.pdf,corpus/pdfs/iclr-2026-9a784a6b295a.pdf,verified,7342460,23,1.5,
iclr-2026-9b8d9a086a72,HTqGE0KcuF,https://proceedings.iclr.cc/paper_files/paper/2026/file/ff2853ed92a6e6983ecccd9c922a42d2-Paper-Conference.pdf,corpus/pdfs/iclr-2026-9b8d9a086a72.pdf,verified,26053807,14,1.5,
iclr-2026-9ba8184b9ae8,P0GOk5wslg,https://proceedings.iclr.cc/paper_files/paper/2026/file/fb279d7a134ad6fead7953ac7fd77fc4-Paper-Conference.pdf,corpus/pdfs/iclr-2026-9ba8184b9ae8.pdf,verified,1427747,24,1.5,
iclr-2026-9bfcc62a75a1,KYdfvF2SZN,https://proceedings.iclr.cc/paper_files/paper/2026/file/f6fbaf131fa71b036d7b8c49379f3af4-Paper-Conference.pdf,corpus/pdfs/iclr-2026-9bfcc62a75a1.pdf,verified,4757628,22,1.5,
iclr-2026-9d74a65ca00d,vnipyA8c9V,https://proceedings.iclr.cc/paper_files/paper/2026/file/864d824058f11e1931b2cbef549ead2d-Paper-Conference.pdf,corpus/pdfs/iclr-2026-9d74a65ca00d.pdf,verified,3690265,36,1.5,
iclr-2026-9dbde6327464,88ZLp7xYxw,https://proceedings.iclr.cc/paper_files/paper/2026/file/8dea30350a2d80e41125720356299a0d-Paper-Conference.pdf,corpus/pdfs/iclr-2026-9dbde6327464.pdf,verified,1862335,25,1.5,
iclr-2026-9e0bce3067c2,bt4Ahpemmi,https://proceedings.iclr.cc/paper_files/paper/2026/file/a80188f9b1246d4b95d396165cf99207-Paper-Conference.pdf,corpus/pdfs/iclr-2026-9e0bce3067c2.pdf,verified,563030,29,1.5,
iclr-2026-9f44d179b34e,PJdw4VBsXD,https://proceedings.iclr.cc/paper_files/paper/2026/file/447494b03345309e0ce196c78c7e5c83-Paper-Conference.pdf,corpus/pdfs/iclr-2026-9f44d179b34e.pdf,verified,2012192,40,1.5,
iclr-2026-a15993a7b6c3,FihSkzyxdv,https://proceedings.iclr.cc/paper_files/paper/2026/file/a473664dcd474b42147dd35a76311631-Paper-Conference.pdf,corpus/pdfs/iclr-2026-a15993a7b6c3.pdf,verified,1265488,22,1.5,
iclr-2026-a1f7323896ce,ck0aZTAnwK,https://proceedings.iclr.cc/paper_files/paper/2026/file/79682ef54677a2cb3dfb8383b372037f-Paper-Conference.pdf,corpus/pdfs/iclr-2026-a1f7323896ce.pdf,verified,6543301,41,1.5,
iclr-2026-a2b879220593,Oyfz6G0hmc,https://proceedings.iclr.cc/paper_files/paper/2026/file/7a8d03dfe3c0b10f3d418b791c46c918-Paper-Conference.pdf,corpus/pdfs/iclr-2026-a2b879220593.pdf,verified,1421804,16,1.5,
iclr-2026-a360ac840b2a,lAlI5FuIf7,https://proceedings.iclr.cc/paper_files/paper/2026/file/cdc1d08ee82d4818758d229abb7f1ce8-Paper-Conference.pdf,corpus/pdfs/iclr-2026-a360ac840b2a.pdf,verified,8694287,46,1.5,
iclr-2026-a37c7c0458c3,EQhUvWH78U,https://proceedings.iclr.cc/paper_files/paper/2026/file/2720270c315bd769b1ecb8513f865c1c-Paper-Conference.pdf,corpus/pdfs/iclr-2026-a37c7c0458c3.pdf,verified,10187439,46,1.7,
iclr-2026-a3ff676bae31,DkHt2K1g2Y,https://proceedings.iclr.cc/paper_files/paper/2026/file/a66caa1703fe34705a4368c3014c1966-Paper-Conference.pdf,corpus/pdfs/iclr-2026-a3ff676bae31.pdf,verified,5877246,19,1.5,
iclr-2026-a52a988a4775,FnaDv6SMd9,https://proceedings.iclr.cc/paper_files/paper/2026/file/65798a76cc176c29b6bfefe84b0a03ff-Paper-Conference.pdf,corpus/pdfs/iclr-2026-a52a988a4775.pdf,verified,2383903,43,1.5,
iclr-2026-a58db1cc65db,xBW2FIfswU,https://proceedings.iclr.cc/paper_files/paper/2026/file/702b67152ec4435795f681865b67999c-Paper-Conference.pdf,corpus/pdfs/iclr-2026-a58db1cc65db.pdf,verified,6788046,29,1.5,
iclr-2026-a60437a1dcad,1448q0s3zZ,https://proceedings.iclr.cc/paper_files/paper/2026/file/b4ec8a0ae0373d694dc8529ca523e9a9-Paper-Conference.pdf,corpus/pdfs/iclr-2026-a60437a1dcad.pdf,verified,988974,27,1.5,
iclr-2026-a6ddc629568b,VKGTGGcwl6,https://proceedings.iclr.cc/paper_files/paper/2026/file/59f6421e64707225fdf5b28840679a07-Paper-Conference.pdf,corpus/pdfs/iclr-2026-a6ddc629568b.pdf,verified,1876351,41,1.5,
iclr-2026-a8e7c788acec,LMsdys7t1L,https://proceedings.iclr.cc/paper_files/paper/2026/file/aebbbfa9680eafefd43a0edc85c101f9-Paper-Conference.pdf,corpus/pdfs/iclr-2026-a8e7c788acec.pdf,verified,1234110,18,1.5,
iclr-2026-a9967117d305,oIdzliJAeA,https://proceedings.iclr.cc/paper_files/paper/2026/file/9cc31843e462534ea65c8edfe85741c2-Paper-Conference.pdf,corpus/pdfs/iclr-2026-a9967117d305.pdf,verified,337969,22,1.5,
iclr-2026-aa041113be40,6cEPDGaShH,https://proceedings.iclr.cc/paper_files/paper/2026/file/30b2a2b096515f6ed3f50bc1d3abfcde-Paper-Conference.pdf,corpus/pdfs/iclr-2026-aa041113be40.pdf,verified,6102343,30,1.5,
iclr-2026-ab553a040c74,vLFqOoMBol,https://proceedings.iclr.cc/paper_files/paper/2026/file/4c980341a65edf17e4111ccfda5bc0e9-Paper-Conference.pdf,corpus/pdfs/iclr-2026-ab553a040c74.pdf,verified,454719,17,1.7,
iclr-2026-ac7703f2b4ec,XOPH34Extq,https://proceedings.iclr.cc/paper_files/paper/2026/file/447ac93bf22099aa346a45577376492d-Paper-Conference.pdf,corpus/pdfs/iclr-2026-ac7703f2b4ec.pdf,verified,2317204,63,1.5,
iclr-2026-ad169dbf3cb7,RtS4UqSmNt,https://proceedings.iclr.cc/paper_files/paper/2026/file/3a807a9e00552b5883e7417ff97fa4e8-Paper-Conference.pdf,corpus/pdfs/iclr-2026-ad169dbf3cb7.pdf,verified,1534116,38,1.5,
iclr-2026-ae0032bc4341,G3uNHQpP7J,https://proceedings.iclr.cc/paper_files/paper/2026/file/3e9dfea4bb53006684177ba49ac11ec7-Paper-Conference.pdf,corpus/pdfs/iclr-2026-ae0032bc4341.pdf,verified,12907283,41,1.5,
iclr-2026-af6a7ff26bd9,hXNApWLBZG,https://proceedings.iclr.cc/paper_files/paper/2026/file/73bda9a20f6f9f6074ce822e76f126bb-Paper-Conference.pdf,corpus/pdfs/iclr-2026-af6a7ff26bd9.pdf,verified,2434636,29,1.5,
iclr-2026-b001d2f886cf,qNlTH4kYJZ,https://proceedings.iclr.cc/paper_files/paper/2026/file/4ae68faac832703b93c03887f28c6fbd-Paper-Conference.pdf,corpus/pdfs/iclr-2026-b001d2f886cf.pdf,verified,3619000,49,1.5,
iclr-2026-b022971d9f10,X9D5MVpPJ9,https://proceedings.iclr.cc/paper_files/paper/2026/file/56fbf5a2109a6c17372209c9fa698857-Paper-Conference.pdf,corpus/pdfs/iclr-2026-b022971d9f10.pdf,verified,2253422,40,1.5,
iclr-2026-b22813abf7f0,k5nIOvYGCL,https://proceedings.iclr.cc/paper_files/paper/2026/file/4264ee4376776907c0b87ed70b959585-Paper-Conference.pdf,corpus/pdfs/iclr-2026-b22813abf7f0.pdf,verified,5878805,29,1.5,
iclr-2026-b274ee453395,BVnIsh4Nz1,https://proceedings.iclr.cc/paper_files/paper/2026/file/e20a65c7308b7b94ed1178eebc45bf76-Paper-Conference.pdf,corpus/pdfs/iclr-2026-b274ee453395.pdf,verified,614538,36,1.5,
iclr-2026-b472690f7c76,HQcCd0laFq,https://proceedings.iclr.cc/paper_files/paper/2026/file/663ebbb266aec936d726fba950ca693a-Paper-Conference.pdf,corpus/pdfs/iclr-2026-b472690f7c76.pdf,verified,35843717,66,1.5,
iclr-2026-b7a66e10bf69,d7itDxMD1n,https://proceedings.iclr.cc/paper_files/paper/2026/file/ce9c51b6cb850e42c78b04f1b3a90b7d-Paper-Conference.pdf,corpus/pdfs/iclr-2026-b7a66e10bf69.pdf,verified,20823675,13,1.7,
iclr-2026-b879ca6dd1a4,BlSH7gNQSq,https://proceedings.iclr.cc/paper_files/paper/2026/file/4891a8027548eaeb10408f2b16907a83-Paper-Conference.pdf,corpus/pdfs/iclr-2026-b879ca6dd1a4.pdf,verified,1858174,22,1.5,
iclr-2026-b93abeea95e9,9gw03JpKK4,https://proceedings.iclr.cc/paper_files/paper/2026/file/c26a67e0470774df98c12480ec5d2d7b-Paper-Conference.pdf,corpus/pdfs/iclr-2026-b93abeea95e9.pdf,verified,3854122,32,1.5,
iclr-2026-bc1924dfd300,3VdSuh3sie,https://proceedings.iclr.cc/paper_files/paper/2026/file/ab435f7130455143fd9489f389777552-Paper-Conference.pdf,corpus/pdfs/iclr-2026-bc1924dfd300.pdf,verified,6178470,60,1.5,
iclr-2026-bda9d701bb22,Ae4eZpkXBX,https://proceedings.iclr.cc/paper_files/paper/2026/file/9741242531c51c65aada05b5cb6d5c33-Paper-Conference.pdf,corpus/pdfs/iclr-2026-bda9d701bb22.pdf,verified,1492357,43,1.5,
iclr-2026-bdf44f310e82,bFYfV6c9zu,https://proceedings.iclr.cc/paper_files/paper/2026/file/d66ccb30875ae43e87f6afa5640d9585-Paper-Conference.pdf,corpus/pdfs/iclr-2026-bdf44f310e82.pdf,verified,4888161,19,1.5,
iclr-2026-be5b1d259689,JEGDp1E4OH,https://proceedings.iclr.cc/paper_files/paper/2026/file/0d46e6f166d05ce51bad7fa42ad9cdd5-Paper-Conference.pdf,corpus/pdfs/iclr-2026-be5b1d259689.pdf,verified,4091449,35,1.5,
iclr-2026-c11647c08e80,mA78uXqcnl,https://proceedings.iclr.cc/paper_files/paper/2026/file/5ff7b1f30e0caf3cc0b2fbfd4d7ebdd4-Paper-Conference.pdf,corpus/pdfs/iclr-2026-c11647c08e80.pdf,verified,2426274,33,1.5,
iclr-2026-c4edcf1a7617,AUXvYQlQLZ,https://proceedings.iclr.cc/paper_files/paper/2026/file/b6494b9e8d16b789526c7a69ad807870-Paper-Conference.pdf,corpus/pdfs/iclr-2026-c4edcf1a7617.pdf,verified,744239,69,1.5,
iclr-2026-c4f15a7f203b,AZ6lqcvHLX,https://proceedings.iclr.cc/paper_files/paper/2026/file/53fe824f289060ce705ed7c01dae59d2-Paper-Conference.pdf,corpus/pdfs/iclr-2026-c4f15a7f203b.pdf,verified,9896734,27,1.5,
iclr-2026-c5caee9922e5,symgW6FhA6,https://proceedings.iclr.cc/paper_files/paper/2026/file/f9a2243223a8d325008b642ea7a2c254-Paper-Conference.pdf,corpus/pdfs/iclr-2026-c5caee9922e5.pdf,verified,3108455,29,1.5,
iclr-2026-c60a0990f8ab,0nvQ5kHXf4,https://proceedings.iclr.cc/paper_files/paper/2026/file/80a3e084ea06328d59a8a160c5265d02-Paper-Conference.pdf,corpus/pdfs/iclr-2026-c60a0990f8ab.pdf,verified,4665610,21,1.5,
iclr-2026-c6856f20a2f5,t38nZqqi3Z,https://proceedings.iclr.cc/paper_files/paper/2026/file/71d72e73b9e0c8a5cabf5e8da6689c8c-Paper-Conference.pdf,corpus/pdfs/iclr-2026-c6856f20a2f5.pdf,verified,2606341,36,1.7,
iclr-2026-c9604bfa6042,T0EiEuhOOL,https://proceedings.iclr.cc/paper_files/paper/2026/file/821d20219c2f14850af1b5220f0ed13f-Paper-Conference.pdf,corpus/pdfs/iclr-2026-c9604bfa6042.pdf,verified,372255,31,1.5,
iclr-2026-cc954459cb2f,vebqP5aioj,https://proceedings.iclr.cc/paper_files/paper/2026/file/6c3490b3616832331d4e2224bb6414c2-Paper-Conference.pdf,corpus/pdfs/iclr-2026-cc954459cb2f.pdf,verified,519066,31,1.5,
iclr-2026-cd20d8dca8bb,T5wkZJqzkz,https://proceedings.iclr.cc/paper_files/paper/2026/file/ee5f133b91392345087a2ec7e0ed44d1-Paper-Conference.pdf,corpus/pdfs/iclr-2026-cd20d8dca8bb.pdf,verified,1486078,32,1.5,
iclr-2026-cdc551019493,MraQM41SNS,https://proceedings.iclr.cc/paper_files/paper/2026/file/9dc72fd18cdd0bfbf0876ef58a86efef-Paper-Conference.pdf,corpus/pdfs/iclr-2026-cdc551019493.pdf,verified,2566512,38,1.7,
iclr-2026-ced84acacce8,0jHyEKHDyx,https://proceedings.iclr.cc/paper_files/paper/2026/file/733209a1f12071a7ec979e8ffaeb1d99-Paper-Conference.pdf,corpus/pdfs/iclr-2026-ced84acacce8.pdf,verified,49594275,24,1.5,
iclr-2026-cf47de43dda1,Y9UAgPehqo,https://proceedings.iclr.cc/paper_files/paper/2026/file/e440aff7f4879b6713867d22c5ec3958-Paper-Conference.pdf,corpus/pdfs/iclr-2026-cf47de43dda1.pdf,verified,28309320,21,1.5,
iclr-2026-d2112f671397,cSDXx8V6K9,https://proceedings.iclr.cc/paper_files/paper/2026/file/fa86a9c7b9f341716ccb679d1aeb9afa-Paper-Conference.pdf,corpus/pdfs/iclr-2026-d2112f671397.pdf,verified,21286228,26,1.5,
iclr-2026-d2980db3977d,BjElYlJKMj,https://proceedings.iclr.cc/paper_files/paper/2026/file/9d8839df0c63264499e689f74204ca3f-Paper-Conference.pdf,corpus/pdfs/iclr-2026-d2980db3977d.pdf,verified,40404137,39,1.5,
iclr-2026-d4e9ae92e1bd,PO2iULmu5e,https://proceedings.iclr.cc/paper_files/paper/2026/file/687dbd7c53fcc832aef19cbd4ad3fcc6-Paper-Conference.pdf,corpus/pdfs/iclr-2026-d4e9ae92e1bd.pdf,verified,3045778,41,1.5,
iclr-2026-d548949c4ba4,VdLEaGPYWT,https://proceedings.iclr.cc/paper_files/paper/2026/file/32400dbdd8b99abe47a49e43dcb1fcf5-Paper-Conference.pdf,corpus/pdfs/iclr-2026-d548949c4ba4.pdf,verified,3425601,38,1.7,
iclr-2026-d74ccc289d8b,8bM7MkxJee,https://proceedings.iclr.cc/paper_files/paper/2026/file/f37e77e8155b6baaab5e229914041838-Paper-Conference.pdf,corpus/pdfs/iclr-2026-d74ccc289d8b.pdf,verified,6384199,23,1.5,
iclr-2026-d7df969d4dfc,HhThhjKyfw,https://proceedings.iclr.cc/paper_files/paper/2026/file/da07cfa60cc883c5ee94ba899383bb6d-Paper-Conference.pdf,corpus/pdfs/iclr-2026-d7df969d4dfc.pdf,verified,1563539,29,1.5,
iclr-2026-d8ed6882cb29,sC6A1bFDUt,https://proceedings.iclr.cc/paper_files/paper/2026/file/613c72b51ebd8f44cd4126252348c624-Paper-Conference.pdf,corpus/pdfs/iclr-2026-d8ed6882cb29.pdf,verified,1809036,36,1.5,
iclr-2026-d930d9c23cc7,7WdY3Cojy9,https://proceedings.iclr.cc/paper_files/paper/2026/file/39781da4b5d05bc2908ce08e43bc6404-Paper-Conference.pdf,corpus/pdfs/iclr-2026-d930d9c23cc7.pdf,verified,37142841,72,1.5,
iclr-2026-d99017a21fe7,g88nt4ieTG,https://proceedings.iclr.cc/paper_files/paper/2026/file/daadbff4d4ea884ca3d9d389a1dfc61c-Paper-Conference.pdf,corpus/pdfs/iclr-2026-d99017a21fe7.pdf,verified,901192,19,1.5,
iclr-2026-db71b40c7495,sjnErRHXf3,https://proceedings.iclr.cc/paper_files/paper/2026/file/196c8da9209b1977408d8771c4e7ee56-Paper-Conference.pdf,corpus/pdfs/iclr-2026-db71b40c7495.pdf,verified,37312549,22,1.5,
iclr-2026-dba10825e0af,1J63FJYJKg,https://proceedings.iclr.cc/paper_files/paper/2026/file/69413f87e5a34897cd010ca698097d0a-Paper-Conference.pdf,corpus/pdfs/iclr-2026-dba10825e0af.pdf,verified,5869158,16,1.5,
iclr-2026-dc06dcfe9933,gpsczXOsHn,https://proceedings.iclr.cc/paper_files/paper/2026/file/83995c2acef585ae0f0d647154cfdd85-Paper-Conference.pdf,corpus/pdfs/iclr-2026-dc06dcfe9933.pdf,verified,2602550,34,1.5,
iclr-2026-dc7ecb0275a2,PDBBYwd1LY,https://proceedings.iclr.cc/paper_files/paper/2026/file/8e5f0591943d8dae5702af12dcdcd2f6-Paper-Conference.pdf,corpus/pdfs/iclr-2026-dc7ecb0275a2.pdf,verified,2153646,29,1.5,
iclr-2026-dc9602f1f663,gdZ6J5hZzF,https://proceedings.iclr.cc/paper_files/paper/2026/file/2af179e30c16f3a6d44311adbb5ec63f-Paper-Conference.pdf,corpus/pdfs/iclr-2026-dc9602f1f663.pdf,verified,1531114,37,1.7,
iclr-2026-ddc69d973093,0FJYicpOj0,https://proceedings.iclr.cc/paper_files/paper/2026/file/c83d21e25c0ef648d2cfbed8a63ceaa0-Paper-Conference.pdf,corpus/pdfs/iclr-2026-ddc69d973093.pdf,verified,2761172,38,1.5,
iclr-2026-de09352af556,kMuQBgPIdg,https://proceedings.iclr.cc/paper_files/paper/2026/file/1e0334fca3cd3c0a41bec242d1712ae8-Paper-Conference.pdf,corpus/pdfs/iclr-2026-de09352af556.pdf,verified,8573735,32,1.5,
iclr-2026-dedfde9d7c99,wsnse46kRO,https://proceedings.iclr.cc/paper_files/paper/2026/file/3de60dc2ff7ac8866e805bbf457e2291-Paper-Conference.pdf,corpus/pdfs/iclr-2026-dedfde9d7c99.pdf,verified,25818419,34,1.5,
iclr-2026-df25bb895158,h06l9w1clt,https://proceedings.iclr.cc/paper_files/paper/2026/file/02687e7b22abc64e651be8da74ec610e-Paper-Conference.pdf,corpus/pdfs/iclr-2026-df25bb895158.pdf,verified,18681888,24,1.5,
iclr-2026-df99a0fdd618,blJXE07r7I,https://proceedings.iclr.cc/paper_files/paper/2026/file/ddde1b5ea09ec7f4a95352b82ec14979-Paper-Conference.pdf,corpus/pdfs/iclr-2026-df99a0fdd618.pdf,verified,14101404,22,1.5,
iclr-2026-dff0527cb8cf,MS9nWFY7LG,https://proceedings.iclr.cc/paper_files/paper/2026/file/372dee09e0c3c17df69d990b4735adac-Paper-Conference.pdf,corpus/pdfs/iclr-2026-dff0527cb8cf.pdf,verified,2447930,26,1.5,
iclr-2026-e17153a60ea0,9jdQLmPUHW,https://proceedings.iclr.cc/paper_files/paper/2026/file/ca7355ce51a94e905d2c7f2b7c84e17d-Paper-Conference.pdf,corpus/pdfs/iclr-2026-e17153a60ea0.pdf,verified,4683611,24,1.5,
iclr-2026-e1a9ba1aaa5a,7cMzTpbJHC,https://proceedings.iclr.cc/paper_files/paper/2026/file/bfcb583d225b1db8d3ca2331f6785774-Paper-Conference.pdf,corpus/pdfs/iclr-2026-e1a9ba1aaa5a.pdf,verified,2564024,42,1.5,
iclr-2026-e2319e47dab2,EJ680UQeZG,https://proceedings.iclr.cc/paper_files/paper/2026/file/66ba03db7e50b5db5593fe759527a74f-Paper-Conference.pdf,corpus/pdfs/iclr-2026-e2319e47dab2.pdf,verified,6402956,47,1.5,
iclr-2026-e55f9b314b4c,vH7OAPZ2dR,https://proceedings.iclr.cc/paper_files/paper/2026/file/ad6ac52e02e14e0f2ddc0d4587ab47f1-Paper-Conference.pdf,corpus/pdfs/iclr-2026-e55f9b314b4c.pdf,verified,43115361,35,1.5,
iclr-2026-e6952544908b,TLSUIyBIfs,https://proceedings.iclr.cc/paper_files/paper/2026/file/4a765a1bbf8332154e58bf452fbf806c-Paper-Conference.pdf,corpus/pdfs/iclr-2026-e6952544908b.pdf,verified,599758,39,1.5,
iclr-2026-e7be893c9452,ZymCPON45y,https://proceedings.iclr.cc/paper_files/paper/2026/file/a3de07848adb9a0df1c6d4ba5cdbfa88-Paper-Conference.pdf,corpus/pdfs/iclr-2026-e7be893c9452.pdf,verified,5341804,19,1.5,
iclr-2026-e7ef44128dd8,aJJppqAm6r,https://proceedings.iclr.cc/paper_files/paper/2026/file/1e6fc78a7c82d6f3933150d6b14f6e7b-Paper-Conference.pdf,corpus/pdfs/iclr-2026-e7ef44128dd8.pdf,verified,9129754,17,1.5,
iclr-2026-e87e18e18569,YuxgSGFaqb,https://proceedings.iclr.cc/paper_files/paper/2026/file/a128e43ed4708862aec51549b0050fc6-Paper-Conference.pdf,corpus/pdfs/iclr-2026-e87e18e18569.pdf,verified,1037338,29,1.5,
iclr-2026-e943a2f002d1,TsdlOjcQNu,https://proceedings.iclr.cc/paper_files/paper/2026/file/2a10ddb2917aa396d050cf63bb3e1b36-Paper-Conference.pdf,corpus/pdfs/iclr-2026-e943a2f002d1.pdf,verified,3223074,23,1.5,
iclr-2026-eadaf839df8b,QMItTyQW92,https://proceedings.iclr.cc/paper_files/paper/2026/file/e546ce4230c15bc422a500bb47b341ea-Paper-Conference.pdf,corpus/pdfs/iclr-2026-eadaf839df8b.pdf,verified,3731818,13,1.5,
iclr-2026-eaddcd3c59f8,A4Us8jxVGq,https://proceedings.iclr.cc/paper_files/paper/2026/file/fd4e8712bc4aaa97cc51cf93ffe2366d-Paper-Conference.pdf,corpus/pdfs/iclr-2026-eaddcd3c59f8.pdf,verified,1043834,39,1.5,
iclr-2026-eb4983c11917,pfw176o1YJ,https://proceedings.iclr.cc/paper_files/paper/2026/file/637b275a6e65924719198188fc939632-Paper-Conference.pdf,corpus/pdfs/iclr-2026-eb4983c11917.pdf,verified,1219175,31,1.5,
iclr-2026-edb3c5ce0bd4,VJZ477R89F,https://proceedings.iclr.cc/paper_files/paper/2026/file/d8e68ddfe22520b45b8fb8d5cbde5a21-Paper-Conference.pdf,corpus/pdfs/iclr-2026-edb3c5ce0bd4.pdf,verified,2062278,22,1.5,
iclr-2026-edc492aa1d18,2eAGrunxVz,https://proceedings.iclr.cc/paper_files/paper/2026/file/bb97e9a7c811904c9b01f51fde66edcf-Paper-Conference.pdf,corpus/pdfs/iclr-2026-edc492aa1d18.pdf,verified,5867842,33,1.5,
iclr-2026-ee69851b0726,CfZLxT3zIZ,https://proceedings.iclr.cc/paper_files/paper/2026/file/8a47999fdfecfd0ab2730487d87b0b47-Paper-Conference.pdf,corpus/pdfs/iclr-2026-ee69851b0726.pdf,verified,4147520,33,1.5,
iclr-2026-f34826d49cba,yBpzF8hp3J,https://proceedings.iclr.cc/paper_files/paper/2026/file/e209210eae282e23e305df49fbb2769c-Paper-Conference.pdf,corpus/pdfs/iclr-2026-f34826d49cba.pdf,verified,3784812,27,1.5,
iclr-2026-f37e773ebaa6,URbsHlTK8c,https://proceedings.iclr.cc/paper_files/paper/2026/file/666dd0d92a64396e753c691db93493d4-Paper-Conference.pdf,corpus/pdfs/iclr-2026-f37e773ebaa6.pdf,verified,25945440,24,1.5,
iclr-2026-f448909bdd66,v1DKz5Vxr7,https://proceedings.iclr.cc/paper_files/paper/2026/file/0cece806cd3d1dfad4a893f016ad3d7d-Paper-Conference.pdf,corpus/pdfs/iclr-2026-f448909bdd66.pdf,verified,25305040,26,1.5,
iclr-2026-f607079c6de9,2IftRjRB07,https://proceedings.iclr.cc/paper_files/paper/2026/file/0796c8296d24cf17398550a82311bb53-Paper-Conference.pdf,corpus/pdfs/iclr-2026-f607079c6de9.pdf,verified,48392443,23,1.5,
iclr-2026-f63ee6bf1935,ObFVZGnSFN,https://proceedings.iclr.cc/paper_files/paper/2026/file/d98405b2aff29aef4b4b92a42559478e-Paper-Conference.pdf,corpus/pdfs/iclr-2026-f63ee6bf1935.pdf,verified,7958460,15,1.5,
iclr-2026-f692539dc115,v2PglvLLKT,https://proceedings.iclr.cc/paper_files/paper/2026/file/ec1ba7d8051b740b3ea54eb0c98efdbc-Paper-Conference.pdf,corpus/pdfs/iclr-2026-f692539dc115.pdf,verified,18961769,47,1.5,
iclr-2026-f6e38420062e,cDc95lucVL,https://proceedings.iclr.cc/paper_files/paper/2026/file/23fcc63005ac1a6e460ec4e209d17607-Paper-Conference.pdf,corpus/pdfs/iclr-2026-f6e38420062e.pdf,verified,726664,27,1.5,
iclr-2026-f8c3d1a8ada1,IZHk6BXBST,https://proceedings.iclr.cc/paper_files/paper/2026/file/eb9b18ccb76a1156af5779ffdca1d91f-Paper-Conference.pdf,corpus/pdfs/iclr-2026-f8c3d1a8ada1.pdf,verified,2408216,23,1.5,
iclr-2026-f8e4a5a7c8ab,Ml8t8kQMUP,https://proceedings.iclr.cc/paper_files/paper/2026/file/dd92841735858d7ca95943e7d806af43-Paper-Conference.pdf,corpus/pdfs/iclr-2026-f8e4a5a7c8ab.pdf,verified,4704592,48,1.5,
iclr-2026-f8f364a44221,7xjoTuaNmN,https://proceedings.iclr.cc/paper_files/paper/2026/file/b010241b9f1cdfc7d4c392db899cef86-Paper-Conference.pdf,corpus/pdfs/iclr-2026-f8f364a44221.pdf,verified,1322610,72,1.5,
iclr-2026-fac989b896c5,tG6301ORHd,https://proceedings.iclr.cc/paper_files/paper/2026/file/e79c09f39aca8507f527daad3601b3aa-Paper-Conference.pdf,corpus/pdfs/iclr-2026-fac989b896c5.pdf,verified,1049032,21,1.5,
iclr-2026-fb08cee992a1,ZgCCDwcGwn,https://proceedings.iclr.cc/paper_files/paper/2026/file/1571ce1ff735be4551db50887043726e-Paper-Conference.pdf,corpus/pdfs/iclr-2026-fb08cee992a1.pdf,verified,12247788,43,1.5,
iclr-2026-fd78f005be2e,kpLRYtPGt3,https://proceedings.iclr.cc/paper_files/paper/2026/file/a9456f2962b306f99be4a0f99448df4b-Paper-Conference.pdf,corpus/pdfs/iclr-2026-fd78f005be2e.pdf,verified,42484040,57,1.5,
iclr-2026-fdf9a5fa8f55,0wSlFpMsGb,https://proceedings.iclr.cc/paper_files/paper/2026/file/2b5c5689fae6fa9a4883e73e511d52c8-Paper-Conference.pdf,corpus/pdfs/iclr-2026-fdf9a5fa8f55.pdf,verified,919220,34,1.5,
iclr-2026-fe86008e62d4,yRtgZ1K8hO,https://proceedings.iclr.cc/paper_files/paper/2026/file/df88b275bef31ac96c85f0c4013734fc-Paper-Conference.pdf,corpus/pdfs/iclr-2026-fe86008e62d4.pdf,verified,1095706,38,1.5,
iclr-2026-ff40de6c7ac1,ItFuNJQGH4,https://proceedings.iclr.cc/paper_files/paper/2026/file/c2366657bff61d33c048c92972b19369-Paper-Conference.pdf,corpus/pdfs/iclr-2026-ff40de6c7ac1.pdf,verified,15801258,44,1.5,
