paper_id,pdf_pages,main_end_page_provisional,appendix_start_page_provisional,total_words,main_words_provisional,appendix_words_provisional,figure_captions,table_captions,algorithm_captions,numbered_equations_provisional,theorem_items,limitation_mentions_main,status,error
icml-2026-00a57c8b6720,109,27,31,27229,5870,19761,16,19,1,89,12,0,measured,
icml-2026-00ddcd8ae23e,16,16,11,8384,8384,2183,5,8,0,2,0,1,measured,
icml-2026-01423817c82b,22,22,12,9427,9427,2657,5,11,1,0,0,1,measured,
icml-2026-02490b537c11,28,14,,8680,5431,0,11,1,0,86,28,0,measured,
icml-2026-03086fac4208,27,27,11,16021,16021,9159,4,11,0,9,1,7,measured,
icml-2026-034253140d67,23,9,11,13024,6541,5924,7,0,2,50,0,3,measured,
icml-2026-035f123955bc,36,36,9,17557,17557,12586,19,12,0,22,0,2,measured,
icml-2026-03a7b06520cb,74,74,11,38304,38304,31917,44,14,0,0,0,4,measured,
icml-2026-0464ef6a908d,26,26,10,10402,10402,5158,11,9,4,13,0,1,measured,
icml-2026-04bbaafea24f,29,29,12,15407,15407,7432,24,14,0,2,0,4,measured,
icml-2026-0508e79c0569,26,26,3,12579,12579,11195,12,8,0,12,17,9,measured,
icml-2026-05684bfe186e,15,15,10,8481,8481,3256,3,8,0,9,0,1,measured,
icml-2026-05b8d6c5b8df,30,30,10,13945,13945,7510,24,2,0,5,0,4,measured,
icml-2026-06065602fac9,40,9,,15023,5109,0,34,18,1,11,0,1,measured,
icml-2026-06495db53224,33,33,10,12863,12863,7107,10,10,1,11,22,2,measured,
icml-2026-0669e06a3d45,16,16,8,7407,7407,3177,4,2,2,12,0,3,measured,
icml-2026-07e2bc33888c,31,31,13,14157,14157,5897,31,2,0,5,0,6,measured,
icml-2026-0819f1196ec4,38,38,,14152,14152,0,22,3,0,1,0,3,measured,
icml-2026-084c5bebf5f4,25,8,10,10629,4622,5354,9,22,0,16,0,0,measured,
icml-2026-086aeb4065d1,32,32,9,14319,14319,9541,7,19,1,99,15,2,measured,
icml-2026-0919bc1559c7,73,9,11,27386,5565,21263,17,9,0,356,51,1,measured,
icml-2026-091b0251fc42,56,9,11,26292,5916,19643,38,16,1,2,0,1,measured,
icml-2026-0948f78c58fc,23,23,11,9929,9929,4482,18,1,2,5,0,0,measured,
icml-2026-09fb1682663b,25,25,10,13210,13210,7299,12,14,1,15,0,4,measured,
icml-2026-0b0311665f87,24,8,10,13001,5114,5709,18,11,1,26,1,2,measured,
icml-2026-0b462613ab73,23,13,15,8673,4601,3512,17,5,1,2,0,3,measured,
icml-2026-0de91c17c75a,20,20,14,9727,9727,2836,13,2,2,3,2,3,measured,
icml-2026-0fb519b42a83,42,9,12,14959,5510,8320,13,10,1,91,20,1,measured,
icml-2026-114dd793a5be,30,30,10,11015,11015,4544,15,9,1,5,0,1,measured,
icml-2026-118c7720666f,47,10,14,18793,5493,12346,10,4,0,0,0,0,measured,
icml-2026-121abf6fcacd,30,30,11,13235,13235,6764,10,3,0,4,22,5,measured,
icml-2026-124a926154b3,63,63,10,21226,21226,15553,42,15,4,5,0,6,measured,
icml-2026-12ceaf196f4d,13,13,10,6886,6886,1593,8,7,0,24,0,2,measured,
icml-2026-13200752b19d,27,27,10,10988,10988,6012,18,7,0,4,0,3,measured,
icml-2026-13bdb58c2806,16,16,10,8341,8341,2632,7,8,0,15,9,1,measured,
icml-2026-151a86dc690b,38,38,12,21720,21720,13879,3,2,2,28,76,2,measured,
icml-2026-159ec0c7baad,12,12,9,6720,6720,1749,5,5,0,8,0,0,measured,
icml-2026-176e8e5c1f17,33,33,12,15052,15052,8304,17,5,1,72,39,1,measured,
icml-2026-184e90336c6b,22,22,10,8552,8552,3227,19,7,1,8,0,5,measured,
icml-2026-18c88cc0c639,22,22,,10299,10299,0,6,3,1,5,0,1,measured,
icml-2026-198e036a099c,32,32,10,14992,14992,9078,23,0,0,18,12,0,measured,
icml-2026-19a2e9015c4e,50,50,13,21408,21408,13351,1,1,0,64,41,0,measured,
icml-2026-19ec66cff1c1,63,12,14,15829,5670,9782,65,9,6,47,18,2,measured,
icml-2026-1aa8c9aac09d,15,15,9,7404,7404,2477,9,4,1,8,0,3,measured,
icml-2026-1b1ded42d790,56,56,10,23519,23519,16940,12,4,3,234,49,8,measured,
icml-2026-1c5182bdf0c8,45,45,11,22845,22845,16791,5,14,0,14,0,5,measured,
icml-2026-1c5585368799,31,31,,13808,13808,0,8,9,1,17,0,3,measured,
icml-2026-1d1bed63da0f,31,31,10,14840,14840,8806,5,2,0,24,3,6,measured,
icml-2026-1d55d472edbc,29,29,11,16379,16379,8164,6,2,4,25,53,0,measured,
icml-2026-1dd36f9f16bb,24,24,11,11187,11187,4928,8,13,1,8,0,5,measured,
icml-2026-1dfcf4c8869d,25,25,10,14011,14011,7456,8,2,3,59,3,3,measured,
icml-2026-1e762aa63b55,24,24,10,9352,9352,3874,10,8,0,16,0,0,measured,
icml-2026-1ef10519dcd7,43,12,35,14928,5133,2986,0,0,3,43,35,0,measured,
icml-2026-1ef5bdceff1d,22,14,,9032,6003,0,11,8,0,6,0,0,measured,
icml-2026-1fdaa15e7b0b,16,16,,6950,6950,0,12,2,1,11,0,2,measured,
icml-2026-200867873dd3,69,69,10,31942,31942,26621,34,19,0,4,0,7,measured,
icml-2026-2040c2df2b3e,40,13,28,15913,6905,3869,14,3,0,7,61,1,measured,
icml-2026-20b0335cfe34,20,20,10,10924,10924,5175,7,14,3,5,0,4,measured,
icml-2026-20d3e7688c15,26,26,12,14028,14028,6959,8,6,1,3,7,5,measured,
icml-2026-21bf37d1d47a,22,22,4,10486,10486,8654,11,8,0,14,0,1,measured,
icml-2026-23321d3a925f,33,22,26,8536,4531,2682,9,2,1,15,13,1,measured,
icml-2026-2363a118a7b0,15,8,10,8382,5029,2670,4,2,1,13,4,3,measured,
icml-2026-2443ced8074b,27,9,11,11389,5338,5331,12,16,0,4,0,5,measured,
icml-2026-24962561cf8c,20,8,10,12102,5310,6105,4,15,0,13,0,1,measured,
icml-2026-252c5c5e1679,32,8,11,16960,5363,10296,13,3,0,77,10,2,measured,
icml-2026-25cc3c18ad40,39,11,14,15485,5871,8393,20,9,1,8,2,4,measured,
icml-2026-26bfc642d651,35,35,10,15624,15624,9949,20,7,0,39,37,1,measured,
icml-2026-26c4a1ae0a95,90,26,28,30560,12006,18149,35,4,0,7,2,4,measured,
icml-2026-27929b52d087,36,36,10,16705,16705,10292,4,33,0,3,0,1,measured,
icml-2026-2801956159d6,27,27,10,12519,12519,7097,11,6,0,60,17,10,measured,
icml-2026-284d82d0adf8,26,9,12,11444,5871,4314,16,12,2,15,0,3,measured,
icml-2026-288bb4a4bef3,40,40,5,13650,13650,11183,13,12,1,49,4,5,measured,
icml-2026-292637d13273,12,12,9,6874,6874,1998,3,4,1,5,0,2,measured,
icml-2026-299dc45fc0c0,30,30,3,14235,14235,12864,16,17,0,7,0,5,measured,
icml-2026-2a9d4f4caffe,52,8,10,21815,4960,16224,7,9,0,18,15,0,measured,
icml-2026-2ad3d0268b21,35,35,9,19662,19662,13873,9,9,3,90,34,1,measured,
icml-2026-2af9fa54bebf,21,8,10,10396,5350,4430,3,5,0,72,24,1,measured,
icml-2026-2b0091abd25f,19,11,13,9797,6530,2683,7,4,0,0,0,2,measured,
icml-2026-2b91f2863fcf,20,20,10,8245,8245,3550,5,11,1,29,0,4,measured,
icml-2026-2bc314697964,26,26,11,11125,11125,5508,9,15,0,1,0,5,measured,
icml-2026-2c66f6c44e3c,40,40,10,18933,18933,12918,7,3,0,12,59,1,measured,
icml-2026-2d22f08859e8,49,49,10,22612,22612,17037,28,10,0,3,0,2,measured,
icml-2026-2d43b3d2d091,32,32,10,16111,16111,9496,15,0,0,2,24,4,measured,
icml-2026-2d9f7740840d,20,20,11,10416,10416,3717,8,1,2,19,12,0,measured,
icml-2026-2df97d2fcf6e,22,8,10,11704,4987,6003,6,11,0,19,0,4,measured,
icml-2026-2f86e62602d3,30,14,,12006,7161,0,12,7,1,16,0,1,measured,
icml-2026-30a8fe529751,36,13,,17548,8609,0,9,16,4,8,43,1,measured,
icml-2026-315bbaf35118,20,9,,6812,3510,0,14,3,0,2,0,1,measured,
icml-2026-31faf5fd71a3,36,36,,14936,14936,0,17,4,0,12,38,1,measured,
icml-2026-32a8402c370d,35,35,7,13662,13662,9912,9,3,1,57,53,4,measured,
icml-2026-34d4c7f8eb09,33,33,10,18220,18220,12581,5,19,1,3,3,8,measured,
icml-2026-34e746a1b8e6,23,23,13,10975,10975,4077,4,1,2,58,12,1,measured,
icml-2026-35080f6649c7,18,18,11,9977,9977,2837,8,7,1,6,0,1,measured,
icml-2026-35879ec17414,20,20,7,9596,9596,5668,3,8,1,48,28,0,measured,
icml-2026-363522fbddf0,19,19,10,9564,9564,4211,8,4,1,13,0,7,measured,
icml-2026-372942196da1,20,20,12,10514,10514,3251,5,14,0,6,0,3,measured,
icml-2026-3745cbd71793,20,20,2,11466,11466,10853,11,15,0,14,4,2,measured,
icml-2026-388e7825c92c,29,12,18,12054,4939,4730,17,7,0,14,0,4,measured,
icml-2026-3963375f1cec,144,12,17,57384,6116,49611,9,0,4,15,15,1,measured,
icml-2026-3a7ae26a9ba6,33,9,11,16231,5409,10165,14,8,1,37,4,0,measured,
icml-2026-3a92024e6a99,31,9,12,12743,5041,6023,18,3,0,9,0,0,measured,
icml-2026-3b88c8953323,43,12,14,16466,5879,10142,0,0,3,39,64,1,measured,
icml-2026-3bd1041df69e,35,35,11,22746,22746,15758,12,17,0,13,0,5,measured,
icml-2026-3c58389759bc,16,8,10,9932,6385,2936,0,0,0,1,70,2,measured,
icml-2026-3c89dd7af496,38,38,10,17619,17619,11330,19,23,0,4,0,2,measured,
icml-2026-3cc0446c03c7,16,16,9,8148,8148,3235,8,3,0,3,12,3,measured,
icml-2026-3e02567cc8e4,29,29,11,14820,14820,7647,5,7,2,48,0,2,measured,
icml-2026-3e8b4390ae8f,26,26,11,13920,13920,7290,15,11,0,12,0,6,measured,
icml-2026-3ffe4a22c85f,33,24,,12486,8645,0,14,7,0,8,0,4,measured,
icml-2026-40532fb283ec,62,28,35,22177,11095,6962,30,19,0,5,0,5,measured,
icml-2026-4055417942f6,58,58,10,23874,23874,18370,8,9,2,8,8,3,measured,
icml-2026-4093d7db35be,19,8,10,11269,5445,5139,5,9,0,11,0,2,measured,
icml-2026-40e953c6f14e,40,10,16,13931,4730,7290,8,17,0,1,0,0,measured,
icml-2026-422971fda9c0,30,30,11,14454,14454,7737,19,14,0,0,0,3,measured,
icml-2026-42cbf99e9181,34,21,23,8977,4975,3305,11,5,1,21,7,3,measured,
icml-2026-42ee66aef03b,30,30,1,12780,12780,12780,17,2,0,90,4,0,measured,
icml-2026-443a0b72d82e,15,15,10,8050,8050,2727,7,5,0,0,0,3,measured,
icml-2026-447e2cef4c1c,25,11,13,9255,5405,3431,1,6,6,1,0,0,measured,
icml-2026-44a3f01fad2b,27,8,10,13889,5109,8103,18,7,1,25,0,3,measured,
icml-2026-44ab8a80df96,63,63,10,19984,19984,15148,34,19,2,14,0,8,measured,
icml-2026-44d93fac8702,22,9,11,11436,6137,4619,3,8,0,0,0,1,measured,
icml-2026-44fb3b3b59c9,39,39,4,18697,18697,16351,1,0,5,15,181,0,measured,
icml-2026-46fb4d724fea,26,26,10,9779,9779,4427,14,6,4,6,9,1,measured,
icml-2026-47bb248de469,58,58,12,22501,22501,16504,21,18,1,16,0,5,measured,
icml-2026-49747d596814,42,42,9,15488,15488,10835,29,4,0,3,11,3,measured,
icml-2026-4a40828465c6,21,13,16,10710,6166,3465,11,5,0,9,8,1,measured,
icml-2026-4a967e30d645,56,56,2,25110,25110,24696,10,11,0,2,0,3,measured,
icml-2026-4aace155a93b,47,47,5,17486,17486,14956,41,17,2,12,5,5,measured,
icml-2026-4c913b559e4e,17,8,,7863,4263,0,7,3,0,23,4,2,measured,
icml-2026-4c992fc2dfe8,17,10,14,7473,4674,1285,6,10,0,8,0,0,measured,
icml-2026-4d6c2cb26bf2,21,21,10,9867,9867,4449,6,11,1,33,4,1,measured,
icml-2026-4d6c3bd9ff61,27,27,3,14371,14371,13157,11,13,0,7,0,4,measured,
icml-2026-4ded9670bf3a,18,18,12,9976,9976,3022,2,11,0,6,0,0,measured,
icml-2026-4e1dcbf5b839,24,24,9,11986,11986,6800,9,13,0,14,0,3,measured,
icml-2026-4e78ab7d1dfe,17,17,9,10792,10792,4469,11,0,0,12,0,2,measured,
icml-2026-4e7a98266982,22,9,11,11148,6194,4318,8,7,0,42,19,6,measured,
icml-2026-4efe9cacfd48,40,10,13,13147,4771,7370,32,22,0,1,0,0,measured,
icml-2026-4f5bde46fdf3,39,12,17,14291,6986,5224,30,3,1,0,0,4,measured,
icml-2026-500e61245eb4,25,10,,9993,4766,0,4,0,1,19,73,0,measured,
icml-2026-506ffde361d0,33,13,15,9785,5306,4154,13,7,1,1,13,3,measured,
icml-2026-50f1418709c2,43,43,38,7473,7473,2670,6,8,0,25,2,2,measured,
icml-2026-527cefc6d8a3,26,26,10,13709,13709,7556,10,10,0,3,0,2,measured,
icml-2026-536d8d3e0efc,63,63,10,23616,23616,17204,8,4,2,286,59,0,measured,
icml-2026-5447d7f28a89,39,11,15,16625,6604,8693,2,0,1,0,118,0,measured,
icml-2026-564a3dd86281,22,14,,8364,4872,0,12,3,1,35,0,1,measured,
icml-2026-56538a37de2f,34,34,11,17082,17082,10716,6,12,0,19,0,12,measured,
icml-2026-5697d683bd86,28,28,10,11526,11526,6251,16,4,0,40,0,0,measured,
icml-2026-573d23de4999,18,18,13,10419,10419,3369,11,5,1,4,0,4,measured,
icml-2026-57c844fd0785,24,24,10,15525,15525,8306,5,2,2,4,29,0,measured,
icml-2026-57d6cc1a187d,26,11,17,10361,4463,3675,8,6,1,18,0,0,measured,
icml-2026-57e09ec1b6ac,24,9,11,11190,5226,5307,7,15,1,2,7,0,measured,
icml-2026-5826a275fa9d,27,27,3,15138,15138,13709,5,1,1,1,14,7,measured,
icml-2026-5850d950949c,23,9,11,8924,5179,3165,10,6,1,0,0,5,measured,
icml-2026-59c45a5f6aba,24,24,12,12839,12839,6070,14,11,0,8,0,2,measured,
icml-2026-59cc1ac2c245,30,30,10,8722,8722,4085,7,33,0,23,0,1,measured,
icml-2026-5c32262b3605,48,48,10,19973,19973,14057,1,70,0,17,0,1,measured,
icml-2026-5c32fb982ecb,25,8,10,12945,5568,6687,7,13,0,5,6,0,measured,
icml-2026-5cb9c5807bca,29,29,11,15280,15280,8284,11,8,0,20,0,2,measured,
icml-2026-5d3146110f97,26,8,10,14973,5705,8680,7,2,1,17,0,0,measured,
icml-2026-5e9fe0b20cf5,30,30,11,15141,15141,8213,4,6,0,48,9,7,measured,
icml-2026-5ec7c6f99a22,28,28,10,13165,13165,7843,14,8,0,23,0,2,measured,
icml-2026-5f89d3fc0227,22,22,9,10453,10453,5004,15,6,0,0,0,0,measured,
icml-2026-602a7888dcd7,59,11,17,18646,5644,11173,26,18,0,27,0,2,measured,
icml-2026-61770c018a24,41,41,24,12954,12954,7489,5,10,2,81,0,1,measured,
icml-2026-61bea4dcf717,34,34,11,16018,16018,9263,23,5,0,3,0,0,measured,
icml-2026-61bfbea19d98,24,24,9,12384,12384,6865,3,1,0,7,23,1,measured,
icml-2026-62892569b679,13,13,,5688,5688,0,7,3,0,4,0,0,measured,
icml-2026-62ced4455e6d,36,36,2,8637,8637,8087,10,7,1,14,0,4,measured,
icml-2026-64951680e1b2,19,19,10,9285,9285,3674,7,9,0,1,0,3,measured,
icml-2026-6549f20de4b2,18,8,10,8712,5113,3110,11,2,1,17,2,0,measured,
icml-2026-65a15e969ebf,27,27,9,12211,12211,7482,4,22,1,22,10,7,measured,
icml-2026-66be44847152,53,53,10,19800,19800,13853,31,12,0,58,1,1,measured,
icml-2026-67206cc61e49,53,53,10,25780,25780,19044,9,5,2,75,11,4,measured,
icml-2026-68a992b56313,23,17,19,8196,6765,1014,8,2,1,11,0,1,measured,
icml-2026-68ff68ff76e5,36,36,6,13253,13253,9882,8,2,0,191,20,1,measured,
icml-2026-693619b83fe6,33,8,10,12944,4775,7537,7,1,1,25,10,1,measured,
icml-2026-6994db2fc3ea,22,22,9,10932,10932,5855,11,7,2,15,0,12,measured,
icml-2026-69c5923aea42,59,59,11,20626,20626,14680,40,15,4,44,4,2,measured,
icml-2026-6b81cf37c92f,24,24,10,9912,9912,4876,9,5,0,21,0,4,measured,
icml-2026-6bfcccadc6fb,16,16,12,9761,9761,2237,6,3,0,9,11,3,measured,
icml-2026-6df720b26282,18,18,11,7800,7800,1888,4,10,1,5,12,0,measured,
icml-2026-6e19a47df68d,15,15,13,7769,7769,989,6,6,4,4,0,2,measured,
icml-2026-6ea1a94277f5,71,71,35,7944,7944,2420,4,12,0,7,0,2,measured,
icml-2026-6eba8070ab53,25,8,11,12016,4762,5861,9,10,1,6,0,3,measured,
icml-2026-6f365040e4e6,30,9,11,16803,8626,7475,12,19,4,31,0,4,measured,
icml-2026-700eda46acc8,23,23,3,11842,11842,10447,7,9,0,14,1,4,measured,
icml-2026-70644c74dad9,56,14,,19221,5626,0,2,0,0,32,77,3,measured,
icml-2026-71aafd259f47,39,8,11,15316,5719,8567,9,2,7,34,80,1,measured,
icml-2026-71db38223110,16,16,11,7591,7591,1369,10,1,0,13,0,6,measured,
icml-2026-7207f7ebdc88,19,19,11,10618,10618,4010,2,8,0,6,0,3,measured,
icml-2026-734764c3c087,15,9,11,6379,4954,766,10,3,1,15,0,3,measured,
icml-2026-73aeb387af05,37,8,12,13032,4560,6896,16,1,0,93,15,0,measured,
icml-2026-73ef6e227632,78,78,14,25583,25583,16916,3,21,2,3,0,2,measured,
icml-2026-751367a3472b,68,68,10,24897,24897,19289,17,5,0,48,12,2,measured,
icml-2026-7531b7c768a9,21,10,14,7863,4222,2426,15,4,0,13,0,1,measured,
icml-2026-756c559690e6,21,21,5,8585,8585,5947,13,6,1,0,0,6,measured,
icml-2026-7602cc728238,18,7,9,8092,4782,2864,8,1,0,23,19,0,measured,
icml-2026-766f08fead77,32,32,10,18617,18617,11423,15,7,1,20,2,0,measured,
icml-2026-772646de233c,20,20,9,9743,9743,4702,10,3,0,23,0,2,measured,
icml-2026-793074b963c3,13,13,10,6708,6708,1347,4,8,0,3,1,2,measured,
icml-2026-79491bf5691d,36,14,,10373,4558,0,0,0,0,59,89,0,measured,
icml-2026-7974658c8155,21,21,11,11499,11499,4724,14,11,0,4,0,1,measured,
icml-2026-79a1548ea681,32,10,15,11482,4172,5579,6,0,1,72,10,0,measured,
icml-2026-7b063fd9231e,41,41,3,14296,14296,12972,27,8,0,14,0,1,measured,
icml-2026-7b633e256d04,43,8,10,17142,5275,11138,10,8,1,2,0,0,measured,
icml-2026-7b93028651e3,24,24,10,10735,10735,5447,5,6,0,30,41,3,measured,
icml-2026-7ba2bba583f1,41,41,11,14858,14858,9318,6,33,0,5,0,12,measured,
icml-2026-7c993813ec1f,29,29,9,15831,15831,10761,8,20,0,0,0,3,measured,
icml-2026-7dbcf1d447c2,27,27,12,11058,11058,4062,10,10,1,7,4,0,measured,
icml-2026-7e53cec29a67,21,21,10,10965,10965,5236,7,5,0,19,0,5,measured,
icml-2026-7ea8d88b5578,19,8,10,10281,4735,4842,8,6,0,14,0,4,measured,
icml-2026-7f1780627873,19,11,13,8662,5620,2604,7,6,0,9,0,0,measured,
icml-2026-7fcd134424ed,50,50,2,19028,19028,18537,11,21,1,14,26,6,measured,
icml-2026-7fecf2ac6a0a,21,21,10,9620,9620,3636,12,0,3,6,2,3,measured,
icml-2026-80f2a71a76b0,54,20,22,27231,9119,17247,35,15,0,1,0,2,measured,
icml-2026-8145ae75dc99,71,71,10,34468,34468,27980,4,2,0,311,61,13,measured,
icml-2026-82cdee2ab49b,28,28,4,12365,12365,10327,2,5,2,6,0,0,measured,
icml-2026-830cf5c6dc89,22,14,,10716,7763,0,9,2,0,9,0,3,measured,
icml-2026-837bc96512c1,31,31,4,17097,17097,15064,7,9,0,2,13,0,measured,
icml-2026-848822e82cb0,32,32,11,13637,13637,7064,13,17,4,54,9,2,measured,
icml-2026-8532dc65041a,19,19,10,10101,10101,3925,5,3,0,2,13,7,measured,
icml-2026-860833b2a4ca,20,8,10,8333,5562,2025,14,6,0,5,0,0,measured,
icml-2026-866621127961,38,10,27,14532,4797,3865,12,10,0,8,13,2,measured,
icml-2026-873d3f234002,30,9,11,15295,5816,8856,3,10,0,41,4,2,measured,
icml-2026-87a216e14f5b,33,33,2,17937,17937,17492,4,26,2,10,0,3,measured,
icml-2026-87a620c72cf1,35,8,11,13255,5056,7297,4,0,0,59,29,1,measured,
icml-2026-88c918c2199e,43,43,10,19181,19181,13134,12,11,1,206,1,9,measured,
icml-2026-89a668d9565c,32,32,9,13992,13992,8946,5,3,0,0,0,1,measured,
icml-2026-8b03091f89eb,42,42,11,21786,21786,15036,2,8,0,91,10,3,measured,
icml-2026-8b03b70cd4c1,41,21,24,18774,9444,8119,31,6,0,7,0,2,measured,
icml-2026-8b22afb8c5ae,73,8,10,27338,5149,21430,5,0,0,136,85,3,measured,
icml-2026-8bb00fd38cab,30,30,5,15663,15663,12790,8,14,1,5,11,6,measured,
icml-2026-8bfa11813b0b,20,20,13,11001,11001,3298,4,18,0,19,0,2,measured,
icml-2026-8c4a48256331,36,9,11,16099,5362,10145,7,23,4,29,18,0,measured,
icml-2026-8c5d840a6793,18,8,10,8458,4631,3227,10,6,0,2,0,2,measured,
icml-2026-8d39ec884840,37,37,9,13487,13487,9123,4,28,0,4,0,2,measured,
icml-2026-8d4fe3397758,32,9,11,12548,5950,5984,5,11,0,1,0,2,measured,
icml-2026-8e2382f851ec,29,29,13,13358,13358,6106,9,13,3,41,28,1,measured,
icml-2026-8f659da6a963,21,21,9,9807,9807,5026,14,11,0,1,0,2,measured,
icml-2026-90d4d2923f6b,48,17,21,12910,5201,6697,20,20,1,1,21,2,measured,
icml-2026-919e927b988f,26,8,10,13316,4233,8468,10,7,3,19,0,0,measured,
icml-2026-91f43a15d47a,33,9,11,13661,5923,7054,18,11,0,2,1,1,measured,
icml-2026-92c2d1498431,13,13,6,9836,9836,5594,0,0,0,5,34,2,measured,
icml-2026-92e71f3d49f1,43,43,10,20782,20782,14216,9,7,2,137,1,2,measured,
icml-2026-9301311e9f7d,22,22,10,10416,10416,4694,10,11,0,0,0,6,measured,
icml-2026-937b02be12b8,22,22,9,11528,11528,6305,4,5,1,6,0,3,measured,
icml-2026-93cfe2002946,18,18,11,10028,10028,3043,2,5,0,9,7,1,measured,
icml-2026-93e4d45740d5,18,18,10,9450,9450,3874,6,10,1,9,0,2,measured,
icml-2026-9407bcbd715b,18,18,10,9118,9118,3309,1,7,1,50,10,3,measured,
icml-2026-942a8496990b,21,21,10,9921,9921,3782,7,4,0,16,26,4,measured,
icml-2026-95aeffad46bf,24,11,13,10875,5964,4674,2,0,1,15,23,1,measured,
icml-2026-95ba86b4f3a8,23,23,11,11903,11903,5526,11,3,2,1,51,3,measured,
icml-2026-95c954ca7cb0,20,20,11,10030,10030,3031,5,6,0,2,0,0,measured,
icml-2026-96a8b7cc5fdb,26,26,10,12203,12203,6381,4,18,1,11,0,2,measured,
icml-2026-97ca1f9966be,35,35,12,12860,12860,5874,12,7,9,2,58,2,measured,
icml-2026-98dff0c334b5,19,19,10,9325,9325,3716,11,4,0,1,0,0,measured,
icml-2026-9971a8e258f0,40,40,10,28128,28128,21829,12,11,0,11,1,2,measured,
icml-2026-9a86f611f34c,25,11,15,11529,6048,3780,4,2,2,104,29,1,measured,
icml-2026-9ab4cfd38016,21,9,11,9641,5305,3688,19,2,0,10,0,2,measured,
icml-2026-9adbcd2db476,22,22,9,9466,9466,4217,7,6,2,0,0,1,measured,
icml-2026-9b6c8d6d4102,42,42,9,18898,18898,13454,15,12,0,37,1,2,measured,
icml-2026-9b92ef157af2,50,50,10,16762,16762,11314,6,11,0,4,0,5,measured,
icml-2026-9c2ce0dc17ea,34,8,10,16214,4517,11044,15,15,2,12,0,2,measured,
icml-2026-9cf70f22a7ed,15,8,10,7972,4956,2378,5,10,1,12,0,1,measured,
icml-2026-9d68bf78764f,28,8,10,15420,6245,8464,3,1,0,7,63,2,measured,
icml-2026-9dd81d547b62,24,24,9,8322,8322,4019,14,8,0,22,0,2,measured,
icml-2026-9ea75995c17e,19,19,9,9033,9033,4125,6,4,0,8,0,1,measured,
icml-2026-9ec4f5dccf60,68,9,11,28914,6276,22046,43,3,0,95,50,1,measured,
icml-2026-a142c4cc8734,28,28,10,10724,10724,5616,9,5,2,70,15,3,measured,
icml-2026-a29f6cef150f,24,11,17,8836,4350,2668,10,11,0,1,0,0,measured,
icml-2026-a37ff37edaae,32,32,12,15189,15189,7762,3,2,7,15,88,0,measured,
icml-2026-a3c6273b0342,15,15,11,8137,8137,2211,5,10,0,5,0,2,measured,
icml-2026-a53de8003ce0,11,11,10,6417,6417,1323,7,3,0,2,0,2,measured,
icml-2026-a641b05d3bb6,47,47,11,21247,21247,14913,27,5,0,35,0,8,measured,
icml-2026-a6577855483d,36,9,14,12877,4376,7065,14,3,2,59,18,0,measured,
icml-2026-a7fa7ad5ba90,38,38,,17137,17137,0,7,23,1,16,0,4,measured,
icml-2026-a881acbf5610,31,31,1,12190,12190,12190,18,4,0,7,32,0,measured,
icml-2026-a8ceeadc41e6,70,14,16,33357,8854,24059,13,1,0,35,288,0,measured,
icml-2026-aa32a915a29e,25,10,14,10104,4860,4312,1,0,0,24,50,1,measured,
icml-2026-ac3a6718478b,42,11,,13707,4932,0,11,0,0,161,6,1,measured,
icml-2026-acf3876ac240,35,35,11,14189,14189,8466,16,11,0,5,0,1,measured,
icml-2026-ad7fc990a341,26,26,9,11481,11481,6174,10,0,0,2,39,0,measured,
icml-2026-ae45b30211b0,24,8,10,11483,5377,5529,8,0,0,22,31,0,measured,
icml-2026-af16737fa4ca,29,29,6,13296,13296,9730,5,2,0,78,16,0,measured,
icml-2026-af2978d50614,18,18,11,9105,9105,3075,2,9,0,14,14,0,measured,
icml-2026-af47ca83f13d,28,8,10,12962,4991,7290,22,5,0,1,2,2,measured,
icml-2026-af742bf6c364,21,9,11,10102,5555,3912,5,6,2,38,0,1,measured,
icml-2026-b10d86e27768,36,36,15,12818,12818,7271,6,13,0,34,0,3,measured,
icml-2026-b3271fb7e6fd,19,19,9,8796,8796,3892,5,9,0,2,0,4,measured,
icml-2026-b336c2c34a60,24,24,14,11149,11149,4170,12,2,0,5,0,1,measured,
icml-2026-b33f63cd204d,51,51,11,24847,24847,18103,12,2,0,220,26,0,measured,
icml-2026-b4d312dbe2a3,24,12,16,9833,5302,3147,10,15,0,7,0,4,measured,
icml-2026-b678ade021d0,32,32,,13157,13157,0,10,19,0,7,0,3,measured,
icml-2026-b67aa3761be3,37,12,14,15119,6353,8289,1,0,1,152,32,5,measured,
icml-2026-b68c2494ff0c,25,10,22,10814,4612,1226,9,1,0,1,0,1,measured,
icml-2026-b6d79e2b3915,33,33,9,15340,15340,9637,19,5,0,59,0,1,measured,
icml-2026-b825a75c11cd,35,30,32,13850,12076,1398,2,0,2,7,36,0,measured,
icml-2026-b8428c4ae38c,40,40,2,22108,22108,21535,10,8,3,15,164,4,measured,
icml-2026-b873ac628d76,24,9,11,13327,7181,5504,4,1,0,40,54,0,measured,
icml-2026-b8bfc5f3f2ec,26,26,10,13057,13057,7582,15,6,0,19,3,2,measured,
icml-2026-b8df4421f372,28,28,10,13356,13356,7247,19,9,1,18,0,0,measured,
icml-2026-b9b7636063d8,46,46,11,22886,22886,16594,30,21,3,85,1,2,measured,
icml-2026-ba706ff6b691,21,10,13,7978,4134,2774,4,9,0,45,0,0,measured,
icml-2026-baa48e8e129c,26,26,11,13313,13313,6563,2,25,0,2,0,4,measured,
icml-2026-bbeb9f966887,33,33,10,11349,11349,5545,4,20,2,9,4,7,measured,
icml-2026-bc617fdea4d1,46,46,10,15823,15823,10491,39,20,0,2,0,1,measured,
icml-2026-bc7015f71a70,35,35,11,18564,18564,12034,3,9,2,4,24,9,measured,
icml-2026-bd9f6212b9ec,32,32,10,14734,14734,8600,12,4,1,0,68,9,measured,
icml-2026-bf1816f00b18,24,24,8,13793,13793,8000,1,0,2,10,30,0,measured,
icml-2026-bf92f0da331b,16,16,12,8124,8124,1670,10,5,0,10,0,3,measured,
icml-2026-bfcc6badb354,17,17,10,9679,9679,3872,8,5,0,14,0,4,measured,
icml-2026-c0047d034ebc,22,22,10,13331,13331,7755,10,10,1,5,0,6,measured,
icml-2026-c04028eac5a2,28,28,10,18638,18638,12392,6,7,1,2,0,2,measured,
icml-2026-c17f8a5ac0d6,24,8,10,10676,5426,4664,9,2,6,39,0,4,measured,
icml-2026-c3226b59d865,34,13,,14167,5848,0,16,6,0,21,2,3,measured,
icml-2026-c327f3286f19,15,9,11,8652,6079,1850,2,6,0,3,0,1,measured,
icml-2026-c3a38fab3674,36,36,10,17925,17925,11526,13,15,0,71,15,4,measured,
icml-2026-c4b60ab296ac,30,30,11,14460,14460,8344,13,9,0,29,0,4,measured,
icml-2026-c4baca9a054b,28,28,10,13424,13424,7341,3,2,3,9,38,6,measured,
icml-2026-c4c9fa6998d4,24,8,11,15377,6169,7857,6,4,3,7,25,0,measured,
icml-2026-c4fce3deeb35,17,17,12,11023,11023,3747,5,6,0,1,0,0,measured,
icml-2026-c53ab491ce08,42,9,11,13425,5820,6985,22,26,3,6,0,3,measured,
icml-2026-c583399ddaec,27,27,10,13548,13548,7535,3,3,1,13,9,3,measured,
icml-2026-c61e72161d50,51,51,9,15115,15115,9543,91,1,1,40,9,3,measured,
icml-2026-c65beb96fda3,23,23,10,11325,11325,5325,18,12,1,7,0,2,measured,
icml-2026-c6f3605482a0,33,33,11,12384,12384,5784,0,0,0,46,112,3,measured,
icml-2026-c76e1d6e3638,34,34,5,19374,19374,16866,20,2,0,0,4,1,measured,
icml-2026-c82df53b481b,22,22,10,9819,9819,3968,18,7,0,2,0,3,measured,
icml-2026-c8322294ec4e,29,29,10,12325,12325,7062,15,12,2,9,2,3,measured,
icml-2026-c8e95f98721b,76,76,3,38286,38286,36823,7,8,0,27,211,14,measured,
icml-2026-c8f7a41ad092,32,9,11,13697,6218,6902,13,6,0,92,12,0,measured,
icml-2026-c92142136cba,25,25,10,12913,12913,6577,1,7,4,14,50,3,measured,
icml-2026-c950d15c5aed,39,39,2,18163,18163,17569,0,2,5,1,152,4,measured,
icml-2026-c96d8877d31a,13,13,9,8307,8307,3057,5,2,0,15,0,4,measured,
icml-2026-c973ea7f2362,21,21,12,9611,9611,2671,13,5,1,12,12,10,measured,
icml-2026-c9c00b88d8d1,45,9,12,16997,6149,10095,6,6,3,17,84,0,measured,
icml-2026-ca6b03466916,60,12,15,26786,6237,19541,31,10,1,11,16,1,measured,
icml-2026-ca6f1dc741ad,28,9,13,12818,6175,5098,18,13,0,7,0,3,measured,
icml-2026-cb506acd46ca,21,21,1,9350,9350,9350,14,4,1,1,11,1,measured,
icml-2026-cb740b8ab9df,46,46,10,20080,20080,13581,12,32,0,0,0,3,measured,
icml-2026-cbc92221e73f,23,8,10,10351,5571,4011,6,0,0,13,22,0,measured,
icml-2026-cc0c1c6cc38c,34,8,10,11748,5573,5424,12,13,0,12,0,2,measured,
icml-2026-cca969cd8cab,18,18,10,8137,8137,2589,7,7,0,13,0,0,measured,
icml-2026-cd054c2b1c0a,23,23,10,10432,10432,5243,5,5,1,123,14,1,measured,
icml-2026-cdec10979815,43,43,10,22029,22029,14804,14,23,0,3,0,8,measured,
icml-2026-cf5418cfdfb0,19,12,,5657,3977,0,6,2,2,5,0,2,measured,
icml-2026-cfd0b6f7aa89,35,35,10,15965,15965,11051,10,8,0,46,21,1,measured,
icml-2026-d04daedced50,20,20,10,10123,10123,4240,8,7,1,0,4,3,measured,
icml-2026-d4322f6fca43,40,40,10,15051,15051,8452,18,10,0,0,0,1,measured,
icml-2026-d4a6e1a2f7c1,35,35,10,16470,16470,11071,8,22,1,34,0,2,measured,
icml-2026-d6b2488d4518,22,22,11,13120,13120,6667,9,16,1,2,0,1,measured,
icml-2026-d708a6e4285b,30,30,13,15502,15502,7874,13,21,0,8,0,1,measured,
icml-2026-d70e90775fef,31,31,,14039,14039,0,6,0,8,1,32,1,measured,
icml-2026-d774da33914c,52,52,9,21601,21601,15699,10,5,6,84,51,0,measured,
icml-2026-d78bcd922415,13,8,11,7954,5907,1076,1,0,0,1,28,9,measured,
icml-2026-d899ec07b59f,22,22,11,14599,14599,7786,10,6,1,6,0,3,measured,
icml-2026-d90c0883d74c,17,17,11,6470,6470,244,10,1,0,1,0,2,measured,
icml-2026-d99cf42b10cf,32,32,10,15271,15271,10274,11,14,3,13,0,7,measured,
icml-2026-da310238c4b0,47,47,18,19568,19568,13371,13,12,0,26,15,4,measured,
icml-2026-dadc39271844,45,22,24,30036,10059,19453,6,8,1,26,0,2,measured,
icml-2026-daf6158359ff,36,36,10,18885,18885,13074,7,10,1,14,0,2,measured,
icml-2026-dba55bc31703,44,18,26,13436,6068,5188,14,9,0,2,1,2,measured,
icml-2026-dc6b92786b70,49,49,11,20353,20353,13983,2,7,2,200,47,3,measured,
icml-2026-dc736844a52e,15,15,13,7733,7733,495,8,1,1,7,0,1,measured,
icml-2026-dfd0f9100c50,23,23,14,12216,12216,3382,12,10,0,2,0,3,measured,
icml-2026-e0395b78826d,29,12,17,14833,7752,4889,12,1,2,9,11,2,measured,
icml-2026-e082b788f42b,37,37,11,13445,13445,6433,12,17,0,10,11,2,measured,
icml-2026-e2157b054bc3,33,29,31,14295,12716,1059,23,0,0,20,0,0,measured,
icml-2026-e2ad026358ce,17,17,13,8965,8965,1634,3,3,1,12,21,2,measured,
icml-2026-e338ce41d09a,28,28,13,13657,13657,5748,6,5,1,24,22,4,measured,
icml-2026-e390f6423d6a,45,45,10,18039,18039,12787,18,18,0,0,0,3,measured,
icml-2026-e3fb226dc107,19,19,12,8478,8478,2698,9,12,0,45,0,1,measured,
icml-2026-e5f9e0e3905a,35,35,10,14601,14601,8582,6,0,1,9,53,1,measured,
icml-2026-e61c5be0d495,33,33,12,16135,16135,10571,4,10,0,8,0,6,measured,
icml-2026-e632187c07f8,23,9,11,11700,6228,4870,4,4,3,16,36,0,measured,
icml-2026-e727e683b443,25,25,7,11165,11165,7350,12,1,1,26,36,2,measured,
icml-2026-e7a502430faf,24,24,9,13420,13420,7830,11,1,1,33,11,0,measured,
icml-2026-eb5aba1da40d,29,11,15,13138,5674,6640,16,2,0,2,56,10,measured,
icml-2026-ebf35cba14a5,23,9,11,11944,5690,5618,6,2,1,27,37,1,measured,
icml-2026-ebf9cf394329,42,42,10,17645,17645,11863,12,5,1,1,31,0,measured,
icml-2026-ec0801724ddd,38,38,,8679,8679,0,3,0,0,1,59,0,measured,
icml-2026-ec58c09ff7b3,24,24,10,12900,12900,7053,9,1,4,31,4,1,measured,
icml-2026-ed7dc4e0461b,23,23,,11665,11665,0,8,2,0,0,0,6,measured,
icml-2026-ed7f31d45d4a,50,44,49,20945,19252,596,10,3,3,9,127,3,measured,
icml-2026-ee01e4899868,48,48,10,21152,21152,14858,17,9,1,58,37,3,measured,
icml-2026-ee0312a7f15c,28,28,10,13641,13641,7306,9,14,0,13,5,6,measured,
icml-2026-ee47bd21e6fd,30,30,9,13622,13622,8315,12,13,0,51,0,3,measured,
icml-2026-ee763da88aa9,33,13,15,13905,6513,6942,8,0,0,135,33,1,measured,
icml-2026-ef7b30eeedea,49,42,44,19503,17425,1756,11,2,0,53,60,10,measured,
icml-2026-f067fb4811af,26,26,9,13780,13780,7922,6,1,1,19,25,2,measured,
icml-2026-f10b5082b885,15,15,4,8630,8630,6365,1,3,3,6,59,1,measured,
icml-2026-f1190e536fe9,62,19,62,23272,8465,102,7,4,1,117,1,2,measured,
icml-2026-f155aba5f732,23,23,10,9771,9771,4358,6,22,0,8,6,2,measured,
icml-2026-f2bd21dc0d1f,40,40,9,15981,15981,10606,16,2,1,5,0,0,measured,
icml-2026-f2ef0d36bc74,55,55,10,19085,19085,12984,3,0,0,225,39,2,measured,
icml-2026-f46849c406ca,25,25,9,13608,13608,8367,6,7,2,12,0,4,measured,
icml-2026-f46c20824d7f,49,13,15,15452,5422,9682,3,0,0,71,63,0,measured,
icml-2026-f47ef34f5acc,42,9,11,15863,5263,9846,3,5,0,4,4,1,measured,
icml-2026-f4a7bef90290,27,27,9,15280,15280,8620,18,0,1,1,62,4,measured,
icml-2026-f5d6a8ab1c6a,50,21,,17378,9022,0,1,0,0,115,118,3,measured,
icml-2026-f6548c0ece91,19,14,16,6935,5123,1375,8,5,0,20,0,0,measured,
icml-2026-f746984a28d8,30,30,10,15056,15056,9082,10,8,7,25,0,0,measured,
icml-2026-f7ee2520eb04,22,9,11,9540,5457,3462,7,11,0,24,0,6,measured,
icml-2026-f8a2c118b6eb,58,9,12,24084,4644,17652,10,14,2,26,2,8,measured,
icml-2026-f9065723bbc1,34,34,9,16828,16828,11199,5,0,0,165,41,2,measured,
icml-2026-f916d1a60a6b,22,22,9,10304,10304,5126,6,5,0,2,0,2,measured,
icml-2026-f97f56589ff5,26,26,5,13507,13507,10734,6,7,1,32,0,2,measured,
icml-2026-fa37d3ce3691,26,9,11,13428,6681,6016,5,9,0,5,0,0,measured,
icml-2026-fb15a5d20e79,45,9,11,17589,5961,11027,3,6,1,296,37,1,measured,
icml-2026-fb47da6f153f,13,9,,6275,4484,0,5,2,0,6,0,7,measured,
icml-2026-fb583d0d9cd0,41,13,,13236,5372,0,29,4,1,5,0,2,measured,
icml-2026-fbeabb10f257,38,9,11,22153,7124,14451,19,4,0,6,3,3,measured,
icml-2026-fea2d498a956,18,18,10,8985,8985,3169,9,4,1,21,11,3,measured,
icml-2026-ff13e47bca7e,19,19,9,8961,8961,3362,16,2,0,24,0,0,measured,
icml-2026-ff3a9a4fb43f,72,19,56,34742,9321,12842,4,10,1,1,0,0,measured,
icml-2026-ffa77871236b,31,12,,12608,5123,0,11,9,0,5,0,7,measured,
icml-2026-ffbbd16400cc,49,12,14,16562,4980,11168,11,3,0,7,0,6,measured,
