paper_id,conference,analysis_stratum,sample_cohort,sentence_count,sequence
iclr-2026-8da8f79c49d5,ICLR,oral,foundation_200,10,object_scope → problem_gap → core_idea+method → object_scope+experimental_setup → core_idea+method → method+experimental_setup → experimental_setup → qualitative_result → experimental_setup+qualitative_result → qualitative_result+impact_claim
iclr-2026-ff40de6c7ac1,ICLR,oral,replication_200,9,object_scope → problem_gap → core_idea+method → core_idea+impact_claim → theory+experimental_setup → qualitative_result → qualitative_result+impact_claim → experimental_setup+qualitative_result → impact_claim
iclr-2026-707ee355091a,ICLR,oral,replication_200,7,object_scope → theory+impact_claim → object_scope+problem_gap → core_idea+method+theory → theory+impact_claim → impact_claim → experimental_setup+qualitative_result
iclr-2026-3dfd982128a2,ICLR,oral,replication_200,6,core_idea+method → object_scope+problem_gap → core_idea+method → experimental_setup+quantitative_result+impact_claim → quantitative_result → experimental_setup+quantitative_result+qualitative_result
iclr-2026-82ba4792ed68,ICLR,oral,replication_200,10,object_scope → problem_gap → method+experimental_setup → experimental_setup → method+experimental_setup → impact_claim → qualitative_result → qualitative_result → core_idea+qualitative_result → impact_claim
iclr-2026-b001d2f886cf,ICLR,oral,replication_200,9,object_scope+impact_claim → problem_gap → core_idea+method → method → method+experimental_setup → theory+core_idea → impact_claim → experimental_setup+qualitative_result+impact_claim → impact_claim
iclr-2026-86ded246ec76,ICLR,oral,replication_200,6,object_scope → problem_gap → qualitative_result → theory+qualitative_result → method+qualitative_result → impact_claim
iclr-2026-fac989b896c5,ICLR,oral,foundation_200,7,object_scope+problem_gap → problem_gap+core_idea → core_idea+method → object_scope+method → experimental_setup+method → quantitative_result+qualitative_result → impact_claim
iclr-2026-fb08cee992a1,ICLR,oral,replication_200,11,object_scope → problem_gap → core_idea+method → method+impact_claim → core_idea → problem_gap+limitation → method+core_idea → method → experimental_setup+qualitative_result+impact_claim → impact_claim → impact_claim
iclr-2026-4f0f02a727a0,ICLR,oral,foundation_200,8,object_scope → problem_gap → core_idea+method → method+core_idea → method+qualitative_result → experimental_setup+qualitative_result+quantitative_result → qualitative_result+impact_claim → impact_claim
iclr-2026-a60437a1dcad,ICLR,oral,foundation_200,11,object_scope → object_scope → impact_claim → problem_gap → core_idea → problem_gap → problem_gap → core_idea+method → method → quantitative_result+qualitative_result → impact_claim
iclr-2026-fdf9a5fa8f55,ICLR,oral,foundation_200,11,object_scope → problem_gap → problem_gap+object_scope → core_idea+method → method+quantitative_result → object_scope+qualitative_result → object_scope+qualitative_result → qualitative_result+impact_claim → method → experimental_setup+quantitative_result+qualitative_result → impact_claim
iclr-2026-e17153a60ea0,ICLR,oral,foundation_200,9,object_scope → object_scope → problem_gap → problem_gap → core_idea+method → method → method → qualitative_result → impact_claim
iclr-2026-557a29cfb5fa,ICLR,oral,replication_200,8,object_scope+core_idea → object_scope+experimental_setup → problem_gap+limitation → core_idea+method → method+core_idea → quantitative_result+qualitative_result → qualitative_result+impact_claim → impact_claim
iclr-2026-87e3cec2f574,ICLR,oral,foundation_200,6,object_scope → problem_gap+core_idea → method+theory → theory → theory+core_idea → experimental_setup+qualitative_result+impact_claim
iclr-2026-023366ecf605,ICLR,oral,foundation_200,8,object_scope+impact_claim → problem_gap → core_idea+method+quantitative_result → method+experimental_setup → qualitative_result → quantitative_result → quantitative_result+impact_claim → impact_claim
iclr-2026-4019795d726c,ICLR,oral,foundation_200,9,object_scope+impact_claim → object_scope → problem_gap+qualitative_result → problem_gap+core_idea → core_idea+method → method+core_idea → theory+qualitative_result → experimental_setup+quantitative_result → impact_claim
iclr-2026-f63ee6bf1935,ICLR,oral,replication_200,11,object_scope → problem_gap → qualitative_result+object_scope → limitation → problem_gap → core_idea → core_idea+method+qualitative_result → problem_gap+core_idea+method → quantitative_result+impact_claim → impact_claim → impact_claim
iclr-2026-f34826d49cba,ICLR,oral,foundation_200,4,object_scope+problem_gap → core_idea+method+theory → method+theory → experimental_setup+qualitative_result+impact_claim
iclr-2026-d99017a21fe7,ICLR,oral,foundation_200,10,object_scope → problem_gap → core_idea+object_scope → quantitative_result → method → method+core_idea → method → experimental_setup+quantitative_result → qualitative_result+impact_claim+object_scope → method
iclr-2026-159f6b7208d5,ICLR,oral,foundation_200,9,object_scope → problem_gap → problem_gap+core_idea → object_scope+core_idea → theory+core_idea → method+theory+impact_claim → method+experimental_setup → impact_claim → experimental_setup
iclr-2026-df99a0fdd618,ICLR,oral,foundation_200,7,object_scope+impact_claim → problem_gap → core_idea+method → method+qualitative_result+impact_claim → problem_gap+method+experimental_setup → method+experimental_setup+impact_claim → quantitative_result+qualitative_result+impact_claim
iclr-2026-421310926c11,ICLR,oral,foundation_200,8,object_scope+problem_gap → problem_gap+core_idea+method → object_scope+method → method+core_idea → object_scope+limitation → experimental_setup+qualitative_result → experimental_setup+qualitative_result+impact_claim → impact_claim
iclr-2026-99e6f2b9fab2,ICLR,oral,foundation_200,12,object_scope+impact_claim → problem_gap → problem_gap → core_idea+method → core_idea+method → method+experimental_setup → problem_gap+qualitative_result → method+qualitative_result → method → method+core_idea → quantitative_result+qualitative_result+impact_claim → impact_claim
iclr-2026-de09352af556,ICLR,oral,foundation_200,7,object_scope → object_scope+method+qualitative_result → problem_gap+limitation → core_idea+method → core_idea+method+theory → method+theory → experimental_setup+qualitative_result+impact_claim
iclr-2026-2a0b369c60a9,ICLR,oral,foundation_200,7,object_scope → problem_gap → core_idea+method → qualitative_result → theory+method+limitation → experimental_setup+qualitative_result+impact_claim → impact_claim
iclr-2026-6962fe3d904f,ICLR,oral,foundation_200,10,object_scope → problem_gap+object_scope → qualitative_result+problem_gap → qualitative_result+limitation → core_idea+qualitative_result → problem_gap+core_idea → qualitative_result+object_scope → problem_gap+limitation → method+theory → experimental_setup+quantitative_result+impact_claim
iclr-2026-927309b0632d,ICLR,oral,foundation_200,7,object_scope+problem_gap → core_idea+method+theory → object_scope+method → problem_gap+limitation → core_idea+method+theory → quantitative_result+qualitative_result+impact_claim → impact_claim
iclr-2026-ee69851b0726,ICLR,oral,foundation_200,8,object_scope → problem_gap → core_idea → method+core_idea → method+theory → experimental_setup → quantitative_result+qualitative_result+impact_claim → impact_claim
iclr-2026-d930d9c23cc7,ICLR,oral,foundation_200,10,object_scope+problem_gap → problem_gap → core_idea+theory → object_scope+method → problem_gap → core_idea+method → method+experimental_setup+quantitative_result → method+experimental_setup+quantitative_result → method → qualitative_result+impact_claim
iclr-2026-ddc69d973093,ICLR,oral,foundation_200,8,object_scope → problem_gap → core_idea → method → theory+qualitative_result → problem_gap+qualitative_result → quantitative_result+qualitative_result → core_idea+impact_claim
iclr-2026-9a1a4fec2317,ICLR,oral,foundation_200,8,object_scope+problem_gap → core_idea+method → problem_gap → core_idea+method → method → method → experimental_setup → quantitative_result+impact_claim
iclr-2026-dc06dcfe9933,ICLR,oral,foundation_200,11,object_scope+method → object_scope+problem_gap → object_scope+theory → problem_gap → problem_gap → theory+problem_gap → core_idea+method → core_idea+theory+method → method+theory+limitation → experimental_setup → quantitative_result+qualitative_result+impact_claim
iclr-2026-c4f15a7f203b,ICLR,oral,foundation_200,11,object_scope → object_scope+problem_gap → problem_gap+impact_claim → problem_gap → problem_gap+limitation → core_idea+method → core_idea+method+theory+impact_claim → theory → experimental_setup+qualitative_result+impact_claim → core_idea+method+impact_claim → impact_claim
iclr-2026-9800a26d2608,ICLR,oral,foundation_200,7,object_scope+problem_gap → problem_gap → object_scope+core_idea → theory+core_idea → theory+qualitative_result → qualitative_result+impact_claim → method+experimental_setup+qualitative_result+impact_claim
iclr-2026-0c8eb54755cf,ICLR,oral,foundation_200,7,object_scope+method+impact_claim → object_scope+method → method+experimental_setup+quantitative_result+qualitative_result → experimental_setup+quantitative_result+qualitative_result → qualitative_result+impact_claim → qualitative_result+impact_claim → method+qualitative_result+impact_claim
iclr-2026-c9604bfa6042,ICLR,oral,foundation_200,10,object_scope+method → method+problem_gap → problem_gap → core_idea+method → theory → core_idea+method → experimental_setup+qualitative_result → qualitative_result+impact_claim → experimental_setup+qualitative_result+impact_claim → impact_claim
iclr-2026-7f071490c87d,ICLR,oral,foundation_200,7,object_scope → problem_gap → core_idea+method+object_scope → problem_gap → method → method → qualitative_result
iclr-2026-2a842dd4a787,ICLR,oral,foundation_200,6,object_scope+problem_gap+qualitative_result → problem_gap+core_idea+impact_claim → theory+qualitative_result → core_idea+method → method+core_idea → experimental_setup+quantitative_result+impact_claim
iclr-2026-62e38d16d6a3,ICLR,oral,foundation_200,7,object_scope+problem_gap+limitation → problem_gap+limitation → core_idea+method → method+core_idea → method+qualitative_result → experimental_setup+quantitative_result+impact_claim → qualitative_result+impact_claim
iclr-2026-b879ca6dd1a4,ICLR,oral,foundation_200,9,object_scope → object_scope+method → core_idea+theory → theory → theory+limitation → theory+method → experimental_setup+qualitative_result → impact_claim+qualitative_result → impact_claim
iclr-2026-3c7fde53bdb5,ICLR,oral,foundation_200,7,object_scope → problem_gap → core_idea → theory+method → method → quantitative_result+qualitative_result → qualitative_result+impact_claim
iclr-2026-64b7228ce25e,ICLR,oral,foundation_200,11,object_scope → problem_gap → problem_gap+core_idea → core_idea → core_idea+theory+limitation → core_idea+theory → method+core_idea → method+qualitative_result → experimental_setup+qualitative_result → experimental_setup+quantitative_result+impact_claim → impact_claim
iclr-2026-9d74a65ca00d,ICLR,oral,foundation_200,6,object_scope → problem_gap+qualitative_result → problem_gap → core_idea+method+experimental_setup+theory → theory+quantitative_result+impact_claim → impact_claim
iclr-2026-c6856f20a2f5,ICLR,oral,foundation_200,5,object_scope+problem_gap → problem_gap+limitation → core_idea+method → method+impact_claim → qualitative_result+impact_claim
iclr-2026-3f0f7132b565,ICLR,oral,foundation_200,9,object_scope+problem_gap → problem_gap → core_idea+method → core_idea+method → method+qualitative_result → experimental_setup+quantitative_result → experimental_setup+quantitative_result → method+qualitative_result+impact_claim → impact_claim
iclr-2026-eb4983c11917,ICLR,oral,foundation_200,12,object_scope+problem_gap → object_scope+qualitative_result → core_idea+object_scope → method+qualitative_result → qualitative_result+impact_claim → qualitative_result+limitation → qualitative_result → method+impact_claim → experimental_setup+quantitative_result → method+experimental_setup+impact_claim → impact_claim+qualitative_result → impact_claim
iclr-2026-9731e2f39bcc,ICLR,oral,foundation_200,10,object_scope → problem_gap+object_scope → core_idea+method → method → problem_gap → core_idea+method → method+limitation → experimental_setup+quantitative_result → qualitative_result → qualitative_result+impact_claim
iclr-2026-f37e773ebaa6,ICLR,oral,foundation_200,6,object_scope+problem_gap → method → problem_gap → core_idea+method+theory → quantitative_result+experimental_setup → impact_claim
iclr-2026-247f0a285827,ICLR,oral,foundation_200,11,object_scope → problem_gap → core_idea+method → core_idea+method → method+object_scope → qualitative_result+core_idea → quantitative_result+method+impact_claim → quantitative_result → quantitative_result+impact_claim → quantitative_result+qualitative_result → impact_claim
iclr-2026-d548949c4ba4,ICLR,oral,foundation_200,11,object_scope+impact_claim → problem_gap → problem_gap → core_idea+method → method → object_scope+method → method → qualitative_result → quantitative_result → qualitative_result → impact_claim
iclr-2026-b22813abf7f0,ICLR,oral,foundation_200,4,object_scope+problem_gap → core_idea+method → method → experimental_setup+quantitative_result+qualitative_result+impact_claim
iclr-2026-b7a66e10bf69,ICLR,oral,replication_200,9,object_scope → problem_gap+method → problem_gap+limitation → problem_gap+core_idea → core_idea+method → core_idea+qualitative_result → method → experimental_setup → experimental_setup+qualitative_result+impact_claim
iclr-2026-dba10825e0af,ICLR,oral,foundation_200,6,object_scope → problem_gap → core_idea+method → method → quantitative_result → theory+impact_claim
iclr-2026-009a09dc4347,ICLR,oral,foundation_200,10,object_scope → problem_gap → core_idea → problem_gap+theory → core_idea+method → method → theory+impact_claim → experimental_setup+qualitative_result → impact_claim → impact_claim
iclr-2026-fd78f005be2e,ICLR,oral,foundation_200,10,object_scope+problem_gap → object_scope+problem_gap → problem_gap → core_idea+method → method → theory → method+experimental_setup+quantitative_result → experimental_setup+qualitative_result+impact_claim → quantitative_result+impact_claim → impact_claim
iclr-2026-963229d0140f,ICLR,oral,foundation_200,5,object_scope+problem_gap → core_idea+method+experimental_setup → qualitative_result+impact_claim → qualitative_result+impact_claim → impact_claim
iclr-2026-a52a988a4775,ICLR,oral,foundation_200,10,object_scope+problem_gap → problem_gap+limitation → core_idea+method → method+object_scope → core_idea+theory+impact_claim → method → method → theory+qualitative_result → core_idea+theory+method → method+theory+qualitative_result
iclr-2026-3c3e3a191645,ICLR,oral,foundation_200,7,object_scope+experimental_setup → problem_gap+limitation → problem_gap+theory → qualitative_result+problem_gap → core_idea+method → method+theory → experimental_setup+qualitative_result+impact_claim
iclr-2026-cdc551019493,ICLR,oral,foundation_200,8,object_scope+problem_gap → core_idea+method → method+core_idea → method+core_idea+qualitative_result → method+core_idea+theory → theory → experimental_setup+quantitative_result+qualitative_result+impact_claim → impact_claim
iclr-2026-98752ebdf7d6,ICLR,oral,foundation_200,10,object_scope → problem_gap+limitation → object_scope+core_idea → object_scope+method+experimental_setup → theory+limitation → theory+limitation → method+theory → theory+limitation → theory+impact_claim → experimental_setup+qualitative_result
iclr-2026-f8f364a44221,ICLR,oral,foundation_200,7,object_scope+qualitative_result → problem_gap+limitation → core_idea+object_scope → method+qualitative_result+quantitative_result → core_idea+method+experimental_setup → method+experimental_setup+quantitative_result+impact_claim → impact_claim+limitation
iclr-2026-883c05e1e1dc,ICLR,oral,foundation_200,6,object_scope+impact_claim → problem_gap+limitation → core_idea+method → core_idea+method → theory → experimental_setup+qualitative_result+impact_claim
iclr-2026-05937b7dc737,ICLR,oral,foundation_200,8,object_scope+problem_gap → problem_gap+qualitative_result → problem_gap+limitation → core_idea+method+theory → experimental_setup+qualitative_result → impact_claim+qualitative_result → quantitative_result+impact_claim+theory → impact_claim
iclr-2026-061ba26bb9ff,ICLR,oral,foundation_200,8,object_scope → problem_gap+impact_claim → object_scope+core_idea → method+theory+object_scope → core_idea+theory+quantitative_result → theory+experimental_setup+qualitative_result → quantitative_result+limitation → quantitative_result+limitation
iclr-2026-49937f5dcda4,ICLR,oral,foundation_200,8,object_scope+problem_gap → problem_gap+impact_claim → problem_gap → core_idea+method → method+theory → quantitative_result+qualitative_result → experimental_setup+quantitative_result+qualitative_result → impact_claim
iclr-2026-7c24d2356ca5,ICLR,oral,foundation_200,6,object_scope → problem_gap → core_idea+method → method → core_idea+method → experimental_setup+qualitative_result+impact_claim
iclr-2026-12331806f03c,ICLR,oral,foundation_200,10,object_scope → problem_gap → object_scope → core_idea+method → method → qualitative_result+impact_claim → experimental_setup+quantitative_result → experimental_setup+quantitative_result → quantitative_result → qualitative_result
iclr-2026-a2b879220593,ICLR,oral,foundation_200,10,object_scope → problem_gap → object_scope+problem_gap → problem_gap → theory+method → problem_gap → core_idea+method → qualitative_result+impact_claim → method+impact_claim → experimental_setup+qualitative_result+impact_claim
iclr-2026-a360ac840b2a,ICLR,oral,foundation_200,9,object_scope+impact_claim → object_scope+core_idea → problem_gap → problem_gap+theory → core_idea+theory+method → method+core_idea → method+impact_claim → experimental_setup+quantitative_result+qualitative_result → impact_claim
iclr-2026-987dd9468fc4,ICLR,oral,foundation_200,7,object_scope+problem_gap → problem_gap → core_idea+method → method → method → method+qualitative_result → qualitative_result+impact_claim
iclr-2026-0f7ec564e69d,ICLR,oral,foundation_200,7,object_scope+problem_gap → object_scope+method → core_idea+method+impact_claim → core_idea+method → method+object_scope → quantitative_result+qualitative_result → impact_claim
iclr-2026-255bea54f97f,ICLR,oral,foundation_200,5,object_scope+core_idea+method → problem_gap+core_idea → theory+quantitative_result → experimental_setup+quantitative_result+impact_claim → impact_claim
iclr-2026-dff0527cb8cf,ICLR,oral,foundation_200,7,object_scope → problem_gap → problem_gap → limitation → core_idea+method → quantitative_result+qualitative_result → impact_claim
iclr-2026-e6952544908b,ICLR,oral,foundation_200,7,object_scope → problem_gap → core_idea+theory → experimental_setup+object_scope → core_idea+theory → qualitative_result+experimental_setup → impact_claim
iclr-2026-7f4352669d70,ICLR,oral,foundation_200,7,object_scope+impact_claim → object_scope+problem_gap → problem_gap+qualitative_result → core_idea+method+impact_claim → core_idea+method+theory+qualitative_result → experimental_setup+object_scope+method → quantitative_result+qualitative_result+impact_claim
iclr-2026-4d615382a559,ICLR,oral,foundation_200,11,object_scope → problem_gap → problem_gap → core_idea+method → experimental_setup+quantitative_result → method → method+experimental_setup → method+experimental_setup → qualitative_result → impact_claim → impact_claim
iclr-2026-82716d8e922b,ICLR,oral,foundation_200,8,object_scope → object_scope+core_idea → problem_gap → problem_gap → core_idea+method → method+qualitative_result → experimental_setup+quantitative_result → impact_claim
iclr-2026-6e52571c3da4,ICLR,oral,foundation_200,5,object_scope+problem_gap → problem_gap+limitation → core_idea+method → experimental_setup+qualitative_result+impact_claim → impact_claim
iclr-2026-77178098d85f,ICLR,oral,foundation_200,9,object_scope+problem_gap → core_idea+method+experimental_setup → method → experimental_setup+qualitative_result → qualitative_result → qualitative_result+impact_claim → qualitative_result+quantitative_result → impact_claim+limitation → impact_claim
iclr-2026-6f113e6f8081,ICLR,oral,foundation_200,12,object_scope → problem_gap → problem_gap → core_idea → problem_gap → method+core_idea → method → method+theory → experimental_setup → qualitative_result → quantitative_result → qualitative_result+impact_claim
iclr-2026-0e6979a1fd18,ICLR,oral,foundation_200,10,object_scope+method → object_scope+qualitative_result+impact_claim → core_idea+method → core_idea+method+theory → theory+qualitative_result → experimental_setup+quantitative_result → quantitative_result+qualitative_result → experimental_setup+quantitative_result+impact_claim → impact_claim → impact_claim
iclr-2026-e87e18e18569,ICLR,oral,foundation_200,6,object_scope+core_idea → problem_gap+core_idea+method → method+object_scope → qualitative_result+impact_claim → experimental_setup+quantitative_result+qualitative_result → impact_claim
iclr-2026-9f44d179b34e,ICLR,oral,foundation_200,11,object_scope+problem_gap → object_scope+method → problem_gap+limitation → core_idea+theory → theory+method → core_idea+method+impact_claim → method+impact_claim → qualitative_result+impact_claim → experimental_setup+qualitative_result → experimental_setup+quantitative_result+theory → impact_claim
iclr-2026-72f24b2e940f,ICLR,oral,foundation_200,6,object_scope+problem_gap → object_scope+core_idea → method+theory → qualitative_result → theory+qualitative_result → theory+impact_claim
iclr-2026-9dbde6327464,ICLR,oral,foundation_200,13,object_scope+problem_gap → object_scope+method → method → problem_gap+object_scope → problem_gap → core_idea → core_idea+qualitative_result → core_idea+method → method+core_idea → method+object_scope → experimental_setup+quantitative_result → qualitative_result+impact_claim → impact_claim
iclr-2026-31327f1d20e6,ICLR,oral,foundation_200,8,object_scope+core_idea+experimental_setup → problem_gap → method+object_scope → method+core_idea → experimental_setup+object_scope → method+experimental_setup → quantitative_result+qualitative_result → impact_claim
iclr-2026-8015e8f6dc9a,ICLR,oral,foundation_200,7,object_scope+theory → problem_gap+object_scope → core_idea+theory → method+theory → theory+object_scope → theory+limitation+core_idea → experimental_setup+qualitative_result
iclr-2026-9ba8184b9ae8,ICLR,oral,foundation_200,9,object_scope+problem_gap → problem_gap → problem_gap+quantitative_result → core_idea+method+theory → core_idea+method+theory → experimental_setup+limitation → quantitative_result+qualitative_result → theory+method → theory+impact_claim+limitation
iclr-2026-9bfcc62a75a1,ICLR,oral,foundation_200,7,object_scope+problem_gap → problem_gap+object_scope → core_idea+method → core_idea+method+theory → object_scope+impact_claim → experimental_setup+qualitative_result+impact_claim → qualitative_result+impact_claim
iclr-2026-ac7703f2b4ec,ICLR,oral,foundation_200,10,object_scope+problem_gap → problem_gap+object_scope → problem_gap → problem_gap+limitation → core_idea+method → core_idea+method → method+experimental_setup+quantitative_result → qualitative_result+impact_claim → method+impact_claim → impact_claim
iclr-2026-7833e39d5371,ICLR,oral,foundation_200,11,object_scope+problem_gap → core_idea+method → core_idea+method → method+quantitative_result → experimental_setup → quantitative_result → quantitative_result+qualitative_result → experimental_setup → quantitative_result → quantitative_result+impact_claim → impact_claim
iclr-2026-7d504a5c8916,ICLR,oral,foundation_200,11,object_scope → object_scope+core_idea → core_idea+problem_gap → problem_gap → method+core_idea → experimental_setup+limitation → problem_gap+core_idea → method → experimental_setup → quantitative_result → qualitative_result+impact_claim
iclr-2026-fe86008e62d4,ICLR,oral,foundation_200,9,object_scope → object_scope+problem_gap → problem_gap+limitation → core_idea+method → method+qualitative_result → core_idea+method → theory+quantitative_result → method+limitation → experimental_setup+quantitative_result+qualitative_result
iclr-2026-0b114f73a492,ICLR,oral,foundation_200,6,object_scope+problem_gap → method → core_idea → method → method → experimental_setup+quantitative_result+qualitative_result+impact_claim
iclr-2026-e7be893c9452,ICLR,oral,foundation_200,8,object_scope → object_scope+method → problem_gap+limitation → core_idea → core_idea+method → experimental_setup+method → method+experimental_setup → qualitative_result+impact_claim
iclr-2026-322bd0a9b17a,ICLR,oral,foundation_200,6,object_scope+problem_gap → method → core_idea+method → quantitative_result → experimental_setup+quantitative_result+impact_claim → impact_claim
iclr-2026-0aa8e3fa3f6d,ICLR,oral,foundation_200,7,object_scope → object_scope+impact_claim → theory+problem_gap → core_idea → theory+method+impact_claim → experimental_setup+qualitative_result → impact_claim
iclr-2026-8148e4ce6cb5,ICLR,oral,foundation_200,8,object_scope → problem_gap → problem_gap → core_idea+method → method → method → qualitative_result+impact_claim → impact_claim
iclr-2026-c5caee9922e5,ICLR,oral,foundation_200,9,object_scope → problem_gap → problem_gap+qualitative_result → core_idea+method → method → method+core_idea → experimental_setup → quantitative_result → impact_claim
iclr-2026-e7ef44128dd8,ICLR,oral,foundation_200,6,object_scope+core_idea → problem_gap+qualitative_result → method+impact_claim → core_idea+method → theory+qualitative_result+object_scope → method+experimental_setup+quantitative_result+qualitative_result
iclr-2026-106be5e431a2,ICLR,oral,foundation_200,7,object_scope → problem_gap → problem_gap → core_idea+method → method → experimental_setup+qualitative_result → impact_claim
iclr-2026-3b8d372687ad,ICLR,oral,foundation_200,8,object_scope+problem_gap → problem_gap+limitation → core_idea+experimental_setup → method → core_idea+method → method → experimental_setup+qualitative_result+limitation → quantitative_result+qualitative_result+impact_claim
iclr-2026-2f4f189e96a1,ICLR,oral,foundation_200,9,object_scope+qualitative_result → problem_gap → problem_gap+limitation → core_idea+method+impact_claim → core_idea+qualitative_result → method+core_idea → method+theory → method+qualitative_result → experimental_setup+quantitative_result+impact_claim
iclr-2026-09d94b8d6d44,ICLR,oral,foundation_200,7,object_scope+problem_gap → object_scope+problem_gap → problem_gap+theory → problem_gap+object_scope → core_idea+method → qualitative_result+limitation → impact_claim+qualitative_result
iclr-2026-9b8d9a086a72,ICLR,oral,replication_200,6,object_scope+core_idea → core_idea+method → problem_gap+impact_claim → method+impact_claim → experimental_setup+quantitative_result+impact_claim → impact_claim
iclr-2026-747836133659,ICLR,oral,foundation_200,10,object_scope+qualitative_result → problem_gap → core_idea+method+object_scope → method+experimental_setup → experimental_setup → experimental_setup → qualitative_result → qualitative_result+limitation → impact_claim → impact_claim
iclr-2026-4d1471a91635,ICLR,oral,foundation_200,7,object_scope → problem_gap → core_idea → method → experimental_setup → qualitative_result → impact_claim
iclr-2026-24987e898413,ICLR,oral,foundation_200,11,object_scope+problem_gap → problem_gap+limitation → object_scope+problem_gap+core_idea → problem_gap → core_idea+object_scope → core_idea+method → method+core_idea → experimental_setup+quantitative_result → experimental_setup+quantitative_result → experimental_setup+qualitative_result → method+qualitative_result+impact_claim
iclr-2026-a6ddc629568b,ICLR,outstanding,foundation_200,8,object_scope → object_scope+impact_claim → problem_gap → method+experimental_setup → quantitative_result → method+quantitative_result+core_idea → qualitative_result → core_idea+impact_claim
iclr-2026-88c6c50ec3eb,ICLR,outstanding,foundation_200,6,object_scope → object_scope → theory+qualitative_result → theory+qualitative_result → theory → theory+qualitative_result+impact_claim
icml-2026-b8bfc5f3f2ec,ICML,oral,foundation_200,6,object_scope+problem_gap → core_idea+method → method+theory → qualitative_result+impact_claim → experimental_setup+qualitative_result → impact_claim
icml-2026-32a8402c370d,ICML,oral,foundation_200,6,object_scope+method → problem_gap+limitation → core_idea+theory → method+theory → method+theory+limitation → experimental_setup+qualitative_result
icml-2026-95c954ca7cb0,ICML,oral,foundation_200,12,object_scope → problem_gap → problem_gap → problem_gap+qualitative_result → problem_gap → problem_gap+core_idea → core_idea+method → method → method → core_idea+method → method → method+qualitative_result+impact_claim
icml-2026-7207f7ebdc88,ICML,oral,foundation_200,8,object_scope+core_idea → problem_gap+method+object_scope → core_idea+method → method+qualitative_result → method+qualitative_result → experimental_setup+quantitative_result → quantitative_result+impact_claim → impact_claim
icml-2026-734764c3c087,ICML,oral,foundation_200,6,object_scope → problem_gap → core_idea+method → method → quantitative_result → experimental_setup+quantitative_result+qualitative_result
icml-2026-5e9fe0b20cf5,ICML,oral,foundation_200,5,object_scope+problem_gap → core_idea+theory → method → experimental_setup+qualitative_result → impact_claim
icml-2026-cb506acd46ca,ICML,oral,foundation_200,6,object_scope → problem_gap → core_idea+method → method+impact_claim → theory+qualitative_result → qualitative_result+impact_claim
icml-2026-21bf37d1d47a,ICML,oral,foundation_200,7,object_scope+problem_gap → problem_gap → core_idea+method → core_idea+method → method+theory → method+theory → experimental_setup+qualitative_result+impact_claim
icml-2026-e727e683b443,ICML,oral,foundation_200,8,object_scope+core_idea → object_scope → method+theory+core_idea → method+theory → core_idea+method → theory → impact_claim → object_scope+impact_claim
icml-2026-ba706ff6b691,ICML,oral,foundation_200,7,object_scope → problem_gap → problem_gap → core_idea+theory → method → experimental_setup+qualitative_result → quantitative_result
icml-2026-9407bcbd715b,ICML,oral,foundation_200,9,object_scope → theory+impact_claim → problem_gap → core_idea+impact_claim → method+theory → qualitative_result → theory+qualitative_result → theory+impact_claim → method
icml-2026-eb5aba1da40d,ICML,oral,foundation_200,9,object_scope → problem_gap → object_scope → theory → theory → method+theory+impact_claim → qualitative_result → experimental_setup+quantitative_result → qualitative_result+impact_claim
icml-2026-8c4a48256331,ICML,oral,foundation_200,7,object_scope+problem_gap → problem_gap → core_idea+method+object_scope → method+theory → method+impact_claim → quantitative_result+experimental_setup+qualitative_result → impact_claim
icml-2026-c61e72161d50,ICML,oral,foundation_200,7,object_scope+impact_claim → problem_gap → core_idea+method → method+limitation → theory → experimental_setup → quantitative_result+impact_claim
icml-2026-f2ef0d36bc74,ICML,oral,foundation_200,8,object_scope+problem_gap → core_idea+method+experimental_setup → theory+core_idea → qualitative_result+theory → qualitative_result+theory → qualitative_result+theory → qualitative_result+theory → experimental_setup+qualitative_result
icml-2026-121abf6fcacd,ICML,oral,foundation_200,5,object_scope+core_idea → theory+experimental_setup+quantitative_result → problem_gap+theory → theory+qualitative_result → impact_claim
icml-2026-e0395b78826d,ICML,oral,foundation_200,10,object_scope → object_scope → object_scope+problem_gap → core_idea+problem_gap+impact_claim → theory+limitation → method+qualitative_result → quantitative_result+impact_claim → theory+core_idea → method+limitation → experimental_setup
icml-2026-4f5bde46fdf3,ICML,oral,foundation_200,7,object_scope → object_scope → problem_gap → problem_gap → core_idea+method → method → qualitative_result
icml-2026-c53ab491ce08,ICML,oral,foundation_200,7,object_scope → object_scope+problem_gap → problem_gap+core_idea → core_idea+method → method → core_idea+method → qualitative_result+impact_claim
icml-2026-97ca1f9966be,ICML,oral,foundation_200,9,object_scope → problem_gap → object_scope+experimental_setup → core_idea+method → method → method → qualitative_result → theory → impact_claim
icml-2026-ca6b03466916,ICML,oral,foundation_200,7,object_scope → object_scope+core_idea → problem_gap → theory → method+theory → method → quantitative_result+qualitative_result+impact_claim
icml-2026-1e762aa63b55,ICML,oral,foundation_200,7,object_scope+problem_gap → core_idea → experimental_setup+qualitative_result → qualitative_result → experimental_setup+qualitative_result → limitation+qualitative_result → impact_claim
icml-2026-9cf70f22a7ed,ICML,oral,foundation_200,7,object_scope+problem_gap → problem_gap → core_idea+method → theory+method → method+core_idea → experimental_setup+quantitative_result → impact_claim
icml-2026-44fb3b3b59c9,ICML,oral,foundation_200,6,object_scope+problem_gap → core_idea+method → object_scope+theory+quantitative_result → theory+impact_claim → core_idea+theory → theory+impact_claim
icml-2026-57d6cc1a187d,ICML,oral,foundation_200,7,object_scope+problem_gap → core_idea+method+impact_claim → object_scope+qualitative_result → core_idea+method → qualitative_result+impact_claim → experimental_setup+quantitative_result → impact_claim
icml-2026-7c993813ec1f,ICML,oral,foundation_200,9,object_scope+qualitative_result → object_scope+qualitative_result → problem_gap+limitation → core_idea+method → core_idea+method → method → method → qualitative_result+impact_claim → impact_claim
icml-2026-dadc39271844,ICML,oral,foundation_200,9,object_scope+problem_gap → problem_gap → core_idea+method → method → method+quantitative_result → qualitative_result → experimental_setup+qualitative_result → qualitative_result → experimental_setup+quantitative_result+impact_claim
icml-2026-26bfc642d651,ICML,oral,foundation_200,7,object_scope → problem_gap → object_scope+problem_gap → problem_gap+theory → core_idea+method → theory+impact_claim → theory+method+impact_claim
icml-2026-756c559690e6,ICML,oral,foundation_200,8,object_scope → problem_gap → core_idea+method → core_idea+method → method+impact_claim → experimental_setup+method → experimental_setup → quantitative_result+qualitative_result+impact_claim
icml-2026-87a216e14f5b,ICML,oral,foundation_200,6,object_scope+problem_gap → core_idea+method → object_scope+method → method → experimental_setup+method → qualitative_result+impact_claim
icml-2026-422971fda9c0,ICML,oral,foundation_200,13,object_scope → problem_gap+core_idea → object_scope+method → experimental_setup+qualitative_result → quantitative_result → experimental_setup → quantitative_result+qualitative_result → quantitative_result → method+qualitative_result → qualitative_result → method+impact_claim → qualitative_result+impact_claim → impact_claim
icml-2026-b4d312dbe2a3,ICML,oral,foundation_200,8,object_scope+core_idea+impact_claim → core_idea+qualitative_result → method → problem_gap+limitation → method+qualitative_result → qualitative_result+limitation+impact_claim → experimental_setup+qualitative_result → impact_claim
icml-2026-64951680e1b2,ICML,oral,foundation_200,8,object_scope+problem_gap → core_idea+method → problem_gap+qualitative_result → core_idea+method → method+core_idea → qualitative_result+impact_claim → experimental_setup+object_scope → impact_claim
icml-2026-dba55bc31703,ICML,oral,foundation_200,11,object_scope+problem_gap → object_scope → problem_gap → core_idea+qualitative_result → core_idea+impact_claim → method → qualitative_result → theory → theory+core_idea → method → experimental_setup+qualitative_result
icml-2026-ef7b30eeedea,ICML,oral,foundation_200,6,object_scope+problem_gap → theory+problem_gap+limitation → core_idea+method → method+theory+impact_claim → theory+method+limitation → qualitative_result+impact_claim
icml-2026-d6b2488d4518,ICML,oral,foundation_200,5,object_scope+problem_gap → problem_gap+method → core_idea+qualitative_result → core_idea+method → quantitative_result+impact_claim
icml-2026-500e61245eb4,ICML,oral,foundation_200,4,object_scope → theory+quantitative_result → impact_claim+theory → theory+quantitative_result
icml-2026-ec58c09ff7b3,ICML,oral,foundation_200,7,object_scope+method → problem_gap → core_idea+method → core_idea+theory → theory → method+theory → impact_claim
icml-2026-93e4d45740d5,ICML,oral,foundation_200,9,object_scope → problem_gap → problem_gap → core_idea+method → core_idea+method → method+problem_gap → method+impact_claim → experimental_setup+qualitative_result+impact_claim → impact_claim
icml-2026-860833b2a4ca,ICML,oral,foundation_200,8,object_scope → problem_gap → core_idea → impact_claim → method → quantitative_result+qualitative_result → experimental_setup+quantitative_result → impact_claim+experimental_setup
icml-2026-01423817c82b,ICML,oral,foundation_200,7,object_scope+problem_gap → core_idea+method → qualitative_result → core_idea+qualitative_result → method → experimental_setup+qualitative_result → impact_claim
icml-2026-cbc92221e73f,ICML,oral,foundation_200,7,object_scope → method+theory → theory+qualitative_result → theory+qualitative_result → theory+impact_claim → experimental_setup+qualitative_result → impact_claim
icml-2026-f97f56589ff5,ICML,oral,foundation_200,7,object_scope → problem_gap+theory+limitation → core_idea+method → method → experimental_setup+quantitative_result+qualitative_result → qualitative_result → impact_claim
icml-2026-124a926154b3,ICML,oral,foundation_200,6,object_scope+problem_gap → core_idea+problem_gap → core_idea+method → method → experimental_setup+qualitative_result → impact_claim
icml-2026-c65beb96fda3,ICML,oral,foundation_200,7,object_scope+problem_gap → object_scope+problem_gap → core_idea+method → core_idea+method+impact_claim → experimental_setup+qualitative_result → experimental_setup+qualitative_result+impact_claim → impact_claim
icml-2026-13200752b19d,ICML,oral,foundation_200,7,object_scope → problem_gap → core_idea → method+experimental_setup → quantitative_result → method+qualitative_result+limitation → impact_claim
icml-2026-c8e95f98721b,ICML,oral,foundation_200,9,object_scope → impact_claim → object_scope → problem_gap → core_idea+theory → method+object_scope → theory+qualitative_result → method+theory → qualitative_result
icml-2026-e390f6423d6a,ICML,oral,foundation_200,10,object_scope → problem_gap → problem_gap → core_idea+method → core_idea+method → core_idea+impact_claim → method → experimental_setup+quantitative_result → qualitative_result+impact_claim → impact_claim
icml-2026-2b0091abd25f,ICML,oral,foundation_200,10,object_scope → problem_gap+limitation → problem_gap → core_idea+method → core_idea+method → experimental_setup → quantitative_result → quantitative_result+impact_claim → qualitative_result+quantitative_result → impact_claim
icml-2026-1ef10519dcd7,ICML,outstanding,foundation_200,5,object_scope+method+theory → impact_claim+qualitative_result → theory+quantitative_result → theory+quantitative_result → object_scope+qualitative_result+impact_claim
icml-2026-7f1780627873,ICML,outstanding,foundation_200,7,object_scope → core_idea → problem_gap+qualitative_result+limitation → core_idea+qualitative_result → problem_gap+impact_claim → core_idea+method → method+quantitative_result+impact_claim
icml-2026-4e7a98266982,ICML,spotlight,foundation_200,7,object_scope+problem_gap → object_scope → problem_gap → core_idea+method → theory+core_idea → method → qualitative_result+experimental_setup+impact_claim
icml-2026-71db38223110,ICML,spotlight,foundation_200,6,object_scope → problem_gap → core_idea+method → core_idea → method+theory → experimental_setup+qualitative_result+impact_claim
icml-2026-5cb9c5807bca,ICML,spotlight,foundation_200,8,object_scope+problem_gap → problem_gap → core_idea+method → method → core_idea+impact_claim → object_scope+method → method → qualitative_result+impact_claim
icml-2026-8b22afb8c5ae,ICML,spotlight,foundation_200,8,object_scope → core_idea+method → theory → theory+quantitative_result → method+theory → impact_claim → experimental_setup+qualitative_result → impact_claim
icml-2026-1c5182bdf0c8,ICML,spotlight,foundation_200,5,object_scope+problem_gap → method → core_idea+method → experimental_setup+quantitative_result → qualitative_result+impact_claim
icml-2026-ed7dc4e0461b,ICML,spotlight,foundation_200,9,object_scope → problem_gap → problem_gap+limitation → problem_gap → object_scope+core_idea → method → experimental_setup+quantitative_result+qualitative_result → experimental_setup+method → qualitative_result+limitation
icml-2026-2d22f08859e8,ICML,spotlight,foundation_200,7,object_scope+problem_gap → problem_gap → core_idea+method → core_idea+method → experimental_setup → quantitative_result+qualitative_result+impact_claim → impact_claim
icml-2026-67206cc61e49,ICML,spotlight,foundation_200,9,object_scope → problem_gap+limitation → problem_gap → problem_gap → core_idea+method → method+theory → qualitative_result+impact_claim → theory+impact_claim → experimental_setup+qualitative_result+impact_claim
icml-2026-6b81cf37c92f,ICML,spotlight,foundation_200,7,object_scope+problem_gap → core_idea+method → theory+qualitative_result → qualitative_result → core_idea+method → experimental_setup+qualitative_result+impact_claim → impact_claim
icml-2026-cca969cd8cab,ICML,spotlight,foundation_200,8,object_scope → problem_gap → problem_gap+limitation → core_idea+method → qualitative_result → experimental_setup+qualitative_result → quantitative_result → quantitative_result+limitation
icml-2026-a53de8003ce0,ICML,spotlight,foundation_200,7,object_scope+problem_gap → core_idea+method → core_idea+method → method → method+core_idea → experimental_setup+quantitative_result+qualitative_result+impact_claim → impact_claim
icml-2026-159ec0c7baad,ICML,spotlight,foundation_200,9,object_scope+problem_gap → problem_gap → problem_gap → core_idea+method → method → method → method → experimental_setup+quantitative_result+qualitative_result+impact_claim → qualitative_result+impact_claim
icml-2026-44d93fac8702,ICML,spotlight,foundation_200,7,object_scope+problem_gap → problem_gap → core_idea+method → object_scope+theory → core_idea+method → experimental_setup+qualitative_result → qualitative_result+impact_claim
icml-2026-12ceaf196f4d,ICML,spotlight,foundation_200,9,object_scope → object_scope → object_scope+problem_gap → core_idea+method → qualitative_result → method+qualitative_result → qualitative_result+limitation → experimental_setup+quantitative_result+impact_claim → impact_claim
icml-2026-57e09ec1b6ac,ICML,spotlight,foundation_200,9,object_scope+experimental_setup → problem_gap → problem_gap → theory+qualitative_result → core_idea → method+impact_claim → experimental_setup+qualitative_result → impact_claim → impact_claim
icml-2026-5d3146110f97,ICML,spotlight,foundation_200,7,object_scope → object_scope+problem_gap → problem_gap → core_idea+method+theory → problem_gap+method → quantitative_result+qualitative_result+impact_claim → impact_claim
icml-2026-ed7f31d45d4a,ICML,spotlight,foundation_200,7,object_scope → method+theory → theory → core_idea+method → qualitative_result+theory → quantitative_result+theory → theory+limitation
icml-2026-1dfcf4c8869d,ICML,spotlight,foundation_200,5,object_scope+problem_gap → problem_gap → core_idea → method → qualitative_result+impact_claim
icml-2026-cd054c2b1c0a,ICML,spotlight,foundation_200,9,object_scope+problem_gap → problem_gap → core_idea+method → method → method+problem_gap → method+impact_claim → theory+impact_claim → theory → experimental_setup+qualitative_result
icml-2026-35879ec17414,ICML,spotlight,foundation_200,7,object_scope → problem_gap → core_idea+method → theory → method → experimental_setup+quantitative_result → qualitative_result+impact_claim
icml-2026-388e7825c92c,ICML,spotlight,foundation_200,6,object_scope → object_scope+problem_gap → problem_gap+qualitative_result → problem_gap+core_idea → core_idea+method → qualitative_result+impact_claim
icml-2026-65a15e969ebf,ICML,spotlight,foundation_200,9,object_scope+problem_gap → problem_gap+limitation → core_idea+method → method → method → theory → experimental_setup+qualitative_result → quantitative_result+qualitative_result+impact_claim → impact_claim
icml-2026-92c2d1498431,ICML,spotlight,foundation_200,8,object_scope → problem_gap → core_idea+method+theory → core_idea+method → theory+qualitative_result → method+theory+quantitative_result → impact_claim → theory+impact_claim
icml-2026-4e1dcbf5b839,ICML,spotlight,foundation_200,8,object_scope+problem_gap → problem_gap → object_scope+problem_gap → core_idea+method → method+core_idea → method+limitation → experimental_setup+quantitative_result+impact_claim → impact_claim
icml-2026-73ef6e227632,ICML,spotlight,foundation_200,8,object_scope → problem_gap → core_idea+method → theory → method → quantitative_result+qualitative_result → method → quantitative_result+impact_claim
icml-2026-2801956159d6,ICML,spotlight,foundation_200,8,object_scope+problem_gap → object_scope → problem_gap → theory+core_idea → method → method → quantitative_result → impact_claim
icml-2026-a6577855483d,ICML,spotlight,foundation_200,7,object_scope → object_scope → problem_gap → core_idea+method+impact_claim → method → theory → experimental_setup
icml-2026-2b91f2863fcf,ICML,spotlight,foundation_200,6,object_scope+problem_gap → problem_gap+core_idea → core_idea+method → method+qualitative_result → method+impact_claim → qualitative_result+impact_claim
icml-2026-cdec10979815,ICML,spotlight,foundation_200,5,object_scope+problem_gap → object_scope+core_idea → problem_gap → core_idea+method+experimental_setup → qualitative_result+impact_claim
icml-2026-61bea4dcf717,ICML,spotlight,foundation_200,6,object_scope → problem_gap → core_idea+method → qualitative_result+problem_gap → core_idea+method+qualitative_result → impact_claim
icml-2026-19ec66cff1c1,ICML,spotlight,foundation_200,8,object_scope → problem_gap → core_idea+theory → theory → theory → method → theory → qualitative_result+impact_claim
icml-2026-da310238c4b0,ICML,spotlight,foundation_200,6,object_scope+problem_gap → problem_gap → core_idea+method → method → method+theory → experimental_setup+quantitative_result
icml-2026-447e2cef4c1c,ICML,spotlight,foundation_200,9,object_scope+problem_gap → problem_gap → problem_gap → object_scope+problem_gap → core_idea+method → qualitative_result+impact_claim → core_idea+method → method+impact_claim → experimental_setup+quantitative_result+impact_claim
icml-2026-536d8d3e0efc,ICML,spotlight,foundation_200,7,object_scope+problem_gap → problem_gap → core_idea+object_scope → theory → method → theory → experimental_setup+qualitative_result
icml-2026-07e2bc33888c,ICML,spotlight,foundation_200,7,object_scope → problem_gap+method → problem_gap+core_idea → object_scope+limitation → core_idea+method → quantitative_result+impact_claim → impact_claim
icml-2026-f1190e536fe9,ICML,spotlight,foundation_200,10,object_scope+method → problem_gap+limitation → core_idea+problem_gap → method+experimental_setup → method+theory → theory → theory+qualitative_result → qualitative_result → experimental_setup+qualitative_result → impact_claim
icml-2026-42cbf99e9181,ICML,spotlight,foundation_200,8,object_scope+problem_gap → core_idea+theory → core_idea+qualitative_result → method → experimental_setup+qualitative_result → qualitative_result → qualitative_result → impact_claim
icml-2026-f746984a28d8,ICML,spotlight,foundation_200,7,object_scope+core_idea → theory+method → core_idea+method → method → method → experimental_setup+qualitative_result → impact_claim
icml-2026-7531b7c768a9,ICML,spotlight,foundation_200,13,object_scope → method → problem_gap → problem_gap → core_idea+method → experimental_setup+quantitative_result+qualitative_result → method+problem_gap → qualitative_result → quantitative_result+qualitative_result → qualitative_result+problem_gap → method+qualitative_result → qualitative_result+limitation+impact_claim → impact_claim
icml-2026-315bbaf35118,ICML,spotlight,foundation_200,11,object_scope+problem_gap → problem_gap → core_idea+method → method → core_idea+method → method → method → core_idea → method → experimental_setup+qualitative_result → impact_claim
icml-2026-114dd793a5be,ICML,spotlight,foundation_200,5,object_scope+problem_gap → core_idea+method → qualitative_result+problem_gap → core_idea+method → experimental_setup+qualitative_result+impact_claim
icml-2026-f46849c406ca,ICML,spotlight,foundation_200,8,object_scope → problem_gap → problem_gap+core_idea → core_idea+method → method → method → experimental_setup+qualitative_result+impact_claim → impact_claim
icml-2026-9ab4cfd38016,ICML,spotlight,foundation_200,7,object_scope+problem_gap → core_idea → method+object_scope → method+experimental_setup → experimental_setup+quantitative_result → quantitative_result+qualitative_result → qualitative_result+impact_claim
icml-2026-4d6c3bd9ff61,ICML,spotlight,foundation_200,7,object_scope → problem_gap → core_idea+method → method → method+experimental_setup → qualitative_result+impact_claim → impact_claim
icml-2026-942a8496990b,ICML,spotlight,foundation_200,7,problem_gap → object_scope → core_idea+method → method+theory → theory+qualitative_result → theory+qualitative_result → experimental_setup+qualitative_result+limitation+impact_claim
icml-2026-184e90336c6b,ICML,spotlight,foundation_200,8,object_scope+problem_gap → problem_gap → core_idea+method+object_scope → method → method → method → method+theory → qualitative_result+impact_claim
icml-2026-fea2d498a956,ICML,spotlight,foundation_200,7,object_scope → problem_gap → core_idea+method → theory+core_idea → method → qualitative_result+impact_claim → experimental_setup+qualitative_result+impact_claim
icml-2026-1d55d472edbc,ICML,spotlight,foundation_200,7,object_scope+problem_gap → core_idea+method → core_idea+impact_claim → problem_gap+object_scope → method+core_idea → theory+qualitative_result → experimental_setup+qualitative_result
icml-2026-8d39ec884840,ICML,spotlight,foundation_200,6,object_scope+problem_gap → problem_gap+impact_claim → core_idea+method → experimental_setup+qualitative_result → method+qualitative_result → impact_claim
