module,source,target,papers_present,paper_prevalence,conference_equal_prevalence,count
introduction,context,problem,102,0.408,0.428333333,103
introduction,problem,failure_of_prior_work,66,0.264,0.278333333,67
introduction,failure_of_prior_work,missing_insight,63,0.252,0.266666667,63
introduction,missing_insight,core_idea,50,0.2,0.2,50
introduction,core_idea,method_preview,47,0.188,0.193333333,47
introduction,result_preview,contribution_list,46,0.184,0.181666667,46
introduction,method_preview,result_preview,44,0.176,0.175,46
introduction,contribution_list,contribution_list,43,0.172,0.171666667,91
introduction,context,failure_of_prior_work,38,0.152,0.161666667,39
introduction,failure_of_prior_work,core_idea,32,0.128,0.14,32
introduction,context,context,30,0.12,0.131666667,35
introduction,core_idea,contribution_list,27,0.108,0.11,27
introduction,method_preview,contribution_list,27,0.108,0.115,27
introduction,problem,core_idea,25,0.1,0.11,25
introduction,problem,missing_insight,19,0.076,0.076666667,19
introduction,core_idea,result_preview,18,0.072,0.076666667,18
introduction,missing_insight,contribution_list,18,0.072,0.075,18
introduction,failure_of_prior_work,failure_of_prior_work,17,0.068,0.071666667,20
introduction,missing_insight,method_preview,14,0.056,0.06,14
introduction,context,missing_insight,13,0.052,0.051666667,13
introduction,contribution_list,result_preview,13,0.052,0.055,13
introduction,failure_of_prior_work,problem,12,0.048,0.05,12
introduction,failure_of_prior_work,contribution_list,11,0.044,0.041666667,11
introduction,method_preview,method_preview,11,0.044,0.043333333,14
introduction,problem,method_preview,9,0.036,0.033333333,9
introduction,result_preview,scope_boundary,8,0.032,0.033333333,8
introduction,theory_preview,method_preview,8,0.032,0.033333333,8
introduction,contribution_list,roadmap,7,0.028,0.026666667,7
introduction,core_idea,theory_preview,7,0.028,0.03,7
introduction,method_preview,theory_preview,7,0.028,0.035,7
introduction,problem,problem,7,0.028,0.03,7
introduction,context,contribution_list,6,0.024,0.023333333,6
introduction,contribution_list,method_preview,6,0.024,0.028333333,6
introduction,contribution_list,scope_boundary,6,0.024,0.023333333,6
introduction,missing_insight,problem,6,0.024,0.026666667,6
introduction,theory_preview,contribution_list,6,0.024,0.03,6
introduction,failure_of_prior_work,method_preview,5,0.02,0.02,5
introduction,missing_insight,failure_of_prior_work,5,0.02,0.021666667,5
introduction,missing_insight,result_preview,5,0.02,0.023333333,5
introduction,problem,context,5,0.02,0.02,5
introduction,theory_preview,result_preview,5,0.02,0.025,5
introduction,context,method_preview,4,0.016,0.013333333,4
introduction,context,result_preview,4,0.016,0.015,4
introduction,contribution_list,theory_preview,4,0.016,0.02,4
introduction,core_idea,failure_of_prior_work,4,0.016,0.02,4
introduction,method_preview,failure_of_prior_work,4,0.016,0.013333333,4
introduction,method_preview,scope_boundary,4,0.016,0.018333333,4
introduction,problem,scope_boundary,4,0.016,0.016666667,4
introduction,failure_of_prior_work,context,3,0.012,0.013333333,3
introduction,failure_of_prior_work,result_preview,3,0.012,0.013333333,3
introduction,failure_of_prior_work,scope_boundary,3,0.012,0.011666667,3
introduction,result_preview,method_preview,3,0.012,0.011666667,4
introduction,scope_boundary,failure_of_prior_work,3,0.012,0.013333333,3
introduction,scope_boundary,problem,3,0.012,0.011666667,3
introduction,context,core_idea,2,0.008,0.008333333,2
introduction,context,scope_boundary,2,0.008,0.008333333,2
introduction,contribution_list,core_idea,2,0.008,0.008333333,2
introduction,core_idea,context,2,0.008,0.01,2
introduction,core_idea,missing_insight,2,0.008,0.01,2
introduction,core_idea,problem,2,0.008,0.008333333,2
introduction,method_preview,core_idea,2,0.008,0.008333333,2
introduction,method_preview,problem,2,0.008,0.006666667,2
introduction,problem,contribution_list,2,0.008,0.008333333,2
introduction,result_preview,result_preview,2,0.008,0.006666667,3
introduction,scope_boundary,core_idea,2,0.008,0.008333333,2
introduction,scope_boundary,result_preview,2,0.008,0.01,2
introduction,context,roadmap,1,0.004,0.003333333,1
introduction,context,theory_preview,1,0.004,0.005,1
introduction,contribution_list,missing_insight,1,0.004,0.005,1
introduction,core_idea,scope_boundary,1,0.004,0.005,1
introduction,failure_of_prior_work,theory_preview,1,0.004,0.005,1
introduction,method_preview,missing_insight,1,0.004,0.003333333,1
introduction,method_preview,roadmap,1,0.004,0.005,1
introduction,missing_insight,context,1,0.004,0.003333333,1
introduction,missing_insight,scope_boundary,1,0.004,0.003333333,1
introduction,missing_insight,theory_preview,1,0.004,0.003333333,1
introduction,problem,result_preview,1,0.004,0.005,1
introduction,problem,theory_preview,1,0.004,0.003333333,1
introduction,result_preview,context,1,0.004,0.003333333,1
introduction,result_preview,failure_of_prior_work,1,0.004,0.005,1
introduction,result_preview,roadmap,1,0.004,0.005,1
introduction,scope_boundary,contribution_list,1,0.004,0.003333333,1
introduction,scope_boundary,method_preview,1,0.004,0.003333333,1
introduction,scope_boundary,scope_boundary,1,0.004,0.003333333,1
introduction,scope_boundary,theory_preview,1,0.004,0.003333333,1
introduction,theory_preview,failure_of_prior_work,1,0.004,0.005,1
introduction,theory_preview,problem,1,0.004,0.003333333,1
introduction,theory_preview,roadmap,1,0.004,0.005,1
introduction,theory_preview,scope_boundary,1,0.004,0.003333333,1
introduction,theory_preview,theory_preview,1,0.004,0.005,2
method,state_problem,define_component,95,0.38,0.376666667,109
method,setup_notation,state_problem,87,0.348,0.346666667,87
method,define_component,derive,70,0.28,0.295,83
method,define_component,explain_mechanism,69,0.276,0.28,76
method,state_problem,derive,69,0.276,0.283333333,73
method,derive,define_component,67,0.268,0.271666667,77
method,define_component,instantiate_algorithm,57,0.228,0.223333333,65
method,define_component,define_component,50,0.2,0.203333333,75
method,setup_notation,define_component,48,0.192,0.198333333,50
method,derive,instantiate_algorithm,43,0.172,0.173333333,44
method,instantiate_algorithm,connect_to_experiment,38,0.152,0.148333333,41
method,derive,explain_mechanism,37,0.148,0.155,37
method,setup_notation,derive,36,0.144,0.146666667,39
method,derive,derive,35,0.14,0.145,45
method,explain_mechanism,instantiate_algorithm,34,0.136,0.14,35
method,define_component,connect_to_prediction,28,0.112,0.115,32
method,explain_mechanism,define_component,28,0.112,0.121666667,31
method,instantiate_algorithm,define_component,27,0.108,0.108333333,29
method,derive,connect_to_prediction,26,0.104,0.108333333,31
method,derive,state_problem,26,0.104,0.101666667,27
method,instantiate_algorithm,connect_to_prediction,26,0.104,0.108333333,26
method,instantiate_algorithm,explain_mechanism,24,0.096,0.106666667,24
method,define_component,connect_to_experiment,23,0.092,0.088333333,23
method,define_component,state_problem,23,0.092,0.096666667,25
method,instantiate_algorithm,derive,23,0.092,0.093333333,26
method,connect_to_prediction,connect_to_experiment,21,0.084,0.091666667,21
method,connect_to_prediction,instantiate_algorithm,21,0.084,0.083333333,21
method,contrast_alternative,define_component,21,0.084,0.085,23
method,define_component,contrast_alternative,21,0.084,0.085,21
method,explain_mechanism,connect_to_prediction,21,0.084,0.085,21
method,derive,contrast_alternative,20,0.08,0.08,20
method,explain_mechanism,derive,19,0.076,0.076666667,20
method,state_problem,instantiate_algorithm,18,0.072,0.076666667,18
method,connect_to_prediction,derive,17,0.068,0.065,17
method,contrast_alternative,state_problem,17,0.068,0.075,17
method,explain_mechanism,state_problem,17,0.068,0.071666667,18
method,instantiate_algorithm,instantiate_algorithm,16,0.064,0.066666667,20
method,instantiate_algorithm,state_problem,15,0.06,0.056666667,15
method,state_problem,setup_notation,15,0.06,0.063333333,17
method,connect_to_prediction,define_component,14,0.056,0.058333333,16
method,contrast_alternative,derive,14,0.056,0.055,14
method,give_intuition,define_component,14,0.056,0.061666667,14
method,derive,state_complexity,13,0.052,0.053333333,13
method,instantiate_algorithm,contrast_alternative,13,0.052,0.055,13
method,instantiate_algorithm,state_complexity,13,0.052,0.051666667,13
method,connect_to_prediction,state_problem,12,0.048,0.055,12
method,define_component,give_intuition,12,0.048,0.043333333,12
method,derive,connect_to_experiment,12,0.048,0.045,12
method,connect_to_experiment,summarize,11,0.044,0.038333333,11
method,contrast_alternative,connect_to_experiment,11,0.044,0.048333333,11
method,define_component,setup_notation,11,0.044,0.043333333,11
method,explain_mechanism,state_complexity,11,0.044,0.048333333,11
method,state_problem,contrast_alternative,11,0.044,0.046666667,11
method,connect_to_prediction,connect_to_prediction,10,0.04,0.036666667,11
method,give_intuition,derive,10,0.04,0.038333333,10
method,setup_notation,instantiate_algorithm,10,0.04,0.045,10
method,connect_to_experiment,contrast_alternative,9,0.036,0.036666667,9
method,connect_to_experiment,define_component,9,0.036,0.035,10
method,connect_to_prediction,contrast_alternative,9,0.036,0.033333333,10
method,contrast_alternative,instantiate_algorithm,9,0.036,0.033333333,9
method,derive,give_intuition,9,0.036,0.041666667,9
method,explain_mechanism,setup_notation,9,0.036,0.036666667,9
method,setup_notation,setup_notation,9,0.036,0.035,9
method,connect_to_prediction,state_complexity,8,0.032,0.03,8
method,give_intuition,instantiate_algorithm,8,0.032,0.033333333,8
method,state_complexity,instantiate_algorithm,8,0.032,0.035,8
method,state_problem,explain_mechanism,8,0.032,0.03,8
method,connect_to_experiment,instantiate_algorithm,7,0.028,0.028333333,7
method,explain_mechanism,contrast_alternative,7,0.028,0.03,7
method,setup_notation,contrast_alternative,7,0.028,0.03,7
method,state_complexity,connect_to_experiment,7,0.028,0.031666667,7
method,state_complexity,contrast_alternative,7,0.028,0.028333333,7
method,connect_to_experiment,state_problem,6,0.024,0.025,8
method,contrast_alternative,connect_to_prediction,6,0.024,0.023333333,6
method,define_component,state_complexity,6,0.024,0.026666667,6
method,derive,summarize,6,0.024,0.025,6
method,explain_mechanism,connect_to_experiment,6,0.024,0.021666667,6
method,instantiate_algorithm,give_intuition,6,0.024,0.023333333,6
method,instantiate_algorithm,summarize,6,0.024,0.026666667,6
method,setup_notation,connect_to_prediction,6,0.024,0.025,6
method,setup_notation,explain_mechanism,6,0.024,0.025,7
method,state_complexity,connect_to_prediction,6,0.024,0.025,6
method,summarize,instantiate_algorithm,6,0.024,0.023333333,6
method,connect_to_experiment,connect_to_prediction,5,0.02,0.018333333,5
method,connect_to_prediction,setup_notation,5,0.02,0.021666667,5
method,connect_to_prediction,summarize,5,0.02,0.018333333,5
method,contrast_alternative,setup_notation,5,0.02,0.018333333,5
method,contrast_alternative,summarize,5,0.02,0.023333333,5
method,derive,setup_notation,5,0.02,0.021666667,5
method,explain_mechanism,give_intuition,5,0.02,0.023333333,5
method,instantiate_algorithm,setup_notation,5,0.02,0.018333333,5
method,state_complexity,define_component,5,0.02,0.018333333,5
method,state_complexity,derive,5,0.02,0.018333333,5
method,state_problem,give_intuition,5,0.02,0.02,5
method,connect_to_experiment,connect_to_experiment,4,0.016,0.013333333,6
method,connect_to_experiment,derive,4,0.016,0.015,4
method,connect_to_prediction,give_intuition,4,0.016,0.018333333,4
method,explain_mechanism,explain_mechanism,4,0.016,0.016666667,4
method,give_intuition,connect_to_prediction,4,0.016,0.016666667,4
method,state_complexity,explain_mechanism,4,0.016,0.015,4
method,state_complexity,summarize,4,0.016,0.015,4
method,state_problem,connect_to_prediction,4,0.016,0.018333333,4
method,summarize,state_problem,4,0.016,0.016666667,4
method,connect_to_prediction,explain_mechanism,3,0.012,0.013333333,3
method,contrast_alternative,contrast_alternative,3,0.012,0.013333333,4
method,give_intuition,state_problem,3,0.012,0.013333333,3
method,state_problem,state_problem,3,0.012,0.01,3
method,summarize,define_component,3,0.012,0.01,3
method,connect_to_experiment,explain_mechanism,2,0.008,0.008333333,2
method,connect_to_experiment,setup_notation,2,0.008,0.006666667,2
method,connect_to_experiment,state_complexity,2,0.008,0.008333333,2
method,contrast_alternative,explain_mechanism,2,0.008,0.006666667,2
method,contrast_alternative,give_intuition,2,0.008,0.01,2
method,define_component,summarize,2,0.008,0.006666667,2
method,explain_mechanism,summarize,2,0.008,0.006666667,2
method,give_intuition,contrast_alternative,2,0.008,0.006666667,2
method,setup_notation,connect_to_experiment,2,0.008,0.01,2
method,state_problem,connect_to_experiment,2,0.008,0.006666667,2
method,state_problem,summarize,2,0.008,0.006666667,2
method,give_intuition,setup_notation,1,0.004,0.005,1
method,give_intuition,state_complexity,1,0.004,0.005,1
method,give_intuition,summarize,1,0.004,0.003333333,1
method,setup_notation,give_intuition,1,0.004,0.003333333,1
method,setup_notation,state_complexity,1,0.004,0.005,1
method,setup_notation,summarize,1,0.004,0.005,1
method,state_complexity,state_problem,1,0.004,0.005,1
method,state_problem,state_complexity,1,0.004,0.003333333,1
method,summarize,connect_to_experiment,1,0.004,0.003333333,1
method,summarize,connect_to_prediction,1,0.004,0.003333333,1
method,summarize,explain_mechanism,1,0.004,0.003333333,1
method,summarize,setup_notation,1,0.004,0.003333333,1
related_work,taxonomy,nearest_neighbor_contrast,64,0.256,0.271666667,67
related_work,nearest_neighbor_contrast,taxonomy,24,0.096,0.11,27
related_work,taxonomy,gap_creation,24,0.096,0.1,24
related_work,nearest_neighbor_contrast,gap_creation,23,0.092,0.095,23
related_work,limitation_of_prior,nearest_neighbor_contrast,22,0.088,0.1,22
related_work,taxonomy,credit_or_foundation,22,0.088,0.098333333,22
related_work,taxonomy,limitation_of_prior,22,0.088,0.09,23
related_work,nearest_neighbor_contrast,credit_or_foundation,21,0.084,0.086666667,21
related_work,credit_or_foundation,taxonomy,17,0.068,0.073333333,17
related_work,nearest_neighbor_contrast,limitation_of_prior,17,0.068,0.07,17
related_work,credit_or_foundation,nearest_neighbor_contrast,16,0.064,0.071666667,18
related_work,taxonomy,taxonomy,15,0.06,0.065,18
related_work,nearest_neighbor_contrast,nearest_neighbor_contrast,14,0.056,0.06,15
related_work,limitation_of_prior,taxonomy,13,0.052,0.051666667,13
related_work,credit_or_foundation,limitation_of_prior,12,0.048,0.051666667,12
related_work,gap_creation,taxonomy,12,0.048,0.05,12
related_work,credit_or_foundation,gap_creation,10,0.04,0.041666667,10
related_work,gap_creation,nearest_neighbor_contrast,10,0.04,0.041666667,10
related_work,gap_creation,credit_or_foundation,8,0.032,0.036666667,8
related_work,limitation_of_prior,gap_creation,8,0.032,0.033333333,8
related_work,chronology,taxonomy,6,0.024,0.026666667,6
related_work,positioning_only,taxonomy,5,0.02,0.021666667,5
related_work,gap_creation,limitation_of_prior,4,0.016,0.016666667,4
related_work,taxonomy,chronology,4,0.016,0.015,5
related_work,credit_or_foundation,credit_or_foundation,3,0.012,0.015,3
related_work,limitation_of_prior,positioning_only,3,0.012,0.01,3
related_work,nearest_neighbor_contrast,positioning_only,3,0.012,0.015,3
related_work,taxonomy,positioning_only,3,0.012,0.015,3
related_work,chronology,gap_creation,2,0.008,0.006666667,2
related_work,chronology,limitation_of_prior,2,0.008,0.008333333,2
related_work,chronology,nearest_neighbor_contrast,2,0.008,0.008333333,2
related_work,credit_or_foundation,chronology,2,0.008,0.01,2
related_work,credit_or_foundation,positioning_only,2,0.008,0.006666667,2
related_work,gap_creation,positioning_only,2,0.008,0.006666667,2
related_work,limitation_of_prior,limitation_of_prior,2,0.008,0.006666667,3
related_work,nearest_neighbor_contrast,chronology,2,0.008,0.008333333,2
related_work,gap_creation,chronology,1,0.004,0.003333333,1
related_work,limitation_of_prior,chronology,1,0.004,0.003333333,1
related_work,limitation_of_prior,credit_or_foundation,1,0.004,0.005,1
related_work,positioning_only,positioning_only,1,0.004,0.005,1
