conference,analysis_stratum,module,metric,n,mean,trimmed_mean_20,median,q1,q3,min,max
ICLR,all,abstract,present,12,1.0,1.0,1.0,1.0,1.0,1.0,1.0
ICLR,all,abstract,estimated_words,12,202.5,204.125,207.0,185.0,218.5,162.0,247.0
ICLR,all,abstract,main_word_share,12,0.035217,0.033725,0.0331,0.028775,0.0395,0.027,0.0518
ICLR,all,abstract,figures,12,0.083333,0.0,0.0,0.0,0.0,0.0,1.0
ICLR,all,abstract,tables,12,0.0,0.0,0.0,0.0,0.0,0.0,0.0
ICLR,all,abstract,algorithms,12,0.0,0.0,0.0,0.0,0.0,0.0,0.0
ICLR,all,abstract,displayed_equations,12,0.0,0.0,0.0,0.0,0.0,0.0,0.0
ICLR,all,abstract,visual_objects,12,0.083333,0.0,0.0,0.0,0.0,0.0,1.0
ICLR,all,abstract,visual_objects_per_1000_words,12,0.445633,0.0,0.0,0.0,0.0,0.0,5.347594
ICLR,all,abstract,equations_per_1000_words,12,0.0,0.0,0.0,0.0,0.0,0.0,0.0
ICLR,all,abstract,visual_share_within_main,11,0.015152,0.0,0.0,0.0,0.0,0.0,0.166667
ICLR,all,abstract,equation_share_within_main,9,0.0,0.0,0.0,0.0,0.0,0.0,0.0
ICLR,all,introduction,present,12,1.0,1.0,1.0,1.0,1.0,1.0,1.0
ICLR,all,introduction,estimated_words,12,704.666667,703.875,700.0,631.25,777.0,470.0,945.0
ICLR,all,introduction,main_word_share,12,0.120308,0.11825,0.11275,0.102,0.1375,0.096,0.16
ICLR,all,introduction,figures,12,0.5,0.5,0.5,0.0,1.0,0.0,1.0
ICLR,all,introduction,tables,12,0.0,0.0,0.0,0.0,0.0,0.0,0.0
ICLR,all,introduction,algorithms,12,0.0,0.0,0.0,0.0,0.0,0.0,0.0
ICLR,all,introduction,displayed_equations,12,0.083333,0.0,0.0,0.0,0.0,0.0,1.0
ICLR,all,introduction,visual_objects,12,0.5,0.5,0.5,0.0,1.0,0.0,1.0
ICLR,all,introduction,visual_objects_per_1000_words,12,0.675469,0.611279,0.529101,0.0,1.328011,0.0,1.652893
ICLR,all,introduction,equations_per_1000_words,12,0.088183,0.0,0.0,0.0,0.0,0.0,1.058201
ICLR,all,introduction,visual_share_within_main,11,0.076699,0.055051,0.083333,0.0,0.105556,0.0,0.333333
ICLR,all,introduction,equation_share_within_main,9,0.022222,0.0,0.0,0.0,0.0,0.0,0.2
ICLR,all,related_work,present,12,1.0,1.0,1.0,1.0,1.0,1.0,1.0
ICLR,all,related_work,estimated_words,12,553.166667,561.375,488.5,473.5,699.5,242.0,745.0
ICLR,all,related_work,main_word_share,12,0.094717,0.09605,0.0995,0.075,0.115,0.04,0.133
ICLR,all,related_work,figures,12,0.0,0.0,0.0,0.0,0.0,0.0,0.0
ICLR,all,related_work,tables,12,0.083333,0.0,0.0,0.0,0.0,0.0,1.0
ICLR,all,related_work,algorithms,12,0.0,0.0,0.0,0.0,0.0,0.0,0.0
ICLR,all,related_work,displayed_equations,12,0.166667,0.0,0.0,0.0,0.0,0.0,2.0
ICLR,all,related_work,visual_objects,12,0.083333,0.0,0.0,0.0,0.0,0.0,1.0
ICLR,all,related_work,visual_objects_per_1000_words,12,0.113999,0.0,0.0,0.0,0.0,0.0,1.367989
ICLR,all,related_work,equations_per_1000_words,12,0.22553,0.0,0.0,0.0,0.0,0.0,2.70636
ICLR,all,related_work,visual_share_within_main,11,0.009091,0.0,0.0,0.0,0.0,0.0,0.1
ICLR,all,related_work,equation_share_within_main,9,0.008547,0.0,0.0,0.0,0.0,0.0,0.076923
ICLR,all,method,present,12,1.0,1.0,1.0,1.0,1.0,1.0,1.0
ICLR,all,method,estimated_words,12,1244.25,1130.5,1188.0,938.75,1302.5,541.0,2728.0
ICLR,all,method,main_word_share,12,0.213817,0.197725,0.1859,0.16325,0.2365,0.096,0.462
ICLR,all,method,figures,12,1.0,0.75,1.0,0.0,1.25,0.0,3.0
ICLR,all,method,tables,12,0.0,0.0,0.0,0.0,0.0,0.0,0.0
ICLR,all,method,algorithms,12,0.166667,0.0,0.0,0.0,0.0,0.0,1.0
ICLR,all,method,displayed_equations,12,3.916667,3.0,3.5,0.0,6.25,0.0,12.0
ICLR,all,method,visual_objects,12,1.166667,1.0,1.0,0.0,2.0,0.0,3.0
ICLR,all,method,visual_objects_per_1000_words,12,1.031672,0.967151,1.057468,0.0,1.722611,0.0,2.5
ICLR,all,method,equations_per_1000_words,12,3.01799,2.270659,1.804566,0.0,4.986011,0.0,12.0
ICLR,all,method,visual_share_within_main,11,0.138607,0.122573,0.1,0.041667,0.215909,0.0,0.333333
ICLR,all,method,equation_share_within_main,9,0.531711,0.540772,0.6,0.461538,0.6875,0.0,1.0
ICLR,all,theory,present,12,0.5,0.5,0.5,0.0,1.0,0.0,1.0
ICLR,all,theory,estimated_words,12,559.5,304.375,122.0,0.0,841.25,0.0,2470.0
ICLR,all,theory,main_word_share,12,0.091258,0.050825,0.02135,0.0,0.128675,0.0,0.3875
ICLR,all,theory,figures,12,0.0,0.0,0.0,0.0,0.0,0.0,0.0
ICLR,all,theory,tables,12,0.0,0.0,0.0,0.0,0.0,0.0,0.0
ICLR,all,theory,algorithms,12,0.0,0.0,0.0,0.0,0.0,0.0,0.0
ICLR,all,theory,displayed_equations,12,2.083333,1.625,1.0,0.0,4.0,0.0,8.0
ICLR,all,theory,visual_objects,12,0.0,0.0,0.0,0.0,0.0,0.0,0.0
ICLR,all,theory,visual_objects_per_1000_words,6,0.0,0.0,0.0,0.0,0.0,0.0,0.0
ICLR,all,theory,equations_per_1000_words,6,6.315612,4.9702,5.368611,2.676014,6.865973,1.619433,16.393443
ICLR,all,theory,visual_share_within_main,11,0.0,0.0,0.0,0.0,0.0,0.0,0.0
ICLR,all,theory,equation_share_within_main,9,0.30237,0.245904,0.307692,0.0,0.4,0.0,1.0
ICLR,all,experimental_design,present,12,0.916667,1.0,1.0,1.0,1.0,0.0,1.0
ICLR,all,experimental_design,estimated_words,12,560.5,480.875,461.0,335.0,643.75,0.0,1490.0
ICLR,all,experimental_design,main_word_share,12,0.09415,0.08185,0.08425,0.0543,0.10495,0.0,0.229
ICLR,all,experimental_design,figures,12,0.416667,0.0,0.0,0.0,0.0,0.0,4.0
ICLR,all,experimental_design,tables,12,0.166667,0.0,0.0,0.0,0.0,0.0,1.0
ICLR,all,experimental_design,algorithms,12,0.0,0.0,0.0,0.0,0.0,0.0,0.0
ICLR,all,experimental_design,displayed_equations,12,0.416667,0.0,0.0,0.0,0.0,0.0,4.0
ICLR,all,experimental_design,visual_objects,12,0.583333,0.125,0.0,0.0,0.25,0.0,5.0
ICLR,all,experimental_design,visual_objects_per_1000_words,11,0.681591,0.095877,0.0,0.0,0.33557,0.0,4.048583
ICLR,all,experimental_design,equations_per_1000_words,11,0.677346,0.0,0.0,0.0,0.0,0.0,6.779661
ICLR,all,experimental_design,visual_share_within_main,11,0.068871,0.012987,0.0,0.0,0.045455,0.0,0.5
ICLR,all,experimental_design,equation_share_within_main,9,0.128205,0.021978,0.0,0.0,0.0,0.0,1.0
ICLR,all,results,present,12,1.0,1.0,1.0,1.0,1.0,1.0,1.0
ICLR,all,results,estimated_words,12,1263.333333,1237.625,1175.0,927.75,1541.0,465.0,2090.0
ICLR,all,results,main_word_share,12,0.217075,0.213762,0.20665,0.1505,0.271225,0.073,0.371
ICLR,all,results,figures,12,1.75,1.25,1.0,0.0,2.25,0.0,6.0
ICLR,all,results,tables,12,2.416667,2.0,2.0,0.75,3.25,0.0,7.0
ICLR,all,results,algorithms,12,0.0,0.0,0.0,0.0,0.0,0.0,0.0
ICLR,all,results,displayed_equations,12,0.083333,0.0,0.0,0.0,0.0,0.0,1.0
ICLR,all,results,visual_objects,12,4.166667,4.0,3.0,2.0,6.25,0.0,8.0
ICLR,all,results,visual_objects_per_1000_words,12,3.392799,3.460362,3.388668,2.583089,4.355325,0.0,6.4
ICLR,all,results,equations_per_1000_words,12,0.090481,0.0,0.0,0.0,0.0,0.0,1.085776
ICLR,all,results,visual_share_within_main,11,0.551427,0.558194,0.6,0.380952,0.666667,0.2,0.875
ICLR,all,results,equation_share_within_main,9,0.006944,0.0,0.0,0.0,0.0,0.0,0.0625
ICLR,all,ablation,present,12,0.833333,1.0,1.0,1.0,1.0,0.0,1.0
ICLR,all,ablation,estimated_words,12,321.916667,234.125,235.0,71.25,361.25,0.0,1010.0
ICLR,all,ablation,main_word_share,12,0.056642,0.039887,0.03955,0.014725,0.06525,0.0,0.2118
ICLR,all,ablation,figures,12,0.5,0.125,0.0,0.0,0.25,0.0,3.0
ICLR,all,ablation,tables,12,0.583333,0.375,0.0,0.0,1.0,0.0,2.0
ICLR,all,ablation,algorithms,12,0.0,0.0,0.0,0.0,0.0,0.0,0.0
ICLR,all,ablation,displayed_equations,12,0.0,0.0,0.0,0.0,0.0,0.0,0.0
ICLR,all,ablation,visual_objects,12,1.083333,1.0,1.0,0.0,2.0,0.0,3.0
ICLR,all,ablation,visual_objects_per_1000_words,10,4.322605,3.926265,3.765265,2.273187,5.644161,0.0,12.5
ICLR,all,ablation,equations_per_1000_words,10,0.0,0.0,0.0,0.0,0.0,0.0,0.0
ICLR,all,ablation,visual_share_within_main,11,0.140155,0.123304,0.1,0.041667,0.211111,0.0,0.428571
ICLR,all,ablation,equation_share_within_main,9,0.0,0.0,0.0,0.0,0.0,0.0,0.0
ICLR,all,conclusion,present,12,1.0,1.0,1.0,1.0,1.0,1.0,1.0
ICLR,all,conclusion,estimated_words,12,142.916667,126.125,122.5,97.5,150.25,87.0,308.0
ICLR,all,conclusion,main_word_share,12,0.024658,0.021812,0.02115,0.01575,0.02675,0.0128,0.0468
ICLR,all,conclusion,figures,12,0.0,0.0,0.0,0.0,0.0,0.0,0.0
ICLR,all,conclusion,tables,12,0.0,0.0,0.0,0.0,0.0,0.0,0.0
ICLR,all,conclusion,algorithms,12,0.0,0.0,0.0,0.0,0.0,0.0,0.0
ICLR,all,conclusion,displayed_equations,12,0.0,0.0,0.0,0.0,0.0,0.0,0.0
ICLR,all,conclusion,visual_objects,12,0.0,0.0,0.0,0.0,0.0,0.0,0.0
ICLR,all,conclusion,visual_objects_per_1000_words,12,0.0,0.0,0.0,0.0,0.0,0.0,0.0
ICLR,all,conclusion,equations_per_1000_words,12,0.0,0.0,0.0,0.0,0.0,0.0,0.0
ICLR,all,conclusion,visual_share_within_main,11,0.0,0.0,0.0,0.0,0.0,0.0,0.0
ICLR,all,conclusion,equation_share_within_main,9,0.0,0.0,0.0,0.0,0.0,0.0,0.0
ICLR,all,limitations,present,12,0.416667,0.375,0.0,0.0,1.0,0.0,1.0
ICLR,all,limitations,estimated_words,12,95.75,42.875,0.0,0.0,118.0,0.0,600.0
ICLR,all,limitations,main_word_share,12,0.01365,0.005063,0.0,0.0,0.018925,0.0,0.092
ICLR,all,limitations,figures,12,0.0,0.0,0.0,0.0,0.0,0.0,0.0
ICLR,all,limitations,tables,12,0.0,0.0,0.0,0.0,0.0,0.0,0.0
ICLR,all,limitations,algorithms,12,0.0,0.0,0.0,0.0,0.0,0.0,0.0
ICLR,all,limitations,displayed_equations,12,0.0,0.0,0.0,0.0,0.0,0.0,0.0
ICLR,all,limitations,visual_objects,12,0.0,0.0,0.0,0.0,0.0,0.0,0.0
ICLR,all,limitations,visual_objects_per_1000_words,5,0.0,0.0,0.0,0.0,0.0,0.0,0.0
ICLR,all,limitations,equations_per_1000_words,5,0.0,0.0,0.0,0.0,0.0,0.0,0.0
ICLR,all,limitations,visual_share_within_main,11,0.0,0.0,0.0,0.0,0.0,0.0,0.0
ICLR,all,limitations,equation_share_within_main,9,0.0,0.0,0.0,0.0,0.0,0.0,0.0
ICLR,all,appendix,present,12,0.916667,1.0,1.0,1.0,1.0,0.0,1.0
ICLR,all,appendix,estimated_words,12,7359.333333,7169.5,5425.0,4059.5,11134.5,0.0,15438.0
ICLR,all,appendix,main_word_share,0,,,,,,,
ICLR,all,appendix,figures,12,8.75,7.125,5.5,1.5,14.25,0.0,33.0
ICLR,all,appendix,tables,12,6.833333,6.5,6.5,2.5,11.0,0.0,17.0
ICLR,all,appendix,algorithms,12,0.166667,0.0,0.0,0.0,0.0,0.0,1.0
ICLR,all,appendix,displayed_equations,12,9.833333,5.5,3.5,0.0,12.75,0.0,41.0
ICLR,all,appendix,visual_objects,12,15.75,14.375,11.5,6.5,26.5,0.0,44.0
ICLR,all,appendix,visual_objects_per_1000_words,11,2.187283,2.000279,1.756098,1.57892,2.578336,0.0,4.590164
ICLR,all,appendix,equations_per_1000_words,11,1.991746,0.648932,0.506146,0.0,1.583027,0.0,10.419314
ICLR,all,appendix,visual_share_within_main,11,2.043605,2.151855,2.333333,1.392857,2.763636,0.0,3.666667
ICLR,all,appendix,equation_share_within_main,9,1.910596,1.456481,1.269231,0.0,2.5625,0.0,7.0
ICLR,all,other,present,12,1.0,1.0,1.0,1.0,1.0,1.0,1.0
ICLR,all,other,estimated_words,12,779.166667,628.125,499.0,139.75,1156.75,35.0,2460.0
ICLR,all,other,main_word_share,7,0.0552,0.04648,0.039,0.0233,0.0734,0.01,0.144
ICLR,all,other,figures,12,0.0,0.0,0.0,0.0,0.0,0.0,0.0
ICLR,all,other,tables,12,0.0,0.0,0.0,0.0,0.0,0.0,0.0
ICLR,all,other,algorithms,12,0.0,0.0,0.0,0.0,0.0,0.0,0.0
ICLR,all,other,displayed_equations,12,0.0,0.0,0.0,0.0,0.0,0.0,0.0
ICLR,all,other,visual_objects,12,0.0,0.0,0.0,0.0,0.0,0.0,0.0
ICLR,all,other,visual_objects_per_1000_words,12,0.0,0.0,0.0,0.0,0.0,0.0,0.0
ICLR,all,other,equations_per_1000_words,12,0.0,0.0,0.0,0.0,0.0,0.0,0.0
ICLR,all,other,visual_share_within_main,11,0.0,0.0,0.0,0.0,0.0,0.0,0.0
ICLR,all,other,equation_share_within_main,9,0.0,0.0,0.0,0.0,0.0,0.0,0.0
ICLR,oral,abstract,present,10,1.0,1.0,1.0,1.0,1.0,1.0,1.0
ICLR,oral,abstract,estimated_words,10,208.1,211.166667,209.5,204.0,219.5,163.0,247.0
ICLR,oral,abstract,main_word_share,10,0.03666,0.03545,0.03595,0.0299,0.0405,0.028,0.0518
ICLR,oral,abstract,figures,10,0.0,0.0,0.0,0.0,0.0,0.0,0.0
ICLR,oral,abstract,tables,10,0.0,0.0,0.0,0.0,0.0,0.0,0.0
ICLR,oral,abstract,algorithms,10,0.0,0.0,0.0,0.0,0.0,0.0,0.0
ICLR,oral,abstract,displayed_equations,10,0.0,0.0,0.0,0.0,0.0,0.0,0.0
ICLR,oral,abstract,visual_objects,10,0.0,0.0,0.0,0.0,0.0,0.0,0.0
ICLR,oral,abstract,visual_objects_per_1000_words,10,0.0,0.0,0.0,0.0,0.0,0.0,0.0
ICLR,oral,abstract,equations_per_1000_words,10,0.0,0.0,0.0,0.0,0.0,0.0,0.0
ICLR,oral,abstract,visual_share_within_main,10,0.0,0.0,0.0,0.0,0.0,0.0,0.0
ICLR,oral,abstract,equation_share_within_main,7,0.0,0.0,0.0,0.0,0.0,0.0,0.0
ICLR,oral,introduction,present,10,1.0,1.0,1.0,1.0,1.0,1.0,1.0
ICLR,oral,introduction,estimated_words,10,696.1,689.333333,700.0,613.75,753.25,470.0,945.0
ICLR,oral,introduction,main_word_share,10,0.12037,0.117667,0.11275,0.100725,0.1384,0.096,0.16
ICLR,oral,introduction,figures,10,0.6,0.666667,1.0,0.0,1.0,0.0,1.0
ICLR,oral,introduction,tables,10,0.0,0.0,0.0,0.0,0.0,0.0,0.0
ICLR,oral,introduction,algorithms,10,0.0,0.0,0.0,0.0,0.0,0.0,0.0
ICLR,oral,introduction,displayed_equations,10,0.1,0.0,0.0,0.0,0.0,0.0,1.0
ICLR,oral,introduction,visual_objects,10,0.6,0.666667,1.0,0.0,1.0,0.0,1.0
ICLR,oral,introduction,visual_objects_per_1000_words,10,0.810562,0.815038,1.103153,0.0,1.355912,0.0,1.652893
ICLR,oral,introduction,equations_per_1000_words,10,0.10582,0.0,0.0,0.0,0.0,0.0,1.058201
ICLR,oral,introduction,visual_share_within_main,10,0.084369,0.064226,0.087121,0.0,0.108333,0.0,0.333333
ICLR,oral,introduction,equation_share_within_main,7,0.028571,0.0,0.0,0.0,0.0,0.0,0.2
ICLR,oral,related_work,present,10,1.0,1.0,1.0,1.0,1.0,1.0,1.0
ICLR,oral,related_work,estimated_words,10,593.6,592.166667,582.5,482.0,720.5,421.0,745.0
ICLR,oral,related_work,main_word_share,10,0.10256,0.103067,0.1018,0.08675,0.1188,0.075,0.133
ICLR,oral,related_work,figures,10,0.0,0.0,0.0,0.0,0.0,0.0,0.0
ICLR,oral,related_work,tables,10,0.1,0.0,0.0,0.0,0.0,0.0,1.0
ICLR,oral,related_work,algorithms,10,0.0,0.0,0.0,0.0,0.0,0.0,0.0
ICLR,oral,related_work,displayed_equations,10,0.2,0.0,0.0,0.0,0.0,0.0,2.0
ICLR,oral,related_work,visual_objects,10,0.1,0.0,0.0,0.0,0.0,0.0,1.0
ICLR,oral,related_work,visual_objects_per_1000_words,10,0.136799,0.0,0.0,0.0,0.0,0.0,1.367989
ICLR,oral,related_work,equations_per_1000_words,10,0.270636,0.0,0.0,0.0,0.0,0.0,2.70636
ICLR,oral,related_work,visual_share_within_main,10,0.01,0.0,0.0,0.0,0.0,0.0,0.1
ICLR,oral,related_work,equation_share_within_main,7,0.010989,0.0,0.0,0.0,0.0,0.0,0.076923
ICLR,oral,method,present,10,1.0,1.0,1.0,1.0,1.0,1.0,1.0
ICLR,oral,method,estimated_words,10,1231.3,1140.666667,1188.0,988.75,1255.75,541.0,2728.0
ICLR,oral,method,main_word_share,10,0.21398,0.189533,0.1859,0.167875,0.215875,0.096,0.462
ICLR,oral,method,figures,10,1.0,0.666667,1.0,0.0,1.0,0.0,3.0
ICLR,oral,method,tables,10,0.0,0.0,0.0,0.0,0.0,0.0,0.0
ICLR,oral,method,algorithms,10,0.2,0.0,0.0,0.0,0.0,0.0,1.0
ICLR,oral,method,displayed_equations,10,3.6,2.833333,3.5,0.0,5.5,0.0,12.0
ICLR,oral,method,visual_objects,10,1.2,1.0,1.0,0.25,1.75,0.0,3.0
ICLR,oral,method,visual_objects_per_1000_words,10,0.988006,0.981463,1.057468,0.210793,1.573004,0.0,2.142857
ICLR,oral,method,equations_per_1000_words,10,3.016527,2.065743,1.804566,0.0,4.558536,0.0,12.0
ICLR,oral,method,visual_share_within_main,10,0.119134,0.101335,0.1,0.020833,0.172078,0.0,0.333333
ICLR,oral,method,equation_share_within_main,7,0.585415,0.61958,0.6,0.530769,0.718182,0.0,1.0
ICLR,oral,theory,present,10,0.5,0.5,0.5,0.0,1.0,0.0,1.0
ICLR,oral,theory,estimated_words,10,490.5,213.5,122.0,0.0,627.75,0.0,2470.0
ICLR,oral,theory,main_word_share,10,0.07941,0.035433,0.02135,0.0,0.095925,0.0,0.3875
ICLR,oral,theory,figures,10,0.0,0.0,0.0,0.0,0.0,0.0,0.0
ICLR,oral,theory,tables,10,0.0,0.0,0.0,0.0,0.0,0.0,0.0
ICLR,oral,theory,algorithms,10,0.0,0.0,0.0,0.0,0.0,0.0,0.0
ICLR,oral,theory,displayed_equations,10,2.1,1.5,1.0,0.0,3.75,0.0,8.0
ICLR,oral,theory,visual_objects,10,0.0,0.0,0.0,0.0,0.0,0.0,0.0
ICLR,oral,theory,visual_objects_per_1000_words,5,0.0,0.0,0.0,0.0,0.0,0.0,0.0
ICLR,oral,theory,equations_per_1000_words,5,7.136502,5.889877,6.666667,4.070556,6.932409,1.619433,16.393443
ICLR,oral,theory,visual_share_within_main,10,0.0,0.0,0.0,0.0,0.0,0.0,0.0
ICLR,oral,theory,equation_share_within_main,7,0.353047,0.294266,0.363636,0.153846,0.4,0.0,1.0
ICLR,oral,experimental_design,present,10,1.0,1.0,1.0,1.0,1.0,1.0,1.0
ICLR,oral,experimental_design,estimated_words,10,523.6,463.666667,461.0,360.0,580.0,154.0,1235.0
ICLR,oral,experimental_design,main_word_share,10,0.09008,0.080067,0.08425,0.056925,0.09815,0.027,0.219
ICLR,oral,experimental_design,figures,10,0.4,0.0,0.0,0.0,0.0,0.0,4.0
ICLR,oral,experimental_design,tables,10,0.2,0.0,0.0,0.0,0.0,0.0,1.0
ICLR,oral,experimental_design,algorithms,10,0.0,0.0,0.0,0.0,0.0,0.0,0.0
ICLR,oral,experimental_design,displayed_equations,10,0.4,0.0,0.0,0.0,0.0,0.0,4.0
ICLR,oral,experimental_design,visual_objects,10,0.6,0.0,0.0,0.0,0.0,0.0,5.0
ICLR,oral,experimental_design,visual_objects_per_1000_words,10,0.682636,0.0,0.0,0.0,0.0,0.0,4.048583
ICLR,oral,experimental_design,equations_per_1000_words,10,0.677966,0.0,0.0,0.0,0.0,0.0,6.779661
ICLR,oral,experimental_design,visual_share_within_main,10,0.059091,0.0,0.0,0.0,0.0,0.0,0.5
ICLR,oral,experimental_design,equation_share_within_main,7,0.021978,0.0,0.0,0.0,0.0,0.0,0.153846
ICLR,oral,results,present,10,1.0,1.0,1.0,1.0,1.0,1.0,1.0
ICLR,oral,results,estimated_words,10,1330.9,1341.666667,1328.0,987.5,1803.0,465.0,2090.0
ICLR,oral,results,main_word_share,10,0.23089,0.235683,0.23555,0.188475,0.287675,0.073,0.371
ICLR,oral,results,figures,10,2.0,1.5,1.5,0.25,2.75,0.0,6.0
ICLR,oral,results,tables,10,2.8,2.5,3.0,1.0,3.75,0.0,7.0
ICLR,oral,results,algorithms,10,0.0,0.0,0.0,0.0,0.0,0.0,0.0
ICLR,oral,results,displayed_equations,10,0.0,0.0,0.0,0.0,0.0,0.0,0.0
ICLR,oral,results,visual_objects,10,4.8,4.666667,4.5,3.0,6.75,2.0,8.0
ICLR,oral,results,visual_objects_per_1000_words,10,3.856306,3.800848,3.943433,2.995356,4.463823,0.956938,6.4
ICLR,oral,results,equations_per_1000_words,10,0.0,0.0,0.0,0.0,0.0,0.0,0.0
ICLR,oral,results,visual_share_within_main,10,0.573236,0.595671,0.633333,0.457792,0.666667,0.2,0.875
ICLR,oral,results,equation_share_within_main,7,0.0,0.0,0.0,0.0,0.0,0.0,0.0
ICLR,oral,ablation,present,10,0.9,1.0,1.0,1.0,1.0,0.0,1.0
ICLR,oral,ablation,estimated_words,10,353.3,249.666667,235.0,103.25,413.75,0.0,1010.0
ICLR,oral,ablation,main_word_share,10,0.06287,0.043367,0.03955,0.019025,0.07375,0.0,0.2118
ICLR,oral,ablation,figures,10,0.6,0.166667,0.0,0.0,0.75,0.0,3.0
ICLR,oral,ablation,tables,10,0.7,0.5,0.5,0.0,1.0,0.0,2.0
ICLR,oral,ablation,algorithms,10,0.0,0.0,0.0,0.0,0.0,0.0,0.0
ICLR,oral,ablation,displayed_equations,10,0.0,0.0,0.0,0.0,0.0,0.0,0.0
ICLR,oral,ablation,visual_objects,10,1.3,1.333333,1.0,1.0,2.0,0.0,3.0
ICLR,oral,ablation,visual_objects_per_1000_words,9,4.802894,4.389436,4.545455,2.970297,5.780347,0.0,12.5
ICLR,oral,ablation,equations_per_1000_words,9,0.0,0.0,0.0,0.0,0.0,0.0,0.0
ICLR,oral,ablation,visual_share_within_main,10,0.15417,0.143855,0.133333,0.085227,0.216667,0.0,0.428571
ICLR,oral,ablation,equation_share_within_main,7,0.0,0.0,0.0,0.0,0.0,0.0,0.0
ICLR,oral,conclusion,present,10,1.0,1.0,1.0,1.0,1.0,1.0,1.0
ICLR,oral,conclusion,estimated_words,10,140.7,116.833333,122.5,93.75,130.75,87.0,308.0
ICLR,oral,conclusion,main_word_share,10,0.02459,0.02075,0.02115,0.01705,0.0235,0.0128,0.0468
ICLR,oral,conclusion,figures,10,0.0,0.0,0.0,0.0,0.0,0.0,0.0
ICLR,oral,conclusion,tables,10,0.0,0.0,0.0,0.0,0.0,0.0,0.0
ICLR,oral,conclusion,algorithms,10,0.0,0.0,0.0,0.0,0.0,0.0,0.0
ICLR,oral,conclusion,displayed_equations,10,0.0,0.0,0.0,0.0,0.0,0.0,0.0
ICLR,oral,conclusion,visual_objects,10,0.0,0.0,0.0,0.0,0.0,0.0,0.0
ICLR,oral,conclusion,visual_objects_per_1000_words,10,0.0,0.0,0.0,0.0,0.0,0.0,0.0
ICLR,oral,conclusion,equations_per_1000_words,10,0.0,0.0,0.0,0.0,0.0,0.0,0.0
ICLR,oral,conclusion,visual_share_within_main,10,0.0,0.0,0.0,0.0,0.0,0.0,0.0
ICLR,oral,conclusion,equation_share_within_main,7,0.0,0.0,0.0,0.0,0.0,0.0,0.0
ICLR,oral,limitations,present,10,0.4,0.333333,0.0,0.0,1.0,0.0,1.0
ICLR,oral,limitations,estimated_words,10,54.9,34.5,0.0,0.0,107.75,0.0,206.0
ICLR,oral,limitations,main_word_share,10,0.00718,0.002933,0.0,0.0,0.0132,0.0,0.0313
ICLR,oral,limitations,figures,10,0.0,0.0,0.0,0.0,0.0,0.0,0.0
ICLR,oral,limitations,tables,10,0.0,0.0,0.0,0.0,0.0,0.0,0.0
ICLR,oral,limitations,algorithms,10,0.0,0.0,0.0,0.0,0.0,0.0,0.0
ICLR,oral,limitations,displayed_equations,10,0.0,0.0,0.0,0.0,0.0,0.0,0.0
ICLR,oral,limitations,visual_objects,10,0.0,0.0,0.0,0.0,0.0,0.0,0.0
ICLR,oral,limitations,visual_objects_per_1000_words,4,0.0,0.0,0.0,0.0,0.0,0.0,0.0
ICLR,oral,limitations,equations_per_1000_words,4,0.0,0.0,0.0,0.0,0.0,0.0,0.0
ICLR,oral,limitations,visual_share_within_main,10,0.0,0.0,0.0,0.0,0.0,0.0,0.0
ICLR,oral,limitations,equation_share_within_main,7,0.0,0.0,0.0,0.0,0.0,0.0,0.0
ICLR,oral,appendix,present,10,0.9,1.0,1.0,1.0,1.0,0.0,1.0
ICLR,oral,appendix,estimated_words,10,7054.7,6605.5,5425.0,4215.0,10156.25,0.0,15438.0
ICLR,oral,appendix,main_word_share,0,,,,,,,
ICLR,oral,appendix,figures,10,10.0,8.666667,9.0,2.25,14.75,0.0,33.0
ICLR,oral,appendix,tables,10,7.3,7.0,6.5,3.25,11.0,0.0,17.0
ICLR,oral,appendix,algorithms,10,0.2,0.0,0.0,0.0,0.0,0.0,1.0
ICLR,oral,appendix,displayed_equations,10,7.0,3.666667,0.0,0.0,11.5,0.0,33.0
ICLR,oral,appendix,visual_objects,10,17.5,16.0,13.5,7.25,27.5,0.0,44.0
ICLR,oral,appendix,visual_objects_per_1000_words,9,2.560868,2.426281,2.175805,1.755541,2.962085,1.473684,4.590164
ICLR,oral,appendix,equations_per_1000_words,9,1.220416,0.576625,0.0,0.0,0.971628,0.0,6.947368
ICLR,oral,appendix,visual_share_within_main,10,2.014632,2.121609,2.208333,1.339286,2.781818,0.0,3.666667
ICLR,oral,appendix,equation_share_within_main,7,1.09041,0.726573,1.0,0.0,1.316434,0.0,4.0
ICLR,oral,other,present,10,1.0,1.0,1.0,1.0,1.0,1.0,1.0
ICLR,oral,other,estimated_words,10,741.7,515.333333,242.5,121.25,1410.5,35.0,2460.0
ICLR,oral,other,main_word_share,6,0.0404,0.0328,0.033,0.02145,0.04395,0.01,0.1012
ICLR,oral,other,figures,10,0.0,0.0,0.0,0.0,0.0,0.0,0.0
ICLR,oral,other,tables,10,0.0,0.0,0.0,0.0,0.0,0.0,0.0
ICLR,oral,other,algorithms,10,0.0,0.0,0.0,0.0,0.0,0.0,0.0
ICLR,oral,other,displayed_equations,10,0.0,0.0,0.0,0.0,0.0,0.0,0.0
ICLR,oral,other,visual_objects,10,0.0,0.0,0.0,0.0,0.0,0.0,0.0
ICLR,oral,other,visual_objects_per_1000_words,10,0.0,0.0,0.0,0.0,0.0,0.0,0.0
ICLR,oral,other,equations_per_1000_words,10,0.0,0.0,0.0,0.0,0.0,0.0,0.0
ICLR,oral,other,visual_share_within_main,10,0.0,0.0,0.0,0.0,0.0,0.0,0.0
ICLR,oral,other,equation_share_within_main,7,0.0,0.0,0.0,0.0,0.0,0.0,0.0
ICLR,outstanding,abstract,present,2,1.0,1.0,1.0,1.0,1.0,1.0,1.0
ICLR,outstanding,abstract,estimated_words,2,174.5,174.5,174.5,168.25,180.75,162.0,187.0
ICLR,outstanding,abstract,main_word_share,2,0.028,0.028,0.028,0.0275,0.0285,0.027,0.029
ICLR,outstanding,abstract,figures,2,0.5,0.5,0.5,0.25,0.75,0.0,1.0
ICLR,outstanding,abstract,tables,2,0.0,0.0,0.0,0.0,0.0,0.0,0.0
ICLR,outstanding,abstract,algorithms,2,0.0,0.0,0.0,0.0,0.0,0.0,0.0
ICLR,outstanding,abstract,displayed_equations,2,0.0,0.0,0.0,0.0,0.0,0.0,0.0
ICLR,outstanding,abstract,visual_objects,2,0.5,0.5,0.5,0.25,0.75,0.0,1.0
ICLR,outstanding,abstract,visual_objects_per_1000_words,2,2.673797,2.673797,2.673797,1.336898,4.010695,0.0,5.347594
ICLR,outstanding,abstract,equations_per_1000_words,2,0.0,0.0,0.0,0.0,0.0,0.0,0.0
ICLR,outstanding,abstract,visual_share_within_main,1,0.166667,0.166667,0.166667,0.166667,0.166667,0.166667,0.166667
ICLR,outstanding,abstract,equation_share_within_main,2,0.0,0.0,0.0,0.0,0.0,0.0,0.0
ICLR,outstanding,introduction,present,2,1.0,1.0,1.0,1.0,1.0,1.0,1.0
ICLR,outstanding,introduction,estimated_words,2,747.5,747.5,747.5,708.75,786.25,670.0,825.0
ICLR,outstanding,introduction,main_word_share,2,0.12,0.12,0.12,0.1115,0.1285,0.103,0.137
ICLR,outstanding,introduction,figures,2,0.0,0.0,0.0,0.0,0.0,0.0,0.0
ICLR,outstanding,introduction,tables,2,0.0,0.0,0.0,0.0,0.0,0.0,0.0
ICLR,outstanding,introduction,algorithms,2,0.0,0.0,0.0,0.0,0.0,0.0,0.0
ICLR,outstanding,introduction,displayed_equations,2,0.0,0.0,0.0,0.0,0.0,0.0,0.0
ICLR,outstanding,introduction,visual_objects,2,0.0,0.0,0.0,0.0,0.0,0.0,0.0
ICLR,outstanding,introduction,visual_objects_per_1000_words,2,0.0,0.0,0.0,0.0,0.0,0.0,0.0
ICLR,outstanding,introduction,equations_per_1000_words,2,0.0,0.0,0.0,0.0,0.0,0.0,0.0
ICLR,outstanding,introduction,visual_share_within_main,1,0.0,0.0,0.0,0.0,0.0,0.0,0.0
ICLR,outstanding,introduction,equation_share_within_main,2,0.0,0.0,0.0,0.0,0.0,0.0,0.0
ICLR,outstanding,related_work,present,2,1.0,1.0,1.0,1.0,1.0,1.0,1.0
ICLR,outstanding,related_work,estimated_words,2,351.0,351.0,351.0,296.5,405.5,242.0,460.0
ICLR,outstanding,related_work,main_word_share,2,0.0555,0.0555,0.0555,0.04775,0.06325,0.04,0.071
ICLR,outstanding,related_work,figures,2,0.0,0.0,0.0,0.0,0.0,0.0,0.0
ICLR,outstanding,related_work,tables,2,0.0,0.0,0.0,0.0,0.0,0.0,0.0
ICLR,outstanding,related_work,algorithms,2,0.0,0.0,0.0,0.0,0.0,0.0,0.0
ICLR,outstanding,related_work,displayed_equations,2,0.0,0.0,0.0,0.0,0.0,0.0,0.0
ICLR,outstanding,related_work,visual_objects,2,0.0,0.0,0.0,0.0,0.0,0.0,0.0
ICLR,outstanding,related_work,visual_objects_per_1000_words,2,0.0,0.0,0.0,0.0,0.0,0.0,0.0
ICLR,outstanding,related_work,equations_per_1000_words,2,0.0,0.0,0.0,0.0,0.0,0.0,0.0
ICLR,outstanding,related_work,visual_share_within_main,1,0.0,0.0,0.0,0.0,0.0,0.0,0.0
ICLR,outstanding,related_work,equation_share_within_main,2,0.0,0.0,0.0,0.0,0.0,0.0,0.0
ICLR,outstanding,method,present,2,1.0,1.0,1.0,1.0,1.0,1.0,1.0
ICLR,outstanding,method,estimated_words,2,1309.0,1309.0,1309.0,1054.5,1563.5,800.0,1818.0
ICLR,outstanding,method,main_word_share,2,0.213,0.213,0.213,0.168,0.258,0.123,0.303
ICLR,outstanding,method,figures,2,1.0,1.0,1.0,0.5,1.5,0.0,2.0
ICLR,outstanding,method,tables,2,0.0,0.0,0.0,0.0,0.0,0.0,0.0
ICLR,outstanding,method,algorithms,2,0.0,0.0,0.0,0.0,0.0,0.0,0.0
ICLR,outstanding,method,displayed_equations,2,5.5,5.5,5.5,2.75,8.25,0.0,11.0
ICLR,outstanding,method,visual_objects,2,1.0,1.0,1.0,0.5,1.5,0.0,2.0
ICLR,outstanding,method,visual_objects_per_1000_words,2,1.25,1.25,1.25,0.625,1.875,0.0,2.5
ICLR,outstanding,method,equations_per_1000_words,2,3.025303,3.025303,3.025303,1.512651,4.537954,0.0,6.050605
ICLR,outstanding,method,visual_share_within_main,1,0.333333,0.333333,0.333333,0.333333,0.333333,0.333333,0.333333
ICLR,outstanding,method,equation_share_within_main,2,0.34375,0.34375,0.34375,0.171875,0.515625,0.0,0.6875
ICLR,outstanding,theory,present,2,0.5,0.5,0.5,0.25,0.75,0.0,1.0
ICLR,outstanding,theory,estimated_words,2,904.5,904.5,904.5,452.25,1356.75,0.0,1809.0
ICLR,outstanding,theory,main_word_share,2,0.1505,0.1505,0.1505,0.07525,0.22575,0.0,0.301
ICLR,outstanding,theory,figures,2,0.0,0.0,0.0,0.0,0.0,0.0,0.0
ICLR,outstanding,theory,tables,2,0.0,0.0,0.0,0.0,0.0,0.0,0.0
ICLR,outstanding,theory,algorithms,2,0.0,0.0,0.0,0.0,0.0,0.0,0.0
ICLR,outstanding,theory,displayed_equations,2,2.0,2.0,2.0,1.0,3.0,0.0,4.0
ICLR,outstanding,theory,visual_objects,2,0.0,0.0,0.0,0.0,0.0,0.0,0.0
ICLR,outstanding,theory,visual_objects_per_1000_words,1,0.0,0.0,0.0,0.0,0.0,0.0,0.0
ICLR,outstanding,theory,equations_per_1000_words,1,2.211166,2.211166,2.211166,2.211166,2.211166,2.211166,2.211166
ICLR,outstanding,theory,visual_share_within_main,1,0.0,0.0,0.0,0.0,0.0,0.0,0.0
ICLR,outstanding,theory,equation_share_within_main,2,0.125,0.125,0.125,0.0625,0.1875,0.0,0.25
ICLR,outstanding,experimental_design,present,2,0.5,0.5,0.5,0.25,0.75,0.0,1.0
ICLR,outstanding,experimental_design,estimated_words,2,745.0,745.0,745.0,372.5,1117.5,0.0,1490.0
ICLR,outstanding,experimental_design,main_word_share,2,0.1145,0.1145,0.1145,0.05725,0.17175,0.0,0.229
ICLR,outstanding,experimental_design,figures,2,0.5,0.5,0.5,0.25,0.75,0.0,1.0
ICLR,outstanding,experimental_design,tables,2,0.0,0.0,0.0,0.0,0.0,0.0,0.0
ICLR,outstanding,experimental_design,algorithms,2,0.0,0.0,0.0,0.0,0.0,0.0,0.0
ICLR,outstanding,experimental_design,displayed_equations,2,0.5,0.5,0.5,0.25,0.75,0.0,1.0
ICLR,outstanding,experimental_design,visual_objects,2,0.5,0.5,0.5,0.25,0.75,0.0,1.0
ICLR,outstanding,experimental_design,visual_objects_per_1000_words,1,0.671141,0.671141,0.671141,0.671141,0.671141,0.671141,0.671141
ICLR,outstanding,experimental_design,equations_per_1000_words,1,0.671141,0.671141,0.671141,0.671141,0.671141,0.671141,0.671141
ICLR,outstanding,experimental_design,visual_share_within_main,1,0.166667,0.166667,0.166667,0.166667,0.166667,0.166667,0.166667
ICLR,outstanding,experimental_design,equation_share_within_main,2,0.5,0.5,0.5,0.25,0.75,0.0,1.0
ICLR,outstanding,results,present,2,1.0,1.0,1.0,1.0,1.0,1.0,1.0
ICLR,outstanding,results,estimated_words,2,925.5,925.5,925.5,923.25,927.75,921.0,930.0
ICLR,outstanding,results,main_word_share,2,0.148,0.148,0.148,0.1455,0.1505,0.143,0.153
ICLR,outstanding,results,figures,2,0.5,0.5,0.5,0.25,0.75,0.0,1.0
ICLR,outstanding,results,tables,2,0.5,0.5,0.5,0.25,0.75,0.0,1.0
ICLR,outstanding,results,algorithms,2,0.0,0.0,0.0,0.0,0.0,0.0,0.0
ICLR,outstanding,results,displayed_equations,2,0.5,0.5,0.5,0.25,0.75,0.0,1.0
ICLR,outstanding,results,visual_objects,2,1.0,1.0,1.0,0.5,1.5,0.0,2.0
ICLR,outstanding,results,visual_objects_per_1000_words,2,1.075269,1.075269,1.075269,0.537634,1.612903,0.0,2.150538
ICLR,outstanding,results,equations_per_1000_words,2,0.542888,0.542888,0.542888,0.271444,0.814332,0.0,1.085776
ICLR,outstanding,results,visual_share_within_main,1,0.333333,0.333333,0.333333,0.333333,0.333333,0.333333,0.333333
ICLR,outstanding,results,equation_share_within_main,2,0.03125,0.03125,0.03125,0.015625,0.046875,0.0,0.0625
ICLR,outstanding,ablation,present,2,0.5,0.5,0.5,0.25,0.75,0.0,1.0
ICLR,outstanding,ablation,estimated_words,2,165.0,165.0,165.0,82.5,247.5,0.0,330.0
ICLR,outstanding,ablation,main_word_share,2,0.0255,0.0255,0.0255,0.01275,0.03825,0.0,0.051
ICLR,outstanding,ablation,figures,2,0.0,0.0,0.0,0.0,0.0,0.0,0.0
ICLR,outstanding,ablation,tables,2,0.0,0.0,0.0,0.0,0.0,0.0,0.0
ICLR,outstanding,ablation,algorithms,2,0.0,0.0,0.0,0.0,0.0,0.0,0.0
ICLR,outstanding,ablation,displayed_equations,2,0.0,0.0,0.0,0.0,0.0,0.0,0.0
ICLR,outstanding,ablation,visual_objects,2,0.0,0.0,0.0,0.0,0.0,0.0,0.0
ICLR,outstanding,ablation,visual_objects_per_1000_words,1,0.0,0.0,0.0,0.0,0.0,0.0,0.0
ICLR,outstanding,ablation,equations_per_1000_words,1,0.0,0.0,0.0,0.0,0.0,0.0,0.0
ICLR,outstanding,ablation,visual_share_within_main,1,0.0,0.0,0.0,0.0,0.0,0.0,0.0
ICLR,outstanding,ablation,equation_share_within_main,2,0.0,0.0,0.0,0.0,0.0,0.0,0.0
ICLR,outstanding,conclusion,present,2,1.0,1.0,1.0,1.0,1.0,1.0,1.0
ICLR,outstanding,conclusion,estimated_words,2,154.0,154.0,154.0,127.0,181.0,100.0,208.0
ICLR,outstanding,conclusion,main_word_share,2,0.025,0.025,0.025,0.02,0.03,0.015,0.035
ICLR,outstanding,conclusion,figures,2,0.0,0.0,0.0,0.0,0.0,0.0,0.0
ICLR,outstanding,conclusion,tables,2,0.0,0.0,0.0,0.0,0.0,0.0,0.0
ICLR,outstanding,conclusion,algorithms,2,0.0,0.0,0.0,0.0,0.0,0.0,0.0
ICLR,outstanding,conclusion,displayed_equations,2,0.0,0.0,0.0,0.0,0.0,0.0,0.0
ICLR,outstanding,conclusion,visual_objects,2,0.0,0.0,0.0,0.0,0.0,0.0,0.0
ICLR,outstanding,conclusion,visual_objects_per_1000_words,2,0.0,0.0,0.0,0.0,0.0,0.0,0.0
ICLR,outstanding,conclusion,equations_per_1000_words,2,0.0,0.0,0.0,0.0,0.0,0.0,0.0
ICLR,outstanding,conclusion,visual_share_within_main,1,0.0,0.0,0.0,0.0,0.0,0.0,0.0
ICLR,outstanding,conclusion,equation_share_within_main,2,0.0,0.0,0.0,0.0,0.0,0.0,0.0
ICLR,outstanding,limitations,present,2,0.5,0.5,0.5,0.25,0.75,0.0,1.0
ICLR,outstanding,limitations,estimated_words,2,300.0,300.0,300.0,150.0,450.0,0.0,600.0
ICLR,outstanding,limitations,main_word_share,2,0.046,0.046,0.046,0.023,0.069,0.0,0.092
ICLR,outstanding,limitations,figures,2,0.0,0.0,0.0,0.0,0.0,0.0,0.0
ICLR,outstanding,limitations,tables,2,0.0,0.0,0.0,0.0,0.0,0.0,0.0
ICLR,outstanding,limitations,algorithms,2,0.0,0.0,0.0,0.0,0.0,0.0,0.0
ICLR,outstanding,limitations,displayed_equations,2,0.0,0.0,0.0,0.0,0.0,0.0,0.0
ICLR,outstanding,limitations,visual_objects,2,0.0,0.0,0.0,0.0,0.0,0.0,0.0
ICLR,outstanding,limitations,visual_objects_per_1000_words,1,0.0,0.0,0.0,0.0,0.0,0.0,0.0
ICLR,outstanding,limitations,equations_per_1000_words,1,0.0,0.0,0.0,0.0,0.0,0.0,0.0
ICLR,outstanding,limitations,visual_share_within_main,1,0.0,0.0,0.0,0.0,0.0,0.0,0.0
ICLR,outstanding,limitations,equation_share_within_main,2,0.0,0.0,0.0,0.0,0.0,0.0,0.0
ICLR,outstanding,appendix,present,2,1.0,1.0,1.0,1.0,1.0,1.0,1.0
ICLR,outstanding,appendix,estimated_words,2,8882.5,8882.5,8882.5,6408.75,11356.25,3935.0,13830.0
ICLR,outstanding,appendix,main_word_share,0,,,,,,,
ICLR,outstanding,appendix,figures,2,2.5,2.5,2.5,1.25,3.75,0.0,5.0
ICLR,outstanding,appendix,tables,2,4.5,4.5,4.5,2.25,6.75,0.0,9.0
ICLR,outstanding,appendix,algorithms,2,0.0,0.0,0.0,0.0,0.0,0.0,0.0
ICLR,outstanding,appendix,displayed_equations,2,24.0,24.0,24.0,15.5,32.5,7.0,41.0
ICLR,outstanding,appendix,visual_objects,2,7.0,7.0,7.0,3.5,10.5,0.0,14.0
ICLR,outstanding,appendix,visual_objects_per_1000_words,2,0.506146,0.506146,0.506146,0.253073,0.759219,0.0,1.012292
ICLR,outstanding,appendix,equations_per_1000_words,2,5.46273,5.46273,5.46273,2.984438,7.941022,0.506146,10.419314
ICLR,outstanding,appendix,visual_share_within_main,1,2.333333,2.333333,2.333333,2.333333,2.333333,2.333333,2.333333
ICLR,outstanding,appendix,equation_share_within_main,2,4.78125,4.78125,4.78125,3.671875,5.890625,2.5625,7.0
ICLR,outstanding,other,present,2,1.0,1.0,1.0,1.0,1.0,1.0,1.0
ICLR,outstanding,other,estimated_words,2,966.5,966.5,966.5,953.25,979.75,940.0,993.0
ICLR,outstanding,other,main_word_share,1,0.144,0.144,0.144,0.144,0.144,0.144,0.144
ICLR,outstanding,other,figures,2,0.0,0.0,0.0,0.0,0.0,0.0,0.0
ICLR,outstanding,other,tables,2,0.0,0.0,0.0,0.0,0.0,0.0,0.0
ICLR,outstanding,other,algorithms,2,0.0,0.0,0.0,0.0,0.0,0.0,0.0
ICLR,outstanding,other,displayed_equations,2,0.0,0.0,0.0,0.0,0.0,0.0,0.0
ICLR,outstanding,other,visual_objects,2,0.0,0.0,0.0,0.0,0.0,0.0,0.0
ICLR,outstanding,other,visual_objects_per_1000_words,2,0.0,0.0,0.0,0.0,0.0,0.0,0.0
ICLR,outstanding,other,equations_per_1000_words,2,0.0,0.0,0.0,0.0,0.0,0.0,0.0
ICLR,outstanding,other,visual_share_within_main,1,0.0,0.0,0.0,0.0,0.0,0.0,0.0
ICLR,outstanding,other,equation_share_within_main,2,0.0,0.0,0.0,0.0,0.0,0.0,0.0
