dimension,value,file_count,papers_present,verified_source_papers_with_style_files,paper_prevalence_with_verified_source,audited_papers,paper_prevalence_all_audited
alpha_values,0.5,31,22,101,0.217822,250,0.088
alpha_values,0.3,50,20,101,0.19802,250,0.08
alpha_values,0.2,38,16,101,0.158416,250,0.064
alpha_values,0.8,36,16,101,0.158416,250,0.064
alpha_values,0.6,18,16,101,0.158416,250,0.064
alpha_values,0.7,17,12,101,0.118812,250,0.048
alpha_values,0.9,14,10,101,0.09901,250,0.04
alpha_values,1.0,12,9,101,0.089109,250,0.036
alpha_values,0.4,11,9,101,0.089109,250,0.036
alpha_values,1,9,8,101,0.079208,250,0.032
alpha_values,0.25,10,6,101,0.059406,250,0.024
alpha_values,0.75,10,5,101,0.049505,250,0.02
alpha_values,0.85,5,5,101,0.049505,250,0.02
alpha_values,0.1,6,4,101,0.039604,250,0.016
alpha_values,0.35,3,3,101,0.029703,250,0.012
alpha_values,0.05,4,2,101,0.019802,250,0.008
alpha_values,10,3,2,101,0.019802,250,0.008
alpha_values,0.55,2,2,101,0.019802,250,0.008
alpha_values,0.93,2,2,101,0.019802,250,0.008
alpha_values,0.08,2,1,101,0.009901,250,0.004
alpha_values,10.0,2,1,101,0.009901,250,0.004
alpha_values,100,2,1,101,0.009901,250,0.004
alpha_values,255,2,1,101,0.009901,250,0.004
alpha_values,0.03,1,1,101,0.009901,250,0.004
alpha_values,0.07,1,1,101,0.009901,250,0.004
alpha_values,0.12,1,1,101,0.009901,250,0.004
alpha_values,0.16,1,1,101,0.009901,250,0.004
alpha_values,0.45,1,1,101,0.009901,250,0.004
alpha_values,0.72,1,1,101,0.009901,250,0.004
alpha_values,0.78,1,1,101,0.009901,250,0.004
alpha_values,0.82,1,1,101,0.009901,250,0.004
alpha_values,0.96,1,1,101,0.009901,250,0.004
alpha_values,2,1,1,101,0.009901,250,0.004
alpha_values,32,1,1,101,0.009901,250,0.004
alpha_values,5,1,1,101,0.009901,250,0.004
dpi_values,300,58,22,101,0.217822,250,0.088
dpi_values,200,10,6,101,0.059406,250,0.024
dpi_values,600,5,3,101,0.029703,250,0.012
dpi_values,150,2,2,101,0.019802,250,0.008
dpi_values,80,2,2,101,0.019802,250,0.008
dpi_values,250,2,1,101,0.009901,250,0.004
dpi_values,100,1,1,101,0.009901,250,0.004
dpi_values,1000,1,1,101,0.009901,250,0.004
dpi_values,110,1,1,101,0.009901,250,0.004
dpi_values,170,1,1,101,0.009901,250,0.004
dpi_values,180,1,1,101,0.009901,250,0.004
dpi_values,220,1,1,101,0.009901,250,0.004
dpi_values,255,1,1,101,0.009901,250,0.004
dpi_values,400,1,1,101,0.009901,250,0.004
export_formats,pdf,51,18,101,0.178218,250,0.072
export_formats,png,36,17,101,0.168317,250,0.068
export_formats,svg,3,2,101,0.019802,250,0.008
export_formats,eps,2,1,101,0.009901,250,0.004
figsizes_inches,10x6,9,6,101,0.059406,250,0.024
figsizes_inches,12x6,6,6,101,0.059406,250,0.024
figsizes_inches,6x4,5,5,101,0.049505,250,0.02
figsizes_inches,12x8,8,4,101,0.039604,250,0.016
figsizes_inches,10x8,5,4,101,0.039604,250,0.016
figsizes_inches,8x6,5,4,101,0.039604,250,0.016
figsizes_inches,8x8,4,4,101,0.039604,250,0.016
figsizes_inches,6x5,7,3,101,0.029703,250,0.012
figsizes_inches,14x10,4,3,101,0.029703,250,0.012
figsizes_inches,10x5,3,3,101,0.029703,250,0.012
figsizes_inches,14x5,3,3,101,0.029703,250,0.012
figsizes_inches,14x6,3,3,101,0.029703,250,0.012
figsizes_inches,4x3,3,3,101,0.029703,250,0.012
figsizes_inches,5x5,3,3,101,0.029703,250,0.012
figsizes_inches,6x6,3,3,101,0.029703,250,0.012
figsizes_inches,7x6,7,2,101,0.019802,250,0.008
figsizes_inches,12x4,3,2,101,0.019802,250,0.008
figsizes_inches,20x20,3,2,101,0.019802,250,0.008
figsizes_inches,10x4,2,2,101,0.019802,250,0.008
figsizes_inches,12x10,2,2,101,0.019802,250,0.008
figsizes_inches,12x3,2,2,101,0.019802,250,0.008
figsizes_inches,15x5,2,2,101,0.019802,250,0.008
figsizes_inches,15x6,2,2,101,0.019802,250,0.008
figsizes_inches,16x7,2,2,101,0.019802,250,0.008
figsizes_inches,18x8,2,2,101,0.019802,250,0.008
figsizes_inches,4x5,2,2,101,0.019802,250,0.008
figsizes_inches,5x4,2,2,101,0.019802,250,0.008
figsizes_inches,8x10,2,2,101,0.019802,250,0.008
figsizes_inches,8x4,2,2,101,0.019802,250,0.008
figsizes_inches,8x5,2,2,101,0.019802,250,0.008
figsizes_inches,9x7,3,1,101,0.009901,250,0.004
figsizes_inches,13x13,2,1,101,0.009901,250,0.004
figsizes_inches,18x12,2,1,101,0.009901,250,0.004
figsizes_inches,25x25,2,1,101,0.009901,250,0.004
figsizes_inches,4.8x3,2,1,101,0.009901,250,0.004
figsizes_inches,6x4.5,2,1,101,0.009901,250,0.004
figsizes_inches,8x7,2,1,101,0.009901,250,0.004
figsizes_inches,0x0,1,1,101,0.009901,250,0.004
figsizes_inches,10x10,1,1,101,0.009901,250,0.004
figsizes_inches,10x3,1,1,101,0.009901,250,0.004
figsizes_inches,10x3.5,1,1,101,0.009901,250,0.004
figsizes_inches,11x4.2,1,1,101,0.009901,250,0.004
figsizes_inches,11x8,1,1,101,0.009901,250,0.004
figsizes_inches,12x1.5,1,1,101,0.009901,250,0.004
figsizes_inches,12x2,1,1,101,0.009901,250,0.004
figsizes_inches,12x3.2,1,1,101,0.009901,250,0.004
figsizes_inches,12x4.8,1,1,101,0.009901,250,0.004
figsizes_inches,12x5,1,1,101,0.009901,250,0.004
figsizes_inches,12x7,1,1,101,0.009901,250,0.004
figsizes_inches,13.2x4.0,1,1,101,0.009901,250,0.004
figsizes_inches,13x16,1,1,101,0.009901,250,0.004
figsizes_inches,13x3.2,1,1,101,0.009901,250,0.004
figsizes_inches,13x5,1,1,101,0.009901,250,0.004
figsizes_inches,13x6,1,1,101,0.009901,250,0.004
figsizes_inches,13x7,1,1,101,0.009901,250,0.004
figsizes_inches,14x14,1,1,101,0.009901,250,0.004
figsizes_inches,14x3.2,1,1,101,0.009901,250,0.004
figsizes_inches,14x7,1,1,101,0.009901,250,0.004
figsizes_inches,14x8,1,1,101,0.009901,250,0.004
figsizes_inches,15x7,1,1,101,0.009901,250,0.004
figsizes_inches,16x11,1,1,101,0.009901,250,0.004
figsizes_inches,16x14,1,1,101,0.009901,250,0.004
figsizes_inches,16x4.8,1,1,101,0.009901,250,0.004
figsizes_inches,18x4,1,1,101,0.009901,250,0.004
figsizes_inches,18x6,1,1,101,0.009901,250,0.004
figsizes_inches,20x12,1,1,101,0.009901,250,0.004
figsizes_inches,20x5,1,1,101,0.009901,250,0.004
figsizes_inches,2x4,1,1,101,0.009901,250,0.004
figsizes_inches,3.25x2.05,1,1,101,0.009901,250,0.004
figsizes_inches,3.2x2.4,1,1,101,0.009901,250,0.004
figsizes_inches,3.5x2.9,1,1,101,0.009901,250,0.004
figsizes_inches,3.5x4,1,1,101,0.009901,250,0.004
figsizes_inches,3.65x3.65,1,1,101,0.009901,250,0.004
figsizes_inches,3.6x1.6,1,1,101,0.009901,250,0.004
figsizes_inches,3.75x3.75,1,1,101,0.009901,250,0.004
figsizes_inches,3.8x4,1,1,101,0.009901,250,0.004
figsizes_inches,30x10,1,1,101,0.009901,250,0.004
figsizes_inches,3x4,1,1,101,0.009901,250,0.004
figsizes_inches,4.3x3,1,1,101,0.009901,250,0.004
figsizes_inches,4.5x3,1,1,101,0.009901,250,0.004
figsizes_inches,40x10,1,1,101,0.009901,250,0.004
figsizes_inches,4x2.5,1,1,101,0.009901,250,0.004
figsizes_inches,5.2x3.5,1,1,101,0.009901,250,0.004
figsizes_inches,55x5,1,1,101,0.009901,250,0.004
figsizes_inches,6.4x4.8,1,1,101,0.009901,250,0.004
figsizes_inches,6.4x5.0,1,1,101,0.009901,250,0.004
figsizes_inches,6.5x4.0,1,1,101,0.009901,250,0.004
figsizes_inches,6.75x2.0,1,1,101,0.009901,250,0.004
figsizes_inches,6.75x4,1,1,101,0.009901,250,0.004
figsizes_inches,6.8x5.0,1,1,101,0.009901,250,0.004
figsizes_inches,6x3,1,1,101,0.009901,250,0.004
figsizes_inches,6x8,1,1,101,0.009901,250,0.004
figsizes_inches,7.0x3.8,1,1,101,0.009901,250,0.004
figsizes_inches,7.2x2.65,1,1,101,0.009901,250,0.004
figsizes_inches,7.5x4.5,1,1,101,0.009901,250,0.004
figsizes_inches,7x4.5,1,1,101,0.009901,250,0.004
figsizes_inches,7x7,1,1,101,0.009901,250,0.004
figsizes_inches,7x8,1,1,101,0.009901,250,0.004
figsizes_inches,8x4.5,1,1,101,0.009901,250,0.004
figsizes_inches,9.5x2,1,1,101,0.009901,250,0.004
figsizes_inches,9.5x6,1,1,101,0.009901,250,0.004
figsizes_inches,9x4.5,1,1,101,0.009901,250,0.004
figsizes_inches,9x6,1,1,101,0.009901,250,0.004
font_sizes_pt,10,26,17,101,0.168317,250,0.068
font_sizes_pt,12,22,17,101,0.168317,250,0.068
font_sizes_pt,14,33,14,101,0.138614,250,0.056
font_sizes_pt,16,30,14,101,0.138614,250,0.056
font_sizes_pt,18,37,12,101,0.118812,250,0.048
font_sizes_pt,9,13,12,101,0.118812,250,0.048
font_sizes_pt,20,21,10,101,0.09901,250,0.04
font_sizes_pt,8,12,10,101,0.09901,250,0.04
font_sizes_pt,13,9,8,101,0.079208,250,0.032
font_sizes_pt,15,9,8,101,0.079208,250,0.032
font_sizes_pt,11,8,7,101,0.069307,250,0.028
font_sizes_pt,24,13,4,101,0.039604,250,0.016
font_sizes_pt,25,5,3,101,0.029703,250,0.012
font_sizes_pt,22,4,3,101,0.029703,250,0.012
font_sizes_pt,7,4,3,101,0.029703,250,0.012
font_sizes_pt,7.0,3,2,101,0.019802,250,0.008
font_sizes_pt,23,2,2,101,0.019802,250,0.008
font_sizes_pt,28,2,2,101,0.019802,250,0.008
font_sizes_pt,6,2,2,101,0.019802,250,0.008
font_sizes_pt,8.5,2,2,101,0.019802,250,0.008
font_sizes_pt,26,3,1,101,0.009901,250,0.004
font_sizes_pt,7.5,3,1,101,0.009901,250,0.004
font_sizes_pt,10.0,1,1,101,0.009901,250,0.004
font_sizes_pt,11.1,1,1,101,0.009901,250,0.004
font_sizes_pt,12.0,1,1,101,0.009901,250,0.004
font_sizes_pt,12.5,1,1,101,0.009901,250,0.004
font_sizes_pt,17,1,1,101,0.009901,250,0.004
font_sizes_pt,19,1,1,101,0.009901,250,0.004
font_sizes_pt,3,1,1,101,0.009901,250,0.004
font_sizes_pt,35,1,1,101,0.009901,250,0.004
font_sizes_pt,4,1,1,101,0.009901,250,0.004
font_sizes_pt,45,1,1,101,0.009901,250,0.004
font_sizes_pt,6.5,1,1,101,0.009901,250,0.004
font_sizes_pt,8.2,1,1,101,0.009901,250,0.004
hex_colors,#1f77b4,12,8,101,0.079208,250,0.032
hex_colors,#ff7f0e,12,8,101,0.079208,250,0.032
hex_colors,#000000,8,8,101,0.079208,250,0.032
hex_colors,#2ca02c,7,6,101,0.059406,250,0.024
hex_colors,#ffffff,8,5,101,0.049505,250,0.02
hex_colors,#d62728,5,5,101,0.049505,250,0.02
hex_colors,#333333,4,4,101,0.039604,250,0.016
hex_colors,#666666,4,4,101,0.039604,250,0.016
hex_colors,#444444,4,3,101,0.029703,250,0.012
hex_colors,#0f172a,6,2,101,0.019802,250,0.008
hex_colors,#334155,6,2,101,0.019802,250,0.008
hex_colors,#d73027,6,2,101,0.019802,250,0.008
hex_colors,#f8fafc,6,2,101,0.019802,250,0.008
hex_colors,#94a3b8,4,2,101,0.019802,250,0.008
hex_colors,#64748b,3,2,101,0.019802,250,0.008
hex_colors,#2E8B57,2,2,101,0.019802,250,0.008
hex_colors,#377eb8,2,2,101,0.019802,250,0.008
hex_colors,#4daf4a,2,2,101,0.019802,250,0.008
hex_colors,#808080,2,2,101,0.019802,250,0.008
hex_colors,#9467bd,2,2,101,0.019802,250,0.008
hex_colors,#984ea3,2,2,101,0.019802,250,0.008
hex_colors,#FFFFFF,2,2,101,0.019802,250,0.008
hex_colors,#cccccc,2,2,101,0.019802,250,0.008
hex_colors,#f2f2f2,2,2,101,0.019802,250,0.008
hex_colors,#f781bf,2,2,101,0.019802,250,0.008
hex_colors,#2166ac,6,1,101,0.009901,250,0.004
hex_colors,#5ab4ac,6,1,101,0.009901,250,0.004
hex_colors,#1f2933,4,1,101,0.009901,250,0.004
hex_colors,#263238,4,1,101,0.009901,250,0.004
hex_colors,#475569,4,1,101,0.009901,250,0.004
hex_colors,#4cae68,4,1,101,0.009901,250,0.004
hex_colors,#6da9ff,4,1,101,0.009901,250,0.004
hex_colors,#d49a30,4,1,101,0.009901,250,0.004
hex_colors,#e8f4ff,4,1,101,0.009901,250,0.004
hex_colors,#e9f8ef,4,1,101,0.009901,250,0.004
hex_colors,#fbfaf6,4,1,101,0.009901,250,0.004
hex_colors,#fff5df,4,1,101,0.009901,250,0.004
hex_colors,#C0392B,3,1,101,0.009901,250,0.004
hex_colors,#a56ae8,3,1,101,0.009901,250,0.004
hex_colors,#d0d7de,3,1,101,0.009901,250,0.004
hex_colors,#f4ecff,3,1,101,0.009901,250,0.004
hex_colors,#f7fbff,3,1,101,0.009901,250,0.004
hex_colors,#f8fff8,3,1,101,0.009901,250,0.004
hex_colors,#06b6d4,2,1,101,0.009901,250,0.004
hex_colors,#10b981,2,1,101,0.009901,250,0.004
hex_colors,#111827,2,1,101,0.009901,250,0.004
hex_colors,#1e293b,2,1,101,0.009901,250,0.004
hex_colors,#238636,2,1,101,0.009901,250,0.004
hex_colors,#3b82f6,2,1,101,0.009901,250,0.004
hex_colors,#80b1d3,2,1,101,0.009901,250,0.004
hex_colors,#8A2BE2,2,1,101,0.009901,250,0.004
hex_colors,#8dd3c7,2,1,101,0.009901,250,0.004
hex_colors,#B6DA7A,2,1,101,0.009901,250,0.004
hex_colors,#B8B8B8,2,1,101,0.009901,250,0.004
hex_colors,#FF0000,2,1,101,0.009901,250,0.004
hex_colors,#FFDEDE,2,1,101,0.009901,250,0.004
hex_colors,#b3de69,2,1,101,0.009901,250,0.004
hex_colors,#bc80bd,2,1,101,0.009901,250,0.004
hex_colors,#bebada,2,1,101,0.009901,250,0.004
hex_colors,#ef4444,2,1,101,0.009901,250,0.004
hex_colors,#f59e0b,2,1,101,0.009901,250,0.004
hex_colors,#fb8072,2,1,101,0.009901,250,0.004
hex_colors,#fccde5,2,1,101,0.009901,250,0.004
hex_colors,#fdb462,2,1,101,0.009901,250,0.004
hex_colors,#000075,1,1,101,0.009901,250,0.004
hex_colors,#00007b,1,1,101,0.009901,250,0.004
hex_colors,#002FD8,1,1,101,0.009901,250,0.004
hex_colors,#00518F,1,1,101,0.009901,250,0.004
hex_colors,#0071bc,1,1,101,0.009901,250,0.004
hex_colors,#0072B2,1,1,101,0.009901,250,0.004
hex_colors,#008000,1,1,101,0.009901,250,0.004
hex_colors,#008080,1,1,101,0.009901,250,0.004
hex_colors,#008bfb,1,1,101,0.009901,250,0.004
hex_colors,#009E73,1,1,101,0.009901,250,0.004
hex_colors,#00CED1,1,1,101,0.009901,250,0.004
hex_colors,#0CD79F,1,1,101,0.009901,250,0.004
hex_colors,#0D0D0D,1,1,101,0.009901,250,0.004
hex_colors,#111111,1,1,101,0.009901,250,0.004
hex_colors,#121923,1,1,101,0.009901,250,0.004
hex_colors,#123456,1,1,101,0.009901,250,0.004
hex_colors,#16a34a,1,1,101,0.009901,250,0.004
hex_colors,#177517,1,1,101,0.009901,250,0.004
hex_colors,#1A1A1A,1,1,101,0.009901,250,0.004
hex_colors,#1A5276,1,1,101,0.009901,250,0.004
hex_colors,#1B7E34,1,1,101,0.009901,250,0.004
hex_colors,#1E8449,1,1,101,0.009901,250,0.004
hex_colors,#1F2937,1,1,101,0.009901,250,0.004
hex_colors,#1F77B4,1,1,101,0.009901,250,0.004
hex_colors,#1b86ba,1,1,101,0.009901,250,0.004
hex_colors,#1e8449,1,1,101,0.009901,250,0.004
hex_colors,#1f6feb,1,1,101,0.009901,250,0.004
hex_colors,#215E8C,1,1,101,0.009901,250,0.004
hex_colors,#222222,1,1,101,0.009901,250,0.004
hex_colors,#228B22,1,1,101,0.009901,250,0.004
hex_colors,#2563eb,1,1,101,0.009901,250,0.004
hex_colors,#284c86,1,1,101,0.009901,250,0.004
hex_colors,#2980b9,1,1,101,0.009901,250,0.004
hex_colors,#2C6FB5,1,1,101,0.009901,250,0.004
hex_colors,#2CA02C,1,1,101,0.009901,250,0.004
hex_colors,#2E86AB,1,1,101,0.009901,250,0.004
hex_colors,#2b2b2b,1,1,101,0.009901,250,0.004
hex_colors,#2d8f2d,1,1,101,0.009901,250,0.004
hex_colors,#2f4b7c,1,1,101,0.009901,250,0.004
hex_colors,#300604,1,1,101,0.009901,250,0.004
hex_colors,#313695,1,1,101,0.009901,250,0.004
hex_colors,#318aca,1,1,101,0.009901,250,0.004
hex_colors,#32CD32,1,1,101,0.009901,250,0.004
hex_colors,#343B43,1,1,101,0.009901,250,0.004
hex_colors,#344054,1,1,101,0.009901,250,0.004
hex_colors,#36454F,1,1,101,0.009901,250,0.004
hex_colors,#3F63A8,1,1,101,0.009901,250,0.004
hex_colors,#3a3a3a,1,1,101,0.009901,250,0.004
hex_colors,#3cb44b,1,1,101,0.009901,250,0.004
hex_colors,#4169E1,1,1,101,0.009901,250,0.004
hex_colors,#424242,1,1,101,0.009901,250,0.004
hex_colors,#4363d8,1,1,101,0.009901,250,0.004
hex_colors,#4472C4,1,1,101,0.009901,250,0.004
hex_colors,#45a1e2,1,1,101,0.009901,250,0.004
hex_colors,#46f0f0,1,1,101,0.009901,250,0.004
hex_colors,#474747,1,1,101,0.009901,250,0.004
hex_colors,#4B5563,1,1,101,0.009901,250,0.004
hex_colors,#4C72B0,1,1,101,0.009901,250,0.004
hex_colors,#4C78A8,1,1,101,0.009901,250,0.004
hex_colors,#4CAF50,1,1,101,0.009901,250,0.004
hex_colors,#4ECDC4,1,1,101,0.009901,250,0.004
hex_colors,#4F5BD5,1,1,101,0.009901,250,0.004
hex_colors,#4aac7b,1,1,101,0.009901,250,0.004
hex_colors,#4e87ff,1,1,101,0.009901,250,0.004
hex_colors,#4f88ff,1,1,101,0.009901,250,0.004
hex_colors,#5089ff,1,1,101,0.009901,250,0.004
hex_colors,#5189ff,1,1,101,0.009901,250,0.004
hex_colors,#518aff,1,1,101,0.009901,250,0.004
hex_colors,#5254a3,1,1,101,0.009901,250,0.004
hex_colors,#528aff,1,1,101,0.009901,250,0.004
hex_colors,#538bff,1,1,101,0.009901,250,0.004
hex_colors,#53A114,1,1,101,0.009901,250,0.004
hex_colors,#548bff,1,1,101,0.009901,250,0.004
hex_colors,#548cff,1,1,101,0.009901,250,0.004
hex_colors,#555555,1,1,101,0.009901,250,0.004
hex_colors,#558cff,1,1,101,0.009901,250,0.004
hex_colors,#55A868,1,1,101,0.009901,250,0.004
hex_colors,#568dff,1,1,101,0.009901,250,0.004
hex_colors,#578dff,1,1,101,0.009901,250,0.004
hex_colors,#578eff,1,1,101,0.009901,250,0.004
hex_colors,#588eff,1,1,101,0.009901,250,0.004
hex_colors,#598fff,1,1,101,0.009901,250,0.004
hex_colors,#5B2C8F,1,1,101,0.009901,250,0.004
hex_colors,#5BA7D9,1,1,101,0.009901,250,0.004
hex_colors,#5DADE2,1,1,101,0.009901,250,0.004
hex_colors,#5a8fff,1,1,101,0.009901,250,0.004
hex_colors,#5a90ff,1,1,101,0.009901,250,0.004
hex_colors,#5b90ff,1,1,101,0.009901,250,0.004
hex_colors,#5c91ff,1,1,101,0.009901,250,0.004
hex_colors,#5d91ff,1,1,101,0.009901,250,0.004
hex_colors,#5d92ff,1,1,101,0.009901,250,0.004
hex_colors,#5e92ff,1,1,101,0.009901,250,0.004
hex_colors,#5f93ff,1,1,101,0.009901,250,0.004
hex_colors,#606060,1,1,101,0.009901,250,0.004
hex_colors,#6093ff,1,1,101,0.009901,250,0.004
hex_colors,#6094ff,1,1,101,0.009901,250,0.004
hex_colors,#6194ff,1,1,101,0.009901,250,0.004
hex_colors,#61ACE5,1,1,101,0.009901,250,0.004
hex_colors,#6295ff,1,1,101,0.009901,250,0.004
hex_colors,#6395ff,1,1,101,0.009901,250,0.004
hex_colors,#6396ff,1,1,101,0.009901,250,0.004
hex_colors,#6496ff,1,1,101,0.009901,250,0.004
hex_colors,#64B5CD,1,1,101,0.009901,250,0.004
hex_colors,#6597ff,1,1,101,0.009901,250,0.004
hex_colors,#6697ff,1,1,101,0.009901,250,0.004
hex_colors,#6698ff,1,1,101,0.009901,250,0.004
hex_colors,#6798ff,1,1,101,0.009901,250,0.004
hex_colors,#6899ff,1,1,101,0.009901,250,0.004
hex_colors,#6999ff,1,1,101,0.009901,250,0.004
hex_colors,#699aff,1,1,101,0.009901,250,0.004
hex_colors,#6B7280,1,1,101,0.009901,250,0.004
hex_colors,#6F9D4E,1,1,101,0.009901,250,0.004
hex_colors,#6a9aff,1,1,101,0.009901,250,0.004
hex_colors,#6a9bff,1,1,101,0.009901,250,0.004
hex_colors,#6b9bff,1,1,101,0.009901,250,0.004
hex_colors,#6c9cff,1,1,101,0.009901,250,0.004
hex_colors,#6d9cff,1,1,101,0.009901,250,0.004
hex_colors,#6d9dff,1,1,101,0.009901,250,0.004
hex_colors,#6e8857,1,1,101,0.009901,250,0.004
hex_colors,#6e9dff,1,1,101,0.009901,250,0.004
hex_colors,#6f93c6,1,1,101,0.009901,250,0.004
hex_colors,#6f9dff,1,1,101,0.009901,250,0.004
hex_colors,#709eff,1,1,101,0.009901,250,0.004
hex_colors,#719fff,1,1,101,0.009901,250,0.004
hex_colors,#727272,1,1,101,0.009901,250,0.004
hex_colors,#729fff,1,1,101,0.009901,250,0.004
hex_colors,#731d6f,1,1,101,0.009901,250,0.004
hex_colors,#73AF48,1,1,101,0.009901,250,0.004
hex_colors,#73a0ff,1,1,101,0.009901,250,0.004
hex_colors,#74a1ff,1,1,101,0.009901,250,0.004
hex_colors,#74add1,1,1,101,0.009901,250,0.004
hex_colors,#75a1ff,1,1,101,0.009901,250,0.004
hex_colors,#76a2ff,1,1,101,0.009901,250,0.004
hex_colors,#77a3ff,1,1,101,0.009901,250,0.004
hex_colors,#78a3ff,1,1,101,0.009901,250,0.004
hex_colors,#79B6D2,1,1,101,0.009901,250,0.004
hex_colors,#79a4ff,1,1,101,0.009901,250,0.004
hex_colors,#7D3C98,1,1,101,0.009901,250,0.004
hex_colors,#7D6608,1,1,101,0.009901,250,0.004
hex_colors,#7FFFD4,1,1,101,0.009901,250,0.004
hex_colors,#7aa5ff,1,1,101,0.009901,250,0.004
hex_colors,#7b2cbf,1,1,101,0.009901,250,0.004
hex_colors,#7ba5ff,1,1,101,0.009901,250,0.004
hex_colors,#7ca6ff,1,1,101,0.009901,250,0.004
hex_colors,#7da7ff,1,1,101,0.009901,250,0.004
hex_colors,#7ea7ff,1,1,101,0.009901,250,0.004
hex_colors,#7eaed2,1,1,101,0.009901,250,0.004
hex_colors,#7fa8ff,1,1,101,0.009901,250,0.004
hex_colors,#800000,1,1,101,0.009901,250,0.004
hex_colors,#808000,1,1,101,0.009901,250,0.004
hex_colors,#80A0DB,1,1,101,0.009901,250,0.004
hex_colors,#80a9ff,1,1,101,0.009901,250,0.004
hex_colors,#8172B2,1,1,101,0.009901,250,0.004
hex_colors,#81a9ff,1,1,101,0.009901,250,0.004
hex_colors,#82aaff,1,1,101,0.009901,250,0.004
hex_colors,#83abff,1,1,101,0.009901,250,0.004
hex_colors,#84abff,1,1,101,0.009901,250,0.004
hex_colors,#85C1E9,1,1,101,0.009901,250,0.004
hex_colors,#85acff,1,1,101,0.009901,250,0.004
hex_colors,#86adff,1,1,101,0.009901,250,0.004
hex_colors,#87adf0,1,1,101,0.009901,250,0.004
hex_colors,#87adff,1,1,101,0.009901,250,0.004
hex_colors,#88aeff,1,1,101,0.009901,250,0.004
hex_colors,#89afff,1,1,101,0.009901,250,0.004
hex_colors,#8A6BB5,1,1,101,0.009901,250,0.004
hex_colors,#8B98A3,1,1,101,0.009901,250,0.004
hex_colors,#8aafff,1,1,101,0.009901,250,0.004
hex_colors,#8bb0ff,1,1,101,0.009901,250,0.004
hex_colors,#8c564b,1,1,101,0.009901,250,0.004
hex_colors,#8cb1ff,1,1,101,0.009901,250,0.004
hex_colors,#8db1ff,1,1,101,0.009901,250,0.004
hex_colors,#8db2ff,1,1,101,0.009901,250,0.004
hex_colors,#8e1b0e,1,1,101,0.009901,250,0.004
hex_colors,#8e44ad,1,1,101,0.009901,250,0.004
hex_colors,#8eb2ff,1,1,101,0.009901,250,0.004
hex_colors,#8fb3ff,1,1,101,0.009901,250,0.004
hex_colors,#90b3ff,1,1,101,0.009901,250,0.004
hex_colors,#90b4ff,1,1,101,0.009901,250,0.004
hex_colors,#911eb4,1,1,101,0.009901,250,0.004
hex_colors,#91b4ff,1,1,101,0.009901,250,0.004
hex_colors,#92b5ff,1,1,101,0.009901,250,0.004
hex_colors,#934fd3,1,1,101,0.009901,250,0.004
hex_colors,#93b5ff,1,1,101,0.009901,250,0.004
hex_colors,#93b6ff,1,1,101,0.009901,250,0.004
hex_colors,#94346E,1,1,101,0.009901,250,0.004
hex_colors,#94b6ff,1,1,101,0.009901,250,0.004
hex_colors,#95b7ff,1,1,101,0.009901,250,0.004
hex_colors,#96b7ff,1,1,101,0.009901,250,0.004
hex_colors,#96b8ff,1,1,101,0.009901,250,0.004
hex_colors,#97b8ff,1,1,101,0.009901,250,0.004
hex_colors,#98b9ff,1,1,101,0.009901,250,0.004
hex_colors,#9932CC,1,1,101,0.009901,250,0.004
hex_colors,#999999,1,1,101,0.009901,250,0.004
hex_colors,#99b9ff,1,1,101,0.009901,250,0.004
hex_colors,#99baff,1,1,101,0.009901,250,0.004
hex_colors,#9B5DE5,1,1,101,0.009901,250,0.004
hex_colors,#9CA3AF,1,1,101,0.009901,250,0.004
hex_colors,#9a6324,1,1,101,0.009901,250,0.004
hex_colors,#9aa0a6,1,1,101,0.009901,250,0.004
hex_colors,#9abaff,1,1,101,0.009901,250,0.004
hex_colors,#9bbbff,1,1,101,0.009901,250,0.004
hex_colors,#9cbcff,1,1,101,0.009901,250,0.004
hex_colors,#9dbcff,1,1,101,0.009901,250,0.004
hex_colors,#9ebdff,1,1,101,0.009901,250,0.004
hex_colors,#9fbeff,1,1,101,0.009901,250,0.004
hex_colors,#A23B49,1,1,101,0.009901,250,0.004
hex_colors,#A23B72,1,1,101,0.009901,250,0.004
hex_colors,#A8ACB8,1,1,101,0.009901,250,0.004
hex_colors,#B22222,1,1,101,0.009901,250,0.004
hex_colors,#B3CBB9,1,1,101,0.009901,250,0.004
hex_colors,#B4D8F0,1,1,101,0.009901,250,0.004
hex_colors,#B4E8C8,1,1,101,0.009901,250,0.004
hex_colors,#B9654E,1,1,101,0.009901,250,0.004
hex_colors,#BBF7D0,1,1,101,0.009901,250,0.004
hex_colors,#BCA0A0,1,1,101,0.009901,250,0.004
hex_colors,#BCBBBB,1,1,101,0.009901,250,0.004
hex_colors,#BE6400,1,1,101,0.009901,250,0.004
hex_colors,#BFDBFE,1,1,101,0.009901,250,0.004
hex_colors,#C05F5F,1,1,101,0.009901,250,0.004
hex_colors,#C0EEB6,1,1,101,0.009901,250,0.004
hex_colors,#C44E52,1,1,101,0.009901,250,0.004
hex_colors,#C4C4C4,1,1,101,0.009901,250,0.004
hex_colors,#C7E8B4,1,1,101,0.009901,250,0.004
hex_colors,#C8F4A2,1,1,101,0.009901,250,0.004
hex_colors,#C9C9C9,1,1,101,0.009901,250,0.004
hex_colors,#C9CED6,1,1,101,0.009901,250,0.004
hex_colors,#CA6F1E,1,1,101,0.009901,250,0.004
hex_colors,#CC79A7,1,1,101,0.009901,250,0.004
hex_colors,#CCB974,1,1,101,0.009901,250,0.004
hex_colors,#CCCCCC,1,1,101,0.009901,250,0.004
hex_colors,#CEB4E8,1,1,101,0.009901,250,0.004
hex_colors,#CFF0C3,1,1,101,0.009901,250,0.004
hex_colors,#CFF5A5,1,1,101,0.009901,250,0.004
hex_colors,#D0F1AD,1,1,101,0.009901,250,0.004
hex_colors,#D55E00,1,1,101,0.009901,250,0.004
hex_colors,#D62728,1,1,101,0.009901,250,0.004
hex_colors,#D7DCE3,1,1,101,0.009901,250,0.004
hex_colors,#D8C4EC,1,1,101,0.009901,250,0.004
hex_colors,#DC143C,1,1,101,0.009901,250,0.004
hex_colors,#DC7171,1,1,101,0.009901,250,0.004
hex_colors,#DDDDDD,1,1,101,0.009901,250,0.004
hex_colors,#DDF8E5,1,1,101,0.009901,250,0.004
hex_colors,#DEDEDE,1,1,101,0.009901,250,0.004
hex_colors,#E0F7A6,1,1,101,0.009901,250,0.004
hex_colors,#E17C05,1,1,101,0.009901,250,0.004
hex_colors,#E2F8A0,1,1,101,0.009901,250,0.004
hex_colors,#E36767,1,1,101,0.009901,250,0.004
hex_colors,#E3F49C,1,1,101,0.009901,250,0.004
hex_colors,#E3F5A7,1,1,101,0.009901,250,0.004
hex_colors,#E5E7EB,1,1,101,0.009901,250,0.004
hex_colors,#E6F598,1,1,101,0.009901,250,0.004
hex_colors,#E74C3C,1,1,101,0.009901,250,0.004
hex_colors,#E7F59A,1,1,101,0.009901,250,0.004
hex_colors,#E8F792,1,1,101,0.009901,250,0.004
hex_colors,#E9904A,1,1,101,0.009901,250,0.004
hex_colors,#E9F8A1,1,1,101,0.009901,250,0.004
hex_colors,#EAC1C1,1,1,101,0.009901,250,0.004
hex_colors,#EBB839,1,1,101,0.009901,250,0.004
hex_colors,#EDEFFB,1,1,101,0.009901,250,0.004
hex_colors,#EDF59A,1,1,101,0.009901,250,0.004
hex_colors,#EDF69D,1,1,101,0.009901,250,0.004
hex_colors,#EEAE9B,1,1,101,0.009901,250,0.004
hex_colors,#EEF59C,1,1,101,0.009901,250,0.004
hex_colors,#EFF4EF,1,1,101,0.009901,250,0.004
hex_colors,#EFF69B,1,1,101,0.009901,250,0.004
hex_colors,#EFF6FF,1,1,101,0.009901,250,0.004
hex_colors,#F0496E,1,1,101,0.009901,250,0.004
hex_colors,#F0E442,1,1,101,0.009901,250,0.004
hex_colors,#F0FDF4,1,1,101,0.009901,250,0.004
hex_colors,#F18F01,1,1,101,0.009901,250,0.004
hex_colors,#F1E1E1,1,1,101,0.009901,250,0.004
hex_colors,#F1F1F1,1,1,101,0.009901,250,0.004
hex_colors,#F1F995,1,1,101,0.009901,250,0.004
hex_colors,#F2D6D6,1,1,101,0.009901,250,0.004
hex_colors,#F2F995,1,1,101,0.009901,250,0.004
hex_colors,#F3F4F6,1,1,101,0.009901,250,0.004
hex_colors,#F4F68B,1,1,101,0.009901,250,0.004
hex_colors,#F4F695,1,1,101,0.009901,250,0.004
hex_colors,#F4F993,1,1,101,0.009901,250,0.004
hex_colors,#F7E7AA,1,1,101,0.009901,250,0.004
hex_colors,#F7F882,1,1,101,0.009901,250,0.004
hex_colors,#F7F8FA,1,1,101,0.009901,250,0.004
hex_colors,#F8ECA4,1,1,101,0.009901,250,0.004
hex_colors,#F8F988,1,1,101,0.009901,250,0.004
hex_colors,#F9FAFB,1,1,101,0.009901,250,0.004
hex_colors,#FAB726,1,1,101,0.009901,250,0.004
hex_colors,#FAC8CC,1,1,101,0.009901,250,0.004
hex_colors,#FBCFE8,1,1,101,0.009901,250,0.004
hex_colors,#FCDEA4,1,1,101,0.009901,250,0.004
hex_colors,#FCE7F3,1,1,101,0.009901,250,0.004
hex_colors,#FEC63B,1,1,101,0.009901,250,0.004
hex_colors,#FED34F,1,1,101,0.009901,250,0.004
hex_colors,#FED7AA,1,1,101,0.009901,250,0.004
hex_colors,#FF00FF,1,1,101,0.009901,250,0.004
hex_colors,#FF1493,1,1,101,0.009901,250,0.004
hex_colors,#FF6B35,1,1,101,0.009901,250,0.004
hex_colors,#FF6B6B,1,1,101,0.009901,250,0.004
hex_colors,#FF7F0E,1,1,101,0.009901,250,0.004
hex_colors,#FF8C00,1,1,101,0.009901,250,0.004
hex_colors,#FFD700,1,1,101,0.009901,250,0.004
hex_colors,#FFE16E,1,1,101,0.009901,250,0.004
hex_colors,#FFEB88,1,1,101,0.009901,250,0.004
hex_colors,#FFF5B9,1,1,101,0.009901,250,0.004
hex_colors,#FFF7ED,1,1,101,0.009901,250,0.004
hex_colors,#FFFF00,1,1,101,0.009901,250,0.004
hex_colors,#a0beff,1,1,101,0.009901,250,0.004
hex_colors,#a1bfff,1,1,101,0.009901,250,0.004
hex_colors,#a2c0ff,1,1,101,0.009901,250,0.004
hex_colors,#a3c0ff,1,1,101,0.009901,250,0.004
hex_colors,#a4c1ff,1,1,101,0.009901,250,0.004
hex_colors,#a4c2ff,1,1,101,0.009901,250,0.004
hex_colors,#a5c2ff,1,1,101,0.009901,250,0.004
hex_colors,#a65628,1,1,101,0.009901,250,0.004
hex_colors,#a6c2ff,1,1,101,0.009901,250,0.004
hex_colors,#a6c3ff,1,1,101,0.009901,250,0.004
hex_colors,#a7c3ff,1,1,101,0.009901,250,0.004
hex_colors,#a7c4ff,1,1,101,0.009901,250,0.004
hex_colors,#a8c4ff,1,1,101,0.009901,250,0.004
hex_colors,#a9c4ff,1,1,101,0.009901,250,0.004
hex_colors,#a9c5ff,1,1,101,0.009901,250,0.004
hex_colors,#aaaaaa,1,1,101,0.009901,250,0.004
hex_colors,#aac5ff,1,1,101,0.009901,250,0.004
hex_colors,#aac6ff,1,1,101,0.009901,250,0.004
hex_colors,#aac8e1,1,1,101,0.009901,250,0.004
hex_colors,#aaffc3,1,1,101,0.009901,250,0.004
hex_colors,#abc6ff,1,1,101,0.009901,250,0.004
hex_colors,#acc6ff,1,1,101,0.009901,250,0.004
hex_colors,#acc7ff,1,1,101,0.009901,250,0.004
hex_colors,#adc7ff,1,1,101,0.009901,250,0.004
hex_colors,#aec7ff,1,1,101,0.009901,250,0.004
hex_colors,#aec8ff,1,1,101,0.009901,250,0.004
hex_colors,#afc8ff,1,1,101,0.009901,250,0.004
hex_colors,#b0c9ff,1,1,101,0.009901,250,0.004
hex_colors,#b1c9ff,1,1,101,0.009901,250,0.004
hex_colors,#b1caff,1,1,101,0.009901,250,0.004
hex_colors,#b2caff,1,1,101,0.009901,250,0.004
hex_colors,#b3cbff,1,1,101,0.009901,250,0.004
hex_colors,#b45309,1,1,101,0.009901,250,0.004
hex_colors,#b4cbff,1,1,101,0.009901,250,0.004
hex_colors,#b4ccff,1,1,101,0.009901,250,0.004
hex_colors,#b5342b,1,1,101,0.009901,250,0.004
hex_colors,#b5ccff,1,1,101,0.009901,250,0.004
hex_colors,#b5cdff,1,1,101,0.009901,250,0.004
hex_colors,#b6cdff,1,1,101,0.009901,250,0.004
hex_colors,#b6ceff,1,1,101,0.009901,250,0.004
hex_colors,#b7791f,1,1,101,0.009901,250,0.004
hex_colors,#b7ceff,1,1,101,0.009901,250,0.004
hex_colors,#b8ceff,1,1,101,0.009901,250,0.004
hex_colors,#b8cfff,1,1,101,0.009901,250,0.004
hex_colors,#b9cfff,1,1,101,0.009901,250,0.004
hex_colors,#bacfff,1,1,101,0.009901,250,0.004
hex_colors,#bad0ff,1,1,101,0.009901,250,0.004
hex_colors,#bbd0ff,1,1,101,0.009901,250,0.004
hex_colors,#bbd1ff,1,1,101,0.009901,250,0.004
hex_colors,#bcd1ff,1,1,101,0.009901,250,0.004
hex_colors,#bcf60c,1,1,101,0.009901,250,0.004
hex_colors,#bdd2ff,1,1,101,0.009901,250,0.004
hex_colors,#bed2ff,1,1,101,0.009901,250,0.004
hex_colors,#bed3ff,1,1,101,0.009901,250,0.004
hex_colors,#bfd3ff,1,1,101,0.009901,250,0.004
hex_colors,#c0392b,1,1,101,0.009901,250,0.004
hex_colors,#c0d4ff,1,1,101,0.009901,250,0.004
hex_colors,#c1d4ff,1,1,101,0.009901,250,0.004
hex_colors,#c1d5ff,1,1,101,0.009901,250,0.004
hex_colors,#c2d5ff,1,1,101,0.009901,250,0.004
hex_colors,#c3d6ff,1,1,101,0.009901,250,0.004
hex_colors,#c4c8cc,1,1,101,0.009901,250,0.004
hex_colors,#c4d7ff,1,1,101,0.009901,250,0.004
hex_colors,#c5d7ff,1,1,101,0.009901,250,0.004
hex_colors,#c6d8ff,1,1,101,0.009901,250,0.004
hex_colors,#c7d9ff,1,1,101,0.009901,250,0.004
hex_colors,#c8d9ff,1,1,101,0.009901,250,0.004
hex_colors,#c9ced6,1,1,101,0.009901,250,0.004
hex_colors,#c9d6ea,1,1,101,0.009901,250,0.004
hex_colors,#c9daf8,1,1,101,0.009901,250,0.004
hex_colors,#c9daff,1,1,101,0.009901,250,0.004
hex_colors,#cadbff,1,1,101,0.009901,250,0.004
hex_colors,#cbd5e1,1,1,101,0.009901,250,0.004
hex_colors,#cbdbff,1,1,101,0.009901,250,0.004
hex_colors,#cdcdcd,1,1,101,0.009901,250,0.004
hex_colors,#cecece,1,1,101,0.009901,250,0.004
hex_colors,#cfcbcb,1,1,101,0.009901,250,0.004
hex_colors,#d0e0e3,1,1,101,0.009901,250,0.004
hex_colors,#d9d2e9,1,1,101,0.009901,250,0.004
hex_colors,#d9e6f2,1,1,101,0.009901,250,0.004
hex_colors,#d9ead3,1,1,101,0.009901,250,0.004
hex_colors,#db2777,1,1,101,0.009901,250,0.004
hex_colors,#dbdbdb,1,1,101,0.009901,250,0.004
hex_colors,#dbeafe,1,1,101,0.009901,250,0.004
hex_colors,#dcfce7,1,1,101,0.009901,250,0.004
hex_colors,#dd8a6f,1,1,101,0.009901,250,0.004
hex_colors,#dddddd,1,1,101,0.009901,250,0.004
hex_colors,#dede00,1,1,101,0.009901,250,0.004
hex_colors,#e28a60,1,1,101,0.009901,250,0.004
hex_colors,#e36149,1,1,101,0.009901,250,0.004
hex_colors,#e41a1c,1,1,101,0.009901,250,0.004
hex_colors,#e5e5e5,1,1,101,0.009901,250,0.004
hex_colors,#e6194b,1,1,101,0.009901,250,0.004
hex_colors,#e6beff,1,1,101,0.009901,250,0.004
hex_colors,#e74c3c,1,1,101,0.009901,250,0.004
hex_colors,#ec8333,1,1,101,0.009901,250,0.004
hex_colors,#eef3fb,1,1,101,0.009901,250,0.004
hex_colors,#eef6ff,1,1,101,0.009901,250,0.004
hex_colors,#f032e6,1,1,101,0.009901,250,0.004
hex_colors,#f0f0f0,1,1,101,0.009901,250,0.004
hex_colors,#f2b705,1,1,101,0.009901,250,0.004
hex_colors,#f2fff8,1,1,101,0.009901,250,0.004
hex_colors,#f3d9c9,1,1,101,0.009901,250,0.004
hex_colors,#f46d43,1,1,101,0.009901,250,0.004
hex_colors,#f4cccc,1,1,101,0.009901,250,0.004
hex_colors,#f58231,1,1,101,0.009901,250,0.004
hex_colors,#f5f5f5,1,1,101,0.009901,250,0.004
hex_colors,#f6fbff,1,1,101,0.009901,250,0.004
hex_colors,#f7f7f4,1,1,101,0.009901,250,0.004
hex_colors,#f7f7f9,1,1,101,0.009901,250,0.004
hex_colors,#f7fff9,1,1,101,0.009901,250,0.004
hex_colors,#fabebe,1,1,101,0.009901,250,0.004
hex_colors,#fafafa,1,1,101,0.009901,250,0.004
hex_colors,#fbeeee,1,1,101,0.009901,250,0.004
hex_colors,#fce5cd,1,1,101,0.009901,250,0.004
hex_colors,#fce7f3,1,1,101,0.009901,250,0.004
hex_colors,#fdd3dd,1,1,101,0.009901,250,0.004
hex_colors,#fef3c7,1,1,101,0.009901,250,0.004
hex_colors,#ff0051,1,1,101,0.009901,250,0.004
hex_colors,#ff7f00,1,1,101,0.009901,250,0.004
hex_colors,#ffc832,1,1,101,0.009901,250,0.004
hex_colors,#ffd8b1,1,1,101,0.009901,250,0.004
hex_colors,#ffe119,1,1,101,0.009901,250,0.004
hex_colors,#ffe9c7,1,1,101,0.009901,250,0.004
hex_colors,#ffe9e4,1,1,101,0.009901,250,0.004
hex_colors,#fff0f0,1,1,101,0.009901,250,0.004
hex_colors,#fff2cc,1,1,101,0.009901,250,0.004
hex_colors,#fffac8,1,1,101,0.009901,250,0.004
line_widths_pt,2,39,18,101,0.178218,250,0.072
line_widths_pt,1.5,17,12,101,0.118812,250,0.048
line_widths_pt,0.5,14,11,101,0.108911,250,0.044
line_widths_pt,1,13,11,101,0.108911,250,0.044
line_widths_pt,0.8,8,7,101,0.069307,250,0.028
line_widths_pt,3,14,6,101,0.059406,250,0.024
line_widths_pt,1.0,6,6,101,0.059406,250,0.024
line_widths_pt,1.2,6,6,101,0.059406,250,0.024
line_widths_pt,2.5,6,6,101,0.059406,250,0.024
line_widths_pt,4,13,4,101,0.039604,250,0.016
line_widths_pt,0,10,4,101,0.039604,250,0.016
line_widths_pt,2.0,4,3,101,0.029703,250,0.012
line_widths_pt,1.6,3,3,101,0.029703,250,0.012
line_widths_pt,3.5,3,3,101,0.029703,250,0.012
line_widths_pt,0.3,4,2,101,0.019802,250,0.008
line_widths_pt,0.4,4,2,101,0.019802,250,0.008
line_widths_pt,0.0,2,2,101,0.019802,250,0.008
line_widths_pt,0.7,2,2,101,0.019802,250,0.008
line_widths_pt,1.25,2,2,101,0.019802,250,0.008
line_widths_pt,1.8,2,2,101,0.019802,250,0.008
line_widths_pt,2.4,2,2,101,0.019802,250,0.008
line_widths_pt,3.0,2,2,101,0.019802,250,0.008
line_widths_pt,6,3,1,101,0.009901,250,0.004
line_widths_pt,0.2,2,1,101,0.009901,250,0.004
line_widths_pt,.5,1,1,101,0.009901,250,0.004
line_widths_pt,0.1,1,1,101,0.009901,250,0.004
line_widths_pt,0.55,1,1,101,0.009901,250,0.004
line_widths_pt,0.6,1,1,101,0.009901,250,0.004
line_widths_pt,0.9,1,1,101,0.009901,250,0.004
line_widths_pt,1.4,1,1,101,0.009901,250,0.004
line_widths_pt,2.2,1,1,101,0.009901,250,0.004
line_widths_pt,3.2,1,1,101,0.009901,250,0.004
marker_literals,o,56,26,101,0.257426,250,0.104
marker_literals,s,13,10,101,0.09901,250,0.04
marker_literals,x,12,10,101,0.09901,250,0.04
marker_literals,^,5,5,101,0.049505,250,0.02
marker_literals,*,4,4,101,0.039604,250,0.016
marker_literals,.,3,3,101,0.029703,250,0.012
marker_literals,X,1,1,101,0.009901,250,0.004
marker_literals,ball_marker,1,1,101,0.009901,250,0.004
marker_literals,v,1,1,101,0.009901,250,0.004
style_literals,--,45,22,101,0.217822,250,0.088
style_literals,-,24,15,101,0.148515,250,0.06
style_literals,:,21,11,101,0.108911,250,0.044
style_literals,whitegrid,17,4,101,0.039604,250,0.016
style_literals,->,4,4,101,0.039604,250,0.016
style_literals,round,3,3,101,0.029703,250,0.012
style_literals,white,3,3,101,0.029703,250,0.012
style_literals,ticks,6,2,101,0.019802,250,0.008
style_literals,seaborn-v0_8-whitegrid,4,2,101,0.019802,250,0.008
style_literals,None,2,2,101,0.019802,250,0.008
style_literals,"round,pad=0.5",2,2,101,0.019802,250,0.008
style_literals,band,3,1,101,0.009901,250,0.004
style_literals,none,3,1,101,0.009901,250,0.004
style_literals,dashed,2,1,101,0.009901,250,0.004
style_literals,italic,2,1,101,0.009901,250,0.004
style_literals,mask-type:luminance,2,1,101,0.009901,250,0.004
style_literals,-.,1,1,101,0.009901,250,0.004
style_literals,Algorithm,1,1,101,0.009901,250,0.004
style_literals,Environment,1,1,101,0.009901,250,0.004
style_literals,background-color:{color}; color:{text_color}; border: 1px solid black; padding: 0.5px; margin-top: 4px; margin-bottom: 4px,1,1,101,0.009901,250,0.004
style_literals,cursor: pointer;,1,1,101,0.009901,250,0.004
style_literals,fill: #1b86ba; opacity: 0.8,1,1,101,0.009901,250,0.004
style_literals,fill: #444444,1,1,101,0.009901,250,0.004
style_literals,fill: #666666,1,1,101,0.009901,250,0.004
style_literals,fill: #6e8857; opacity: 0.8,1,1,101,0.009901,250,0.004
style_literals,fill: #731d6f; opacity: 0.8,1,1,101,0.009901,250,0.004
style_literals,fill: #e36149; opacity: 0.8,1,1,101,0.009901,250,0.004
style_literals,fill: #ffffff,1,1,101,0.009901,250,0.004
style_literals,fill: #ffffff; opacity: 0.8; stroke: #cccccc; stroke-linejoin: miter,1,1,101,0.009901,250,0.004
style_literals,fill: none; stroke: #000000; stroke-linejoin: miter; stroke-linecap: square,1,1,101,0.009901,250,0.004
style_literals,fill: none; stroke: #424242; stroke-width: 2.25; stroke-linecap: square,1,1,101,0.009901,250,0.004
style_literals,fill:#000000;fill-opacity:0;stroke:#fdd3dd;stroke-opacity:1,1,1,101,0.009901,250,0.004
style_literals,"fill:#000000;fill-opacity:0;stroke:#fdd3dd;stroke-width:2.84462;stroke-linecap:square;stroke-linejoin:round;stroke-miterlimit:4;stroke-dasharray:5.68924, 5.68924;stroke-dashoffset:0;stroke-opacity:1",1,1,101,0.009901,250,0.004
style_literals,fill:#000000;fill-opacity:1,1,1,101,0.009901,250,0.004
style_literals,fill:#000000;fill-opacity:1;fill-rule:evenodd;stroke:#000000;stroke-width:0.743189;stroke-linecap:butt;stroke-linejoin:miter;stroke-miterlimit:4;stroke-dasharray:none;stroke-opacity:1,1,1,101,0.009901,250,0.004
style_literals,fill:#000000;fill-opacity:1;fill-rule:evenodd;stroke:#000000;stroke-width:0.74319;stroke-linecap:butt;stroke-linejoin:miter;stroke-miterlimit:4;stroke-dasharray:none;stroke-opacity:1,1,1,101,0.009901,250,0.004
style_literals,fill:#000000;fill-opacity:1;fill-rule:evenodd;stroke:#000000;stroke-width:0.948206;stroke-linecap:butt;stroke-linejoin:miter;stroke-miterlimit:4;stroke-dasharray:none;stroke-opacity:1,1,1,101,0.009901,250,0.004
style_literals,fill:#000000;fill-opacity:1;fill-rule:nonzero;stroke:none,1,1,101,0.009901,250,0.004
style_literals,fill:#000000;fill-opacity:1;fill-rule:nonzero;stroke:none;stroke-width:0.62515,1,1,101,0.009901,250,0.004
style_literals,fill:#727272;fill-opacity:1,1,1,101,0.009901,250,0.004
style_literals,fill:#727272;fill-opacity:1;fill-rule:nonzero;stroke:none,1,1,101,0.009901,250,0.004
style_literals,fill:#727272;fill-opacity:1;fill-rule:nonzero;stroke:none;stroke-opacity:1,1,1,101,0.009901,250,0.004
style_literals,fill:#727272;fill-opacity:1;fill-rule:nonzero;stroke:none;stroke-width:0.62515,1,1,101,0.009901,250,0.004
style_literals,fill:#727272;fill-opacity:1;stroke:none;stroke-opacity:1,1,1,101,0.009901,250,0.004
style_literals,fill:#727272;fill-opacity:1;stroke:none;stroke-width:0.0174328;stroke-opacity:1,1,1,101,0.009901,250,0.004
style_literals,fill:#cdcdcd;fill-opacity:1;fill-rule:evenodd;stroke:#cdcdcd;stroke-width:0.948119;stroke-linecap:butt;stroke-linejoin:miter;stroke-miterlimit:4;stroke-dasharray:none;stroke-opacity:1,1,1,101,0.009901,250,0.004
style_literals,fill:#cdcdcd;fill-opacity:1;fill-rule:nonzero;stroke:#121923;stroke-width:1.64704;stroke-linecap:butt;stroke-linejoin:miter;stroke-miterlimit:4;stroke-dasharray:none;stroke-opacity:1,1,1,101,0.009901,250,0.004
style_literals,fill:#cfcbcb;fill-opacity:1;fill-rule:nonzero;stroke:none,1,1,101,0.009901,250,0.004
style_literals,fill:#f2f2f2;fill-opacity:1;fill-rule:nonzero;stroke:#cecece;stroke-width:1.0658;stroke-linecap:round;stroke-linejoin:round;stroke-miterlimit:4;stroke-dasharray:none;stroke-opacity:1,1,1,101,0.009901,250,0.004
style_literals,fill:#fdd3dd;fill-opacity:1;fill-rule:nonzero;stroke:none,1,1,101,0.009901,250,0.004
style_literals,fill:#fff0f0;fill-opacity:1;fill-rule:nonzero;stroke:none,1,1,101,0.009901,250,0.004
style_literals,fill:context-stroke;fill-rule:evenodd;stroke:context-stroke;stroke-width:0.625;stroke-linejoin:round,1,1,101,0.009901,250,0.004
style_literals,fill:context-stroke;fill-rule:evenodd;stroke:context-stroke;stroke-width:1pt,1,1,101,0.009901,250,0.004
style_literals,fill:none;stroke:#000000;stroke-width:0.75;stroke-linecap:butt;stroke-linejoin:miter;stroke-miterlimit:4;stroke-dasharray:none;stroke-opacity:1;marker-end:url(#Arrow2Lend-3),1,1,101,0.009901,250,0.004
style_literals,fill:none;stroke:#000000;stroke-width:0.75;stroke-linecap:butt;stroke-linejoin:miter;stroke-miterlimit:4;stroke-dasharray:none;stroke-opacity:1;marker-end:url(#Arrow2Lend-3-5),1,1,101,0.009901,250,0.004
style_literals,fill:none;stroke:#000000;stroke-width:0.997882;stroke-linecap:round;stroke-linejoin:round;stroke-miterlimit:4;stroke-dasharray:none;stroke-dashoffset:0;stroke-opacity:1;marker-end:url(#Arrow2Mend-7-6-6),1,1,101,0.009901,250,0.004
style_literals,fill:none;stroke:#000000;stroke-width:0.999005;stroke-linecap:round;stroke-linejoin:round;stroke-miterlimit:4;stroke-dasharray:none;stroke-dashoffset:0;stroke-opacity:1;marker-end:url(#Arrow2Mend-7-6),1,1,101,0.009901,250,0.004
style_literals,fill:none;stroke:#000000;stroke-width:1.00013;stroke-linecap:round;stroke-linejoin:round;stroke-miterlimit:4;stroke-dasharray:none;stroke-dashoffset:0;stroke-opacity:1;marker-end:url(#Arrow2Mend),1,1,101,0.009901,250,0.004
style_literals,fill:none;stroke:#000000;stroke-width:1.00013;stroke-linecap:round;stroke-linejoin:round;stroke-miterlimit:4;stroke-dasharray:none;stroke-dashoffset:0;stroke-opacity:1;marker-end:url(#Arrow2Mend-7),1,1,101,0.009901,250,0.004
style_literals,fill:none;stroke:#000000;stroke-width:1.42231;stroke-linecap:round;stroke-linejoin:round;stroke-miterlimit:4;stroke-dasharray:none;stroke-opacity:1,1,1,101,0.009901,250,0.004
style_literals,"fill:none;stroke:#000000;stroke-width:1.42231;stroke-linecap:square;stroke-linejoin:round;stroke-miterlimit:4;stroke-dasharray:2.84461, 2.84461;stroke-dashoffset:0;stroke-opacity:1",1,1,101,0.009901,250,0.004
style_literals,fill:none;stroke:#000000;stroke-width:1.42231;stroke-linecap:square;stroke-linejoin:round;stroke-miterlimit:4;stroke-dasharray:none;stroke-opacity:1,1,1,101,0.009901,250,0.004
style_literals,fill:none;stroke:#000000;stroke-width:1.52325;stroke-linecap:round;stroke-linejoin:round;stroke-miterlimit:4;stroke-dasharray:none;stroke-dashoffset:0;stroke-opacity:1;marker-end:url(#TriangleOutM),1,1,101,0.009901,250,0.004
style_literals,fill:none;stroke:#000000;stroke-width:1.52325;stroke-linecap:round;stroke-linejoin:round;stroke-miterlimit:4;stroke-dasharray:none;stroke-dashoffset:0;stroke-opacity:1;marker-end:url(#TriangleOutM-3),1,1,101,0.009901,250,0.004
style_literals,fill:none;stroke:#000000;stroke-width:2.84462;stroke-linecap:round;stroke-linejoin:round;stroke-miterlimit:4;stroke-dasharray:none;stroke-opacity:1,1,1,101,0.009901,250,0.004
style_literals,"fill:none;stroke:#00007b;stroke-width:0.600677;stroke-linecap:round;stroke-linejoin:round;stroke-miterlimit:4;stroke-dasharray:1.20135, 2.40271;stroke-dashoffset:0;stroke-opacity:1",1,1,101,0.009901,250,0.004
style_literals,fill:none;stroke:#cbdbff;stroke-width:1.06673;stroke-linecap:square;stroke-linejoin:round;stroke-miterlimit:4;stroke-dasharray:none;stroke-opacity:1,1,1,101,0.009901,250,0.004
style_literals,"fill:none;stroke:#cdcdcd;stroke-width:1.06673;stroke-linecap:round;stroke-linejoin:round;stroke-miterlimit:4;stroke-dasharray:3.2002, 3.2002;stroke-dashoffset:0;stroke-opacity:1",1,1,101,0.009901,250,0.004
style_literals,fill:none;stroke:#cdcdcd;stroke-width:1.42231;stroke-linecap:round;stroke-linejoin:round;stroke-miterlimit:4;stroke-dasharray:none;stroke-opacity:1,1,1,101,0.009901,250,0.004
style_literals,fill:none;stroke:#cecece;stroke-width:1.0658;stroke-linecap:round;stroke-linejoin:round;stroke-miterlimit:4;stroke-dasharray:none;stroke-opacity:1,1,1,101,0.009901,250,0.004
style_literals,fill:none;stroke:#e5e5e5;stroke-width:1.06673;stroke-linecap:square;stroke-linejoin:round;stroke-miterlimit:4;stroke-dasharray:none;stroke-opacity:1,1,1,101,0.009901,250,0.004
style_literals,fill:url(#radialGradient1104);stroke:none,1,1,101,0.009901,250,0.004
style_literals,font-size:12px;line-height:1.25;font-family:sans-serif;stroke-width:0.750002,1,1,101,0.009901,250,0.004
style_literals,font-style:normal;font-variant:normal;font-weight:300;font-stretch:normal;font-size:12px;font-family:Lato;-inkscape-font-specification:,1,1,101,0.009901,250,0.004
style_literals,font-style:normal;font-variant:normal;font-weight:bold;font-stretch:normal;font-size:13px;font-family:Lato;-inkscape-font-specification:,1,1,101,0.009901,250,0.004
style_literals,font-style:normal;font-variant:normal;font-weight:normal;font-stretch:normal;font-size:13px;line-height:1.25;font-family:Lato;-inkscape-font-specification:Lato;stroke-width:0.75,1,1,101,0.009901,250,0.004
style_literals,margin-right: 10px;,1,1,101,0.009901,250,0.004
style_literals,margin-top: 1rem;,1,1,101,0.009901,250,0.004
style_literals,opacity:0.808861,1,1,101,0.009901,250,0.004
style_literals,"opacity:1;fill:#ffffff;fill-opacity:1;stroke:none;stroke-width:0.600002;stroke-linecap:round;stroke-dasharray:1.2, 2.40001",1,1,101,0.009901,250,0.004
style_literals,overflow:visible,1,1,101,0.009901,250,0.004
style_literals,poster,1,1,101,0.009901,250,0.004
style_literals,"round,pad=0.0,rounding_size=0.18",1,1,101,0.009901,250,0.004
style_literals,"round,pad=0.002",1,1,101,0.009901,250,0.004
style_literals,"round,pad=0.003",1,1,101,0.009901,250,0.004
style_literals,"round,pad=0.006",1,1,101,0.009901,250,0.004
style_literals,"round,pad=0.008",1,1,101,0.009901,250,0.004
style_literals,"round,pad=0.1",1,1,101,0.009901,250,0.004
style_literals,"round,pad=0.15",1,1,101,0.009901,250,0.004
style_literals,"round,pad=0.18",1,1,101,0.009901,250,0.004
style_literals,"round,pad=0.22",1,1,101,0.009901,250,0.004
style_literals,"round,pad=0.24",1,1,101,0.009901,250,0.004
style_literals,"round,pad=0.3",1,1,101,0.009901,250,0.004
style_literals,"round,pad=0.4",1,1,101,0.009901,250,0.004
style_literals,seaborn-v0_8-white,1,1,101,0.009901,250,0.004
style_literals,"square,pad=0",1,1,101,0.009901,250,0.004
style_literals,stop-opacity:1;stop-color:#4e87ff,1,1,101,0.009901,250,0.004
style_literals,stop-opacity:1;stop-color:#4f88ff,1,1,101,0.009901,250,0.004
style_literals,stop-opacity:1;stop-color:#5089ff,1,1,101,0.009901,250,0.004
style_literals,stop-opacity:1;stop-color:#5189ff,1,1,101,0.009901,250,0.004
style_literals,stop-opacity:1;stop-color:#518aff,1,1,101,0.009901,250,0.004
style_literals,stop-opacity:1;stop-color:#528aff,1,1,101,0.009901,250,0.004
style_literals,stop-opacity:1;stop-color:#538bff,1,1,101,0.009901,250,0.004
style_literals,stop-opacity:1;stop-color:#548bff,1,1,101,0.009901,250,0.004
style_literals,stop-opacity:1;stop-color:#548cff,1,1,101,0.009901,250,0.004
style_literals,stop-opacity:1;stop-color:#558cff,1,1,101,0.009901,250,0.004
style_literals,stop-opacity:1;stop-color:#568dff,1,1,101,0.009901,250,0.004
style_literals,stop-opacity:1;stop-color:#578dff,1,1,101,0.009901,250,0.004
style_literals,stop-opacity:1;stop-color:#578eff,1,1,101,0.009901,250,0.004
style_literals,stop-opacity:1;stop-color:#588eff,1,1,101,0.009901,250,0.004
style_literals,stop-opacity:1;stop-color:#598fff,1,1,101,0.009901,250,0.004
style_literals,stop-opacity:1;stop-color:#5a8fff,1,1,101,0.009901,250,0.004
style_literals,stop-opacity:1;stop-color:#5a90ff,1,1,101,0.009901,250,0.004
style_literals,stop-opacity:1;stop-color:#5b90ff,1,1,101,0.009901,250,0.004
style_literals,stop-opacity:1;stop-color:#5c91ff,1,1,101,0.009901,250,0.004
style_literals,stop-opacity:1;stop-color:#5d91ff,1,1,101,0.009901,250,0.004
style_literals,stop-opacity:1;stop-color:#5d92ff,1,1,101,0.009901,250,0.004
style_literals,stop-opacity:1;stop-color:#5e92ff,1,1,101,0.009901,250,0.004
style_literals,stop-opacity:1;stop-color:#5f93ff,1,1,101,0.009901,250,0.004
style_literals,stop-opacity:1;stop-color:#6093ff,1,1,101,0.009901,250,0.004
style_literals,stop-opacity:1;stop-color:#6094ff,1,1,101,0.009901,250,0.004
style_literals,stop-opacity:1;stop-color:#6194ff,1,1,101,0.009901,250,0.004
style_literals,stop-opacity:1;stop-color:#6295ff,1,1,101,0.009901,250,0.004
style_literals,stop-opacity:1;stop-color:#6395ff,1,1,101,0.009901,250,0.004
style_literals,stop-opacity:1;stop-color:#6396ff,1,1,101,0.009901,250,0.004
style_literals,stop-opacity:1;stop-color:#6496ff,1,1,101,0.009901,250,0.004
style_literals,stop-opacity:1;stop-color:#6597ff,1,1,101,0.009901,250,0.004
style_literals,stop-opacity:1;stop-color:#6697ff,1,1,101,0.009901,250,0.004
style_literals,stop-opacity:1;stop-color:#6698ff,1,1,101,0.009901,250,0.004
style_literals,stop-opacity:1;stop-color:#6798ff,1,1,101,0.009901,250,0.004
style_literals,stop-opacity:1;stop-color:#6899ff,1,1,101,0.009901,250,0.004
style_literals,stop-opacity:1;stop-color:#6999ff,1,1,101,0.009901,250,0.004
style_literals,stop-opacity:1;stop-color:#699aff,1,1,101,0.009901,250,0.004
style_literals,stop-opacity:1;stop-color:#6a9aff,1,1,101,0.009901,250,0.004
style_literals,stop-opacity:1;stop-color:#6a9bff,1,1,101,0.009901,250,0.004
style_literals,stop-opacity:1;stop-color:#6b9bff,1,1,101,0.009901,250,0.004
style_literals,stop-opacity:1;stop-color:#6c9cff,1,1,101,0.009901,250,0.004
style_literals,stop-opacity:1;stop-color:#6d9cff,1,1,101,0.009901,250,0.004
style_literals,stop-opacity:1;stop-color:#6d9dff,1,1,101,0.009901,250,0.004
style_literals,stop-opacity:1;stop-color:#6e9dff,1,1,101,0.009901,250,0.004
style_literals,stop-opacity:1;stop-color:#6f9dff,1,1,101,0.009901,250,0.004
style_literals,stop-opacity:1;stop-color:#709eff,1,1,101,0.009901,250,0.004
style_literals,stop-opacity:1;stop-color:#719fff,1,1,101,0.009901,250,0.004
style_literals,stop-opacity:1;stop-color:#729fff,1,1,101,0.009901,250,0.004
style_literals,stop-opacity:1;stop-color:#73a0ff,1,1,101,0.009901,250,0.004
style_literals,stop-opacity:1;stop-color:#74a1ff,1,1,101,0.009901,250,0.004
style_literals,stop-opacity:1;stop-color:#75a1ff,1,1,101,0.009901,250,0.004
style_literals,stop-opacity:1;stop-color:#76a2ff,1,1,101,0.009901,250,0.004
style_literals,stop-opacity:1;stop-color:#77a3ff,1,1,101,0.009901,250,0.004
style_literals,stop-opacity:1;stop-color:#78a3ff,1,1,101,0.009901,250,0.004
style_literals,stop-opacity:1;stop-color:#79a4ff,1,1,101,0.009901,250,0.004
style_literals,stop-opacity:1;stop-color:#7aa5ff,1,1,101,0.009901,250,0.004
style_literals,stop-opacity:1;stop-color:#7ba5ff,1,1,101,0.009901,250,0.004
style_literals,stop-opacity:1;stop-color:#7ca6ff,1,1,101,0.009901,250,0.004
style_literals,stop-opacity:1;stop-color:#7da7ff,1,1,101,0.009901,250,0.004
style_literals,stop-opacity:1;stop-color:#7ea7ff,1,1,101,0.009901,250,0.004
style_literals,stop-opacity:1;stop-color:#7fa8ff,1,1,101,0.009901,250,0.004
style_literals,stop-opacity:1;stop-color:#80a9ff,1,1,101,0.009901,250,0.004
style_literals,stop-opacity:1;stop-color:#81a9ff,1,1,101,0.009901,250,0.004
style_literals,stop-opacity:1;stop-color:#82aaff,1,1,101,0.009901,250,0.004
style_literals,stop-opacity:1;stop-color:#83abff,1,1,101,0.009901,250,0.004
style_literals,stop-opacity:1;stop-color:#84abff,1,1,101,0.009901,250,0.004
style_literals,stop-opacity:1;stop-color:#85acff,1,1,101,0.009901,250,0.004
style_literals,stop-opacity:1;stop-color:#86adff,1,1,101,0.009901,250,0.004
style_literals,stop-opacity:1;stop-color:#87adff,1,1,101,0.009901,250,0.004
style_literals,stop-opacity:1;stop-color:#88aeff,1,1,101,0.009901,250,0.004
style_literals,stop-opacity:1;stop-color:#89afff,1,1,101,0.009901,250,0.004
style_literals,stop-opacity:1;stop-color:#8aafff,1,1,101,0.009901,250,0.004
style_literals,stop-opacity:1;stop-color:#8bb0ff,1,1,101,0.009901,250,0.004
style_literals,stop-opacity:1;stop-color:#8cb1ff,1,1,101,0.009901,250,0.004
style_literals,stop-opacity:1;stop-color:#8db1ff,1,1,101,0.009901,250,0.004
style_literals,stop-opacity:1;stop-color:#8db2ff,1,1,101,0.009901,250,0.004
style_literals,stop-opacity:1;stop-color:#8eb2ff,1,1,101,0.009901,250,0.004
style_literals,stop-opacity:1;stop-color:#8fb3ff,1,1,101,0.009901,250,0.004
style_literals,stop-opacity:1;stop-color:#90b3ff,1,1,101,0.009901,250,0.004
style_literals,stop-opacity:1;stop-color:#90b4ff,1,1,101,0.009901,250,0.004
style_literals,stop-opacity:1;stop-color:#91b4ff,1,1,101,0.009901,250,0.004
style_literals,stop-opacity:1;stop-color:#92b5ff,1,1,101,0.009901,250,0.004
style_literals,stop-opacity:1;stop-color:#93b5ff,1,1,101,0.009901,250,0.004
style_literals,stop-opacity:1;stop-color:#93b6ff,1,1,101,0.009901,250,0.004
style_literals,stop-opacity:1;stop-color:#94b6ff,1,1,101,0.009901,250,0.004
style_literals,stop-opacity:1;stop-color:#95b7ff,1,1,101,0.009901,250,0.004
style_literals,stop-opacity:1;stop-color:#96b7ff,1,1,101,0.009901,250,0.004
style_literals,stop-opacity:1;stop-color:#96b8ff,1,1,101,0.009901,250,0.004
style_literals,stop-opacity:1;stop-color:#97b8ff,1,1,101,0.009901,250,0.004
style_literals,stop-opacity:1;stop-color:#98b9ff,1,1,101,0.009901,250,0.004
style_literals,stop-opacity:1;stop-color:#99b9ff,1,1,101,0.009901,250,0.004
style_literals,stop-opacity:1;stop-color:#99baff,1,1,101,0.009901,250,0.004
style_literals,stop-opacity:1;stop-color:#9abaff,1,1,101,0.009901,250,0.004
style_literals,stop-opacity:1;stop-color:#9bbbff,1,1,101,0.009901,250,0.004
style_literals,stop-opacity:1;stop-color:#9cbcff,1,1,101,0.009901,250,0.004
style_literals,stop-opacity:1;stop-color:#9dbcff,1,1,101,0.009901,250,0.004
style_literals,stop-opacity:1;stop-color:#9ebdff,1,1,101,0.009901,250,0.004
style_literals,stop-opacity:1;stop-color:#9fbeff,1,1,101,0.009901,250,0.004
style_literals,stop-opacity:1;stop-color:#a0beff,1,1,101,0.009901,250,0.004
style_literals,stop-opacity:1;stop-color:#a1bfff,1,1,101,0.009901,250,0.004
style_literals,stop-opacity:1;stop-color:#a2c0ff,1,1,101,0.009901,250,0.004
style_literals,stop-opacity:1;stop-color:#a3c0ff,1,1,101,0.009901,250,0.004
style_literals,stop-opacity:1;stop-color:#a4c1ff,1,1,101,0.009901,250,0.004
style_literals,stop-opacity:1;stop-color:#a4c2ff,1,1,101,0.009901,250,0.004
style_literals,stop-opacity:1;stop-color:#a5c2ff,1,1,101,0.009901,250,0.004
style_literals,stop-opacity:1;stop-color:#a6c2ff,1,1,101,0.009901,250,0.004
style_literals,stop-opacity:1;stop-color:#a6c3ff,1,1,101,0.009901,250,0.004
style_literals,stop-opacity:1;stop-color:#a7c3ff,1,1,101,0.009901,250,0.004
style_literals,stop-opacity:1;stop-color:#a7c4ff,1,1,101,0.009901,250,0.004
style_literals,stop-opacity:1;stop-color:#a8c4ff,1,1,101,0.009901,250,0.004
style_literals,stop-opacity:1;stop-color:#a9c4ff,1,1,101,0.009901,250,0.004
style_literals,stop-opacity:1;stop-color:#a9c5ff,1,1,101,0.009901,250,0.004
style_literals,stop-opacity:1;stop-color:#aac5ff,1,1,101,0.009901,250,0.004
style_literals,stop-opacity:1;stop-color:#aac6ff,1,1,101,0.009901,250,0.004
style_literals,stop-opacity:1;stop-color:#abc6ff,1,1,101,0.009901,250,0.004
style_literals,stop-opacity:1;stop-color:#acc6ff,1,1,101,0.009901,250,0.004
style_literals,stop-opacity:1;stop-color:#acc7ff,1,1,101,0.009901,250,0.004
style_literals,stop-opacity:1;stop-color:#adc7ff,1,1,101,0.009901,250,0.004
style_literals,stop-opacity:1;stop-color:#aec7ff,1,1,101,0.009901,250,0.004
style_literals,stop-opacity:1;stop-color:#aec8ff,1,1,101,0.009901,250,0.004
style_literals,stop-opacity:1;stop-color:#afc8ff,1,1,101,0.009901,250,0.004
style_literals,stop-opacity:1;stop-color:#b0c9ff,1,1,101,0.009901,250,0.004
style_literals,stop-opacity:1;stop-color:#b1c9ff,1,1,101,0.009901,250,0.004
style_literals,stop-opacity:1;stop-color:#b1caff,1,1,101,0.009901,250,0.004
style_literals,stop-opacity:1;stop-color:#b2caff,1,1,101,0.009901,250,0.004
style_literals,stop-opacity:1;stop-color:#b3cbff,1,1,101,0.009901,250,0.004
style_literals,stop-opacity:1;stop-color:#b4cbff,1,1,101,0.009901,250,0.004
style_literals,stop-opacity:1;stop-color:#b4ccff,1,1,101,0.009901,250,0.004
style_literals,stop-opacity:1;stop-color:#b5ccff,1,1,101,0.009901,250,0.004
style_literals,stop-opacity:1;stop-color:#b5cdff,1,1,101,0.009901,250,0.004
style_literals,stop-opacity:1;stop-color:#b6cdff,1,1,101,0.009901,250,0.004
style_literals,stop-opacity:1;stop-color:#b6ceff,1,1,101,0.009901,250,0.004
style_literals,stop-opacity:1;stop-color:#b7ceff,1,1,101,0.009901,250,0.004
style_literals,stop-opacity:1;stop-color:#b8ceff,1,1,101,0.009901,250,0.004
style_literals,stop-opacity:1;stop-color:#b8cfff,1,1,101,0.009901,250,0.004
style_literals,stop-opacity:1;stop-color:#b9cfff,1,1,101,0.009901,250,0.004
style_literals,stop-opacity:1;stop-color:#bacfff,1,1,101,0.009901,250,0.004
style_literals,stop-opacity:1;stop-color:#bad0ff,1,1,101,0.009901,250,0.004
style_literals,stop-opacity:1;stop-color:#bbd0ff,1,1,101,0.009901,250,0.004
style_literals,stop-opacity:1;stop-color:#bbd1ff,1,1,101,0.009901,250,0.004
style_literals,stop-opacity:1;stop-color:#bcd1ff,1,1,101,0.009901,250,0.004
style_literals,stop-opacity:1;stop-color:#bdd2ff,1,1,101,0.009901,250,0.004
style_literals,stop-opacity:1;stop-color:#bed2ff,1,1,101,0.009901,250,0.004
style_literals,stop-opacity:1;stop-color:#bed3ff,1,1,101,0.009901,250,0.004
style_literals,stop-opacity:1;stop-color:#bfd3ff,1,1,101,0.009901,250,0.004
style_literals,stop-opacity:1;stop-color:#c0d4ff,1,1,101,0.009901,250,0.004
style_literals,stop-opacity:1;stop-color:#c1d4ff,1,1,101,0.009901,250,0.004
style_literals,stop-opacity:1;stop-color:#c1d5ff,1,1,101,0.009901,250,0.004
style_literals,stop-opacity:1;stop-color:#c2d5ff,1,1,101,0.009901,250,0.004
style_literals,stop-opacity:1;stop-color:#c3d6ff,1,1,101,0.009901,250,0.004
style_literals,stop-opacity:1;stop-color:#c4d7ff,1,1,101,0.009901,250,0.004
style_literals,stop-opacity:1;stop-color:#c5d7ff,1,1,101,0.009901,250,0.004
style_literals,stop-opacity:1;stop-color:#c6d8ff,1,1,101,0.009901,250,0.004
style_literals,stop-opacity:1;stop-color:#c7d9ff,1,1,101,0.009901,250,0.004
style_literals,stop-opacity:1;stop-color:#c8d9ff,1,1,101,0.009901,250,0.004
style_literals,stop-opacity:1;stop-color:#c9daff,1,1,101,0.009901,250,0.004
style_literals,stop-opacity:1;stop-color:#cadbff,1,1,101,0.009901,250,0.004
style_literals,stop-opacity:1;stop-color:#cbdbff,1,1,101,0.009901,250,0.004
style_literals,stroke-width:0.750002,1,1,101,0.009901,250,0.004
style_literals,stroke-width:1.00013;stroke-linecap:round;stroke-miterlimit:4;stroke-dasharray:none,1,1,101,0.009901,250,0.004
style_literals,stroke: #000000; stroke-width: 0.8,1,1,101,0.009901,250,0.004
style_literals,"stroke:#00007b;stroke-width:0.600677;stroke-linecap:round;stroke-miterlimit:4;stroke-dasharray:1.20135, 2.40271;stroke-dashoffset:0;stroke-opacity:1",1,1,101,0.009901,250,0.004
style_literals,stroke:none,1,1,101,0.009901,250,0.004
style_literals,text-decoration: none;,1,1,101,0.009901,250,0.004
tools,matplotlib,202,63,101,0.623762,250,0.252
tools,pandas,110,38,101,0.376238,250,0.152
tools,seaborn,59,23,101,0.227723,250,0.092
tools,latex,64,18,101,0.178218,250,0.072
tools,plotly,15,8,101,0.079208,250,0.032
tools,graphviz,4,2,101,0.019802,250,0.008
tools,tikz,1,1,101,0.009901,250,0.004
uses_booktabs,absent,481,99,101,0.980198,250,0.396
uses_booktabs,present,29,12,101,0.118812,250,0.048
uses_errorbar,absent,492,101,101,1.0,250,0.404
uses_errorbar,present,18,10,101,0.09901,250,0.04
uses_fill_between,absent,470,99,101,0.980198,250,0.396
uses_fill_between,present,40,14,101,0.138614,250,0.056
uses_grid,absent,433,95,101,0.940594,250,0.38
uses_grid,present,77,32,101,0.316832,250,0.128
uses_legend,absent,386,91,101,0.90099,250,0.364
uses_legend,present,124,48,101,0.475248,250,0.192
uses_log_axis,absent,478,100,101,0.990099,250,0.4
uses_log_axis,present,32,15,101,0.148515,250,0.06
uses_resizebox,absent,492,100,101,0.990099,250,0.4
uses_resizebox,present,18,8,101,0.079208,250,0.032
uses_small_font,absent,488,98,101,0.970297,250,0.392
uses_small_font,present,22,12,101,0.118812,250,0.048
