scope,dimension,value,objects,object_count,object_share,papers,papers_present,paper_prevalence,paper_normalized_object_share,conference_equal_paper_normalized_share
all,width,double_column,5357,2388,0.445772,250,214,0.856,0.4663,0.407023
all,width,inset,5357,273,0.050961,250,99,0.396,0.044692,0.04211
all,width,page_width,5357,1051,0.196192,250,96,0.384,0.212764,0.265723
all,width,single_column,5357,1565,0.292141,250,219,0.876,0.247173,0.251605
all,width,unknown,5357,80,0.014934,250,25,0.1,0.017071,0.020206
all,types_auto,architecture,5357,109,0.020347,250,71,0.284,0.024072,0.023516
all,types_auto,bar,5357,56,0.010454,250,38,0.152,0.011265,0.011754
all,types_auto,box,5357,31,0.005787,250,22,0.088,0.00609,0.006361
all,types_auto,conceptual_diagram,5357,147,0.027441,250,102,0.408,0.036172,0.036548
all,types_auto,heatmap,5357,47,0.008774,250,29,0.116,0.008804,0.008305
all,types_auto,image_montage,5357,345,0.064402,250,78,0.312,0.062828,0.060447
all,types_auto,line,5357,385,0.071869,250,152,0.608,0.080464,0.082452
all,types_auto,map,5357,41,0.007654,250,27,0.108,0.010308,0.009709
all,types_auto,matrix,5357,87,0.01624,250,28,0.112,0.011693,0.01261
all,types_auto,network,5357,49,0.009147,250,32,0.128,0.012627,0.012703
all,types_auto,other,5357,1351,0.252193,250,218,0.872,0.233903,0.237285
all,types_auto,pareto,5357,49,0.009147,250,14,0.056,0.005573,0.006321
all,types_auto,pipeline,5357,233,0.043494,250,143,0.572,0.046674,0.046178
all,types_auto,qualitative_grid,5357,763,0.14243,250,186,0.744,0.143146,0.142159
all,types_auto,scatter,5357,58,0.010827,250,40,0.16,0.011604,0.011438
all,types_auto,screenshot,5357,19,0.003547,250,10,0.04,0.002793,0.002628
all,types_auto,table,5357,2309,0.431025,250,237,0.948,0.427204,0.420284
all,types_auto,tree,5357,27,0.00504,250,18,0.072,0.005275,0.005533
all,caption_headline_bold,0,5357,4478,0.835916,250,244,0.976,0.82998,0.83546
all,caption_headline_bold,1,5357,799,0.149151,250,97,0.388,0.140949,0.131
all,caption_has_setup,0,5357,2806,0.523801,250,246,0.984,0.50181,0.501913
all,caption_has_setup,1,5357,2471,0.461266,250,245,0.98,0.469119,0.464548
all,caption_has_encoding_key,0,5357,4444,0.829569,250,246,0.984,0.795294,0.79074
all,caption_has_encoding_key,1,5357,833,0.155497,250,212,0.848,0.175635,0.175721
all,caption_has_main_finding,0,5357,3527,0.658391,250,247,0.988,0.628394,0.621783
all,caption_has_main_finding,1,5357,1750,0.326675,250,242,0.968,0.342535,0.344677
all,caption_has_uncertainty_definition,0,5357,4930,0.920291,250,247,0.988,0.904756,0.897996
all,caption_has_uncertainty_definition,1,5357,347,0.064775,250,122,0.488,0.066173,0.068464
all,caption_has_appendix_pointer,0,5357,5183,0.967519,250,247,0.988,0.952879,0.947464
all,caption_has_appendix_pointer,1,5357,94,0.017547,250,68,0.272,0.018051,0.018996
all,color_mode_auto,color,5357,3252,0.607056,250,245,0.98,0.602889,0.6071
all,color_mode_auto,grayscale,5357,2025,0.37801,250,233,0.932,0.368041,0.35936
figure,width,double_column,3048,1421,0.466207,250,189,0.756,0.503559,0.433727
figure,width,page_width,3048,727,0.238517,250,95,0.38,0.251401,0.313814
figure,width,single_column,3048,831,0.272638,250,177,0.708,0.207487,0.210545
figure,width,unknown,3048,69,0.022638,250,19,0.076,0.021554,0.025248
figure,types_auto,architecture,3048,109,0.035761,250,71,0.284,0.044863,0.042793
figure,types_auto,bar,3048,56,0.018373,250,38,0.152,0.022297,0.023658
figure,types_auto,box,3048,31,0.010171,250,22,0.088,0.011135,0.011335
figure,types_auto,conceptual_diagram,3048,147,0.048228,250,102,0.408,0.063973,0.063796
figure,types_auto,heatmap,3048,47,0.01542,250,29,0.116,0.016522,0.015621
figure,types_auto,image_montage,3048,345,0.113189,250,78,0.312,0.111239,0.107072
figure,types_auto,line,3048,385,0.126312,250,152,0.608,0.141399,0.14393
figure,types_auto,map,3048,41,0.013451,250,27,0.108,0.01811,0.016757
figure,types_auto,matrix,3048,87,0.028543,250,28,0.112,0.020078,0.021168
figure,types_auto,network,3048,49,0.016076,250,32,0.128,0.022603,0.022029
figure,types_auto,other,3048,1351,0.443241,250,218,0.872,0.387614,0.389419
figure,types_auto,pareto,3048,49,0.016076,250,14,0.056,0.010772,0.012295
figure,types_auto,pipeline,3048,233,0.076444,250,143,0.572,0.099548,0.096681
figure,types_auto,qualitative_grid,3048,763,0.250328,250,186,0.744,0.251959,0.248397
figure,types_auto,scatter,3048,58,0.019029,250,40,0.16,0.023313,0.022431
figure,types_auto,screenshot,3048,19,0.006234,250,10,0.04,0.008031,0.008163
figure,types_auto,tree,3048,27,0.008858,250,18,0.072,0.011878,0.012248
figure,caption_headline_bold,0,3048,2544,0.834646,250,238,0.952,0.814425,0.820953
figure,caption_headline_bold,1,3048,435,0.142717,250,85,0.34,0.148021,0.137132
figure,caption_has_setup,0,3048,1692,0.555118,250,238,0.952,0.515646,0.50921
figure,caption_has_setup,1,3048,1287,0.422244,250,232,0.928,0.446801,0.448876
figure,caption_has_encoding_key,0,3048,2322,0.761811,250,241,0.964,0.722386,0.719394
figure,caption_has_encoding_key,1,3048,657,0.215551,250,196,0.784,0.240061,0.238691
figure,caption_has_main_finding,0,3048,1922,0.630577,250,239,0.956,0.596847,0.590143
figure,caption_has_main_finding,1,3048,1057,0.346785,250,222,0.888,0.3656,0.367942
figure,caption_has_uncertainty_definition,0,3048,2749,0.901903,250,246,0.984,0.890369,0.882668
figure,caption_has_uncertainty_definition,1,3048,230,0.075459,250,89,0.356,0.072078,0.075418
figure,caption_has_appendix_pointer,0,3048,2912,0.955381,250,246,0.984,0.941366,0.936522
figure,caption_has_appendix_pointer,1,3048,67,0.021982,250,49,0.196,0.02108,0.021563
figure,color_mode_auto,color,3048,2701,0.886155,250,244,0.976,0.878234,0.878663
figure,color_mode_auto,grayscale,3048,278,0.091207,250,103,0.412,0.084213,0.079423
table,width,double_column,2309,967,0.418796,250,181,0.724,0.40193,0.357405
table,width,inset,2309,273,0.118233,250,99,0.396,0.092292,0.088226
table,width,page_width,2309,324,0.14032,250,73,0.292,0.154207,0.192759
table,width,single_column,2309,734,0.317887,250,187,0.748,0.290337,0.298837
table,width,unknown,2309,11,0.004764,250,8,0.032,0.009234,0.009439
table,types_auto,table,2309,2309,1.0,250,237,0.948,0.948,0.946667
table,caption_headline_bold,0,2309,1934,0.837592,250,226,0.904,0.804234,0.811734
table,caption_headline_bold,1,2309,364,0.157644,250,64,0.256,0.134533,0.125494
table,caption_has_setup,0,2309,1114,0.48246,250,217,0.868,0.45092,0.455172
table,caption_has_setup,1,2309,1184,0.512776,250,219,0.876,0.487846,0.482055
table,caption_has_encoding_key,0,2309,2122,0.919013,250,231,0.924,0.851808,0.847999
table,caption_has_encoding_key,1,2309,176,0.076223,250,90,0.36,0.086958,0.089228
table,caption_has_main_finding,0,2309,1605,0.695106,250,225,0.9,0.641003,0.636325
table,caption_has_main_finding,1,2309,693,0.30013,250,192,0.768,0.297763,0.300902
table,caption_has_uncertainty_definition,0,2309,2181,0.944565,250,235,0.94,0.884092,0.881382
table,caption_has_uncertainty_definition,1,2309,117,0.050671,250,65,0.26,0.054674,0.055845
table,caption_has_appendix_pointer,0,2309,2271,0.983543,250,236,0.944,0.924828,0.922268
table,caption_has_appendix_pointer,1,2309,27,0.011693,250,24,0.096,0.013939,0.014959
table,color_mode_auto,color,2309,551,0.238631,250,171,0.684,0.242695,0.246234
table,color_mode_auto,grayscale,2309,1747,0.756605,250,226,0.904,0.696072,0.690994
main,width,double_column,2356,1045,0.443548,250,183,0.732,0.481192,0.41221
main,width,inset,2356,128,0.054329,250,73,0.292,0.049364,0.046574
main,width,page_width,2356,532,0.225806,250,96,0.384,0.234891,0.293098
main,width,single_column,2356,624,0.264856,250,181,0.724,0.210963,0.221333
main,width,unknown,2356,27,0.01146,250,14,0.056,0.011589,0.013452
main,types_auto,architecture,2356,83,0.035229,250,64,0.256,0.034931,0.033265
main,types_auto,bar,2356,29,0.012309,250,24,0.096,0.014536,0.015356
main,types_auto,box,2356,18,0.00764,250,16,0.064,0.008475,0.00861
main,types_auto,conceptual_diagram,2356,98,0.041596,250,81,0.324,0.051021,0.051301
main,types_auto,heatmap,2356,22,0.009338,250,18,0.072,0.009171,0.008672
main,types_auto,image_montage,2356,166,0.070458,250,66,0.264,0.064582,0.062994
main,types_auto,line,2356,209,0.08871,250,126,0.504,0.097604,0.099395
main,types_auto,map,2356,30,0.012733,250,24,0.096,0.012881,0.012518
main,types_auto,matrix,2356,67,0.028438,250,21,0.084,0.017084,0.017936
main,types_auto,network,2356,32,0.013582,250,25,0.1,0.019075,0.018699
main,types_auto,other,2356,635,0.269525,250,192,0.768,0.242274,0.243074
main,types_auto,pareto,2356,21,0.008913,250,13,0.052,0.010384,0.011648
main,types_auto,pipeline,2356,195,0.082767,250,138,0.552,0.087333,0.086189
main,types_auto,qualitative_grid,2356,344,0.14601,250,158,0.632,0.149194,0.147984
main,types_auto,scatter,2356,38,0.016129,250,32,0.128,0.017338,0.016861
main,types_auto,screenshot,2356,5,0.002122,250,3,0.012,0.002402,0.002627
main,types_auto,table,2356,826,0.350594,250,216,0.864,0.355371,0.351281
main,types_auto,tree,2356,18,0.00764,250,15,0.06,0.007281,0.007573
main,caption_headline_bold,0,2356,1944,0.825127,250,237,0.948,0.816621,0.824736
main,caption_headline_bold,1,2356,385,0.163413,250,85,0.34,0.159789,0.148479
main,caption_has_setup,0,2356,1171,0.497029,250,235,0.94,0.465235,0.465187
main,caption_has_setup,1,2356,1158,0.491511,250,238,0.952,0.511176,0.508028
main,caption_has_encoding_key,0,2356,1893,0.80348,250,245,0.98,0.765888,0.764419
main,caption_has_encoding_key,1,2356,436,0.185059,250,193,0.772,0.210523,0.208796
main,caption_has_main_finding,0,2356,1407,0.597199,250,242,0.968,0.563799,0.557539
main,caption_has_main_finding,1,2356,922,0.391341,250,233,0.932,0.412612,0.415676
main,caption_has_uncertainty_definition,0,2356,2144,0.910017,250,247,0.988,0.903027,0.897092
main,caption_has_uncertainty_definition,1,2356,185,0.078523,250,90,0.36,0.073384,0.076123
main,caption_has_appendix_pointer,0,2356,2253,0.956282,250,247,0.988,0.938011,0.933015
main,caption_has_appendix_pointer,1,2356,76,0.032258,250,58,0.232,0.038399,0.0402
main,color_mode_auto,color,2356,1693,0.718591,250,243,0.972,0.694716,0.699518
main,color_mode_auto,grayscale,2356,636,0.269949,250,205,0.82,0.281695,0.273697
appendix,width,double_column,3001,1343,0.447517,250,189,0.756,0.420805,0.374455
appendix,width,inset,3001,145,0.048317,250,48,0.192,0.035388,0.033033
appendix,width,page_width,3001,519,0.172942,250,81,0.324,0.183399,0.229248
appendix,width,single_column,3001,941,0.313562,250,177,0.708,0.27169,0.271748
appendix,width,unknown,3001,53,0.017661,250,18,0.072,0.020718,0.024849
appendix,types_auto,architecture,3001,26,0.008664,250,22,0.088,0.010447,0.00991
appendix,types_auto,bar,3001,27,0.008997,250,19,0.076,0.009398,0.009567
appendix,types_auto,box,3001,13,0.004332,250,10,0.04,0.003597,0.004073
appendix,types_auto,conceptual_diagram,3001,49,0.016328,250,35,0.14,0.020363,0.021136
appendix,types_auto,heatmap,3001,25,0.008331,250,15,0.06,0.008563,0.008633
appendix,types_auto,image_montage,3001,179,0.059647,250,50,0.2,0.056542,0.054287
appendix,types_auto,line,3001,176,0.058647,250,84,0.336,0.062956,0.064714
appendix,types_auto,map,3001,11,0.003665,250,6,0.024,0.004206,0.003505
appendix,types_auto,matrix,3001,20,0.006664,250,14,0.056,0.006483,0.006856
appendix,types_auto,network,3001,17,0.005665,250,15,0.06,0.00621,0.006163
appendix,types_auto,other,3001,716,0.238587,250,162,0.648,0.207902,0.212979
appendix,types_auto,pareto,3001,28,0.00933,250,5,0.02,0.002427,0.00289
appendix,types_auto,pipeline,3001,38,0.012662,250,29,0.116,0.009234,0.008514
appendix,types_auto,qualitative_grid,3001,419,0.13962,250,121,0.484,0.132627,0.131721
appendix,types_auto,scatter,3001,20,0.006664,250,17,0.068,0.006709,0.006851
appendix,types_auto,screenshot,3001,14,0.004665,250,10,0.04,0.003641,0.003235
appendix,types_auto,table,3001,1483,0.494169,250,205,0.82,0.464728,0.458175
appendix,types_auto,tree,3001,9,0.002999,250,7,0.028,0.006057,0.006926
appendix,caption_headline_bold,0,3001,2534,0.844385,250,226,0.904,0.797311,0.802054
appendix,caption_headline_bold,1,3001,414,0.137954,250,66,0.264,0.113971,0.106431
appendix,caption_has_setup,0,3001,1635,0.544818,250,222,0.888,0.505652,0.509253
appendix,caption_has_setup,1,3001,1313,0.437521,250,210,0.84,0.40563,0.399231
appendix,caption_has_encoding_key,0,3001,2551,0.85005,250,230,0.92,0.771505,0.76461
appendix,caption_has_encoding_key,1,3001,397,0.132289,250,139,0.556,0.139777,0.143874
appendix,caption_has_main_finding,0,3001,2120,0.706431,250,226,0.904,0.647776,0.645137
appendix,caption_has_main_finding,1,3001,828,0.275908,250,179,0.716,0.263506,0.263347
appendix,caption_has_uncertainty_definition,0,3001,2786,0.928357,250,232,0.928,0.854872,0.851633
appendix,caption_has_uncertainty_definition,1,3001,162,0.053982,250,77,0.308,0.05641,0.056851
appendix,caption_has_appendix_pointer,0,3001,2930,0.976341,250,232,0.928,0.901581,0.897664
appendix,caption_has_appendix_pointer,1,3001,18,0.005998,250,16,0.064,0.009701,0.010821
appendix,color_mode_auto,color,3001,1559,0.519494,250,209,0.836,0.47072,0.474693
appendix,color_mode_auto,grayscale,3001,1389,0.462846,250,205,0.82,0.440562,0.433792
main_figure,width,double_column,1530,693,0.452941,250,163,0.652,0.50328,0.428199
main_figure,width,page_width,1530,392,0.256209,250,93,0.372,0.264737,0.330134
main_figure,width,single_column,1530,420,0.27451,250,141,0.564,0.197231,0.204842
main_figure,width,unknown,1530,25,0.01634,250,13,0.052,0.014753,0.016825
main_figure,types_auto,architecture,1530,83,0.054248,250,64,0.256,0.057421,0.054193
main_figure,types_auto,bar,1530,29,0.018954,250,24,0.096,0.021141,0.022405
main_figure,types_auto,box,1530,18,0.011765,250,16,0.064,0.01324,0.013341
main_figure,types_auto,conceptual_diagram,1530,98,0.064052,250,81,0.324,0.080513,0.081474
main_figure,types_auto,heatmap,1530,22,0.014379,250,18,0.072,0.015784,0.015197
main_figure,types_auto,image_montage,1530,166,0.108497,250,66,0.264,0.110878,0.107356
main_figure,types_auto,line,1530,209,0.136601,250,126,0.504,0.150617,0.153009
main_figure,types_auto,map,1530,30,0.019608,250,24,0.096,0.02363,0.022621
main_figure,types_auto,matrix,1530,67,0.043791,250,21,0.084,0.024312,0.025322
main_figure,types_auto,network,1530,32,0.020915,250,25,0.1,0.027038,0.026509
main_figure,types_auto,other,1530,635,0.415033,250,192,0.768,0.35251,0.353437
main_figure,types_auto,pareto,1530,21,0.013725,250,13,0.052,0.016124,0.018197
main_figure,types_auto,pipeline,1530,195,0.127451,250,138,0.552,0.157639,0.153247
main_figure,types_auto,qualitative_grid,1530,344,0.224837,250,158,0.632,0.233163,0.23017
main_figure,types_auto,scatter,1530,38,0.024837,250,32,0.128,0.0288,0.027874
main_figure,types_auto,screenshot,1530,5,0.003268,250,3,0.012,0.004167,0.004722
main_figure,types_auto,tree,1530,18,0.011765,250,15,0.06,0.014113,0.014902
main_figure,caption_headline_bold,0,1530,1270,0.830065,250,232,0.928,0.806539,0.816363
main_figure,caption_headline_bold,1,1530,235,0.153595,250,75,0.3,0.158708,0.146812
main_figure,caption_has_setup,0,1530,826,0.539869,250,224,0.896,0.490361,0.486007
main_figure,caption_has_setup,1,1530,679,0.443791,250,223,0.892,0.474887,0.477168
main_figure,caption_has_encoding_key,0,1530,1151,0.752288,250,236,0.944,0.710603,0.712062
main_figure,caption_has_encoding_key,1,1530,354,0.231373,250,170,0.68,0.254644,0.251113
main_figure,caption_has_main_finding,0,1530,917,0.599346,250,228,0.912,0.55944,0.553832
main_figure,caption_has_main_finding,1,1530,588,0.384314,250,209,0.836,0.405808,0.409343
main_figure,caption_has_uncertainty_definition,0,1530,1372,0.896732,250,243,0.972,0.887486,0.882657
main_figure,caption_has_uncertainty_definition,1,1530,133,0.086928,250,66,0.264,0.077762,0.080518
main_figure,caption_has_appendix_pointer,0,1530,1453,0.949673,250,244,0.976,0.930716,0.927441
main_figure,caption_has_appendix_pointer,1,1530,52,0.033987,250,40,0.16,0.034532,0.035734
main_figure,color_mode_auto,color,1530,1420,0.928105,250,243,0.972,0.906397,0.908381
main_figure,color_mode_auto,grayscale,1530,85,0.055556,250,59,0.236,0.058851,0.054794
appendix_figure,width,double_column,1518,728,0.479578,250,146,0.584,0.408722,0.358617
appendix_figure,width,page_width,1518,335,0.220685,250,73,0.292,0.205023,0.256279
appendix_figure,width,single_column,1518,411,0.270751,250,104,0.416,0.189767,0.187734
appendix_figure,width,unknown,1518,44,0.028986,250,12,0.048,0.024489,0.029037
appendix_figure,types_auto,architecture,1518,26,0.017128,250,22,0.088,0.018758,0.017774
appendix_figure,types_auto,bar,1518,27,0.017787,250,19,0.076,0.018709,0.020038
appendix_figure,types_auto,box,1518,13,0.008564,250,10,0.04,0.006921,0.007849
appendix_figure,types_auto,conceptual_diagram,1518,49,0.032279,250,35,0.14,0.038139,0.038372
appendix_figure,types_auto,heatmap,1518,25,0.016469,250,15,0.06,0.01458,0.014696
appendix_figure,types_auto,image_montage,1518,179,0.117918,250,50,0.2,0.097857,0.095306
appendix_figure,types_auto,line,1518,176,0.115942,250,84,0.336,0.114332,0.117153
appendix_figure,types_auto,map,1518,11,0.007246,250,6,0.024,0.005658,0.004715
appendix_figure,types_auto,matrix,1518,20,0.013175,250,14,0.056,0.011277,0.011635
appendix_figure,types_auto,network,1518,17,0.011199,250,15,0.06,0.01094,0.010617
appendix_figure,types_auto,other,1518,716,0.471673,250,162,0.648,0.361278,0.361213
appendix_figure,types_auto,pareto,1518,28,0.018445,250,5,0.02,0.006668,0.007819
appendix_figure,types_auto,pipeline,1518,38,0.025033,250,29,0.116,0.015297,0.014038
appendix_figure,types_auto,qualitative_grid,1518,419,0.276021,250,121,0.484,0.235174,0.232201
appendix_figure,types_auto,scatter,1518,20,0.013175,250,17,0.068,0.01335,0.013006
appendix_figure,types_auto,screenshot,1518,14,0.009223,250,10,0.04,0.01196,0.011815
appendix_figure,types_auto,tree,1518,9,0.005929,250,7,0.028,0.008106,0.00887
appendix_figure,caption_headline_bold,0,1518,1274,0.839262,250,192,0.768,0.68504,0.690579
appendix_figure,caption_headline_bold,1,1518,200,0.131752,250,53,0.212,0.118471,0.112051
appendix_figure,caption_has_setup,0,1518,866,0.570487,250,175,0.7,0.440195,0.440268
appendix_figure,caption_has_setup,1,1518,608,0.400527,250,163,0.652,0.363316,0.362362
appendix_figure,caption_has_encoding_key,0,1518,1171,0.77141,250,196,0.784,0.612659,0.607915
appendix_figure,caption_has_encoding_key,1,1518,303,0.199605,250,119,0.476,0.190853,0.194715
appendix_figure,caption_has_main_finding,0,1518,1005,0.662055,250,182,0.728,0.529934,0.526463
appendix_figure,caption_has_main_finding,1,1518,469,0.308959,250,140,0.56,0.273578,0.276167
appendix_figure,caption_has_uncertainty_definition,0,1518,1377,0.907115,250,207,0.828,0.748085,0.743453
appendix_figure,caption_has_uncertainty_definition,1,1518,97,0.0639,250,49,0.196,0.055426,0.059177
appendix_figure,caption_has_appendix_pointer,0,1518,1459,0.961133,250,206,0.824,0.791032,0.789619
appendix_figure,caption_has_appendix_pointer,1,1518,15,0.009881,250,13,0.052,0.012479,0.013011
appendix_figure,color_mode_auto,color,1518,1281,0.843874,250,200,0.8,0.71129,0.712192
appendix_figure,color_mode_auto,grayscale,1518,193,0.127141,250,65,0.26,0.092221,0.090438
main_table,width,double_column,826,352,0.42615,250,137,0.548,0.375845,0.327598
main_table,width,inset,826,128,0.154964,250,73,0.292,0.121445,0.11485
main_table,width,page_width,826,140,0.169492,250,61,0.244,0.157656,0.197069
main_table,width,single_column,826,204,0.246973,250,113,0.452,0.206388,0.223816
main_table,width,unknown,826,2,0.002421,250,1,0.004,0.002667,0.003333
main_table,types_auto,table,826,826,1.0,250,216,0.864,0.864,0.866667
main_table,caption_headline_bold,0,826,674,0.815981,250,189,0.756,0.712959,0.723021
main_table,caption_headline_bold,1,826,150,0.181598,250,51,0.204,0.148374,0.140312
main_table,caption_has_setup,0,826,345,0.417676,250,158,0.632,0.357439,0.361739
main_table,caption_has_setup,1,826,479,0.579903,250,184,0.736,0.503894,0.501595
main_table,caption_has_encoding_key,0,826,742,0.898305,250,206,0.824,0.755535,0.756323
main_table,caption_has_encoding_key,1,826,82,0.099274,250,63,0.252,0.105798,0.10701
main_table,caption_has_main_finding,0,826,490,0.59322,250,178,0.712,0.493066,0.490834
main_table,caption_has_main_finding,1,826,334,0.404358,250,163,0.652,0.368267,0.372499
main_table,caption_has_uncertainty_definition,0,826,772,0.934625,250,213,0.852,0.805235,0.80602
main_table,caption_has_uncertainty_definition,1,826,52,0.062954,250,38,0.152,0.056098,0.057313
main_table,caption_has_appendix_pointer,0,826,800,0.968523,250,212,0.848,0.823951,0.823163
main_table,caption_has_appendix_pointer,1,826,24,0.029056,250,23,0.092,0.037383,0.040171
main_table,color_mode_auto,color,826,273,0.330508,250,125,0.5,0.281467,0.287929
main_table,color_mode_auto,grayscale,826,551,0.66707,250,189,0.756,0.579866,0.575404
appendix_table,width,double_column,1483,615,0.4147,250,146,0.584,0.34112,0.306552
appendix_table,width,inset,1483,145,0.097775,250,48,0.192,0.062319,0.059096
appendix_table,width,page_width,1483,184,0.124073,250,51,0.204,0.124422,0.155528
appendix_table,width,single_column,1483,530,0.357384,250,144,0.576,0.28208,0.285026
appendix_table,width,unknown,1483,9,0.006069,250,7,0.028,0.010058,0.010465
appendix_table,types_auto,table,1483,1483,1.0,250,205,0.82,0.82,0.816667
appendix_table,caption_headline_bold,0,1483,1260,0.849629,250,197,0.788,0.716586,0.719006
appendix_table,caption_headline_bold,1,1483,214,0.144302,250,45,0.18,0.093356,0.087196
appendix_table,caption_has_setup,0,1483,769,0.518543,250,179,0.716,0.430455,0.434971
appendix_table,caption_has_setup,1,1483,705,0.475388,250,170,0.68,0.379487,0.37123
appendix_table,caption_has_encoding_key,0,1483,1380,0.930546,250,201,0.804,0.750723,0.744337
appendix_table,caption_has_encoding_key,1,1483,94,0.063385,250,47,0.188,0.059219,0.061864
appendix_table,caption_has_main_finding,0,1483,1115,0.751854,250,193,0.772,0.614137,0.611176
appendix_table,caption_has_main_finding,1,1483,359,0.242077,250,120,0.48,0.195805,0.195025
appendix_table,caption_has_uncertainty_definition,0,1483,1409,0.950101,250,202,0.808,0.764545,0.762098
appendix_table,caption_has_uncertainty_definition,1,1483,65,0.04383,250,41,0.164,0.045397,0.044103
appendix_table,caption_has_appendix_pointer,0,1483,1471,0.991908,250,204,0.816,0.806142,0.802285
appendix_table,caption_has_appendix_pointer,1,1483,3,0.002023,250,3,0.012,0.0038,0.003917
appendix_table,color_mode_auto,color,1483,278,0.187458,250,107,0.428,0.160949,0.163026
appendix_table,color_mode_auto,grayscale,1483,1196,0.806473,250,194,0.776,0.648993,0.643175
