paper_id,repository,source_path,suffix,tools,hex_colors,figsizes_inches,font_sizes_pt,line_widths_pt,alpha_values,marker_literals,style_literals,dpi_values,uses_grid,uses_legend,uses_errorbar,uses_fill_between,uses_log_axis,uses_booktabs,uses_resizebox,uses_small_font,export_formats
iclr-2026-05937b7dc737,ZhouYuxuanYX/Hierarchical-Speculative-Decoding,chain-of-thought-hub/notebooks/visualization.ipynb,.ipynb,matplotlib,#1f77b4,5x4,,,,,--,200,0,1,0,0,0,0,0,0,
iclr-2026-09d94b8d6d44,xzyu02/2952x-25fall-final-project,generate_entropy_data.py,.py,,,,,,,,,,0,0,0,0,0,0,0,0,
iclr-2026-09d94b8d6d44,xzyu02/2952x-25fall-final-project,plot_results.py,.py,matplotlib|seaborn|pandas,#1f77b4|#2ca02c|#9467bd|#d62728|#ff7f0e,12x7|12x6,14|16|12|18,2|0.5|2.5,0.8|0.3|0.9,o,whitegrid|--,300,1,1,0,0,0,0,0,0,
iclr-2026-09d94b8d6d44,xzyu02/2952x-25fall-final-project,webb_dataset_2025/entropy/dataset_generation.py,.py,,,,,,,,,,0,0,0,0,0,0,0,0,
iclr-2026-0c8eb54755cf,allegro-lab/hubble,experiments/20250421_dgx_dclm_ablation_runs/llama32_1B_lr6en4_perturbed_100B/src_config.yml,.yml,,,,,,,,,,0,0,0,0,0,0,0,0,
iclr-2026-0c8eb54755cf,allegro-lab/hubble,experiments/20250421_dgx_dclm_ablation_runs/llama32_1B_lr6en4_standard_100B/src_config.yml,.yml,,,,,,,,,,0,0,0,0,0,0,0,0,
iclr-2026-0c8eb54755cf,allegro-lab/hubble,plotting_data/copyright_checkpoints.csv,.csv,,,,,,,,,,0,0,0,0,0,0,0,0,
iclr-2026-0c8eb54755cf,allegro-lab/hubble,plotting_data/copyright_paraphrases.csv,.csv,,,,,,,,,,0,0,0,0,0,0,0,0,
iclr-2026-0c8eb54755cf,allegro-lab/hubble,plotting_data/copyright_passages.csv,.csv,,,,,,,,,,0,0,0,0,0,0,0,0,
iclr-2026-0c8eb54755cf,allegro-lab/hubble,plotting_data/privacy.csv,.csv,,,,,,,,,,0,0,0,0,0,0,0,0,
iclr-2026-0c8eb54755cf,allegro-lab/hubble,plotting_data/testset.csv,.csv,,,,,,,,,,0,0,0,0,0,0,0,0,
iclr-2026-0e6979a1fd18,NVlabs/Sana,tools/metrics/dpg_bench/metadata.json,.json,plotly|pandas,,,,,,,,,0,0,0,0,0,0,0,0,
iclr-2026-0e6979a1fd18,NVlabs/Sana,tools/metrics/geneval/annotations/annotations_clip.csv,.csv,,,,,,,,,,0,0,0,0,0,0,0,0,
iclr-2026-0e6979a1fd18,NVlabs/Sana,tools/metrics/geneval/annotations/annotations_if-xl.csv,.csv,,,,,,,,,,0,0,0,0,0,0,0,0,
iclr-2026-0e6979a1fd18,NVlabs/Sana,tools/metrics/geneval/annotations/annotations_sdv2.csv,.csv,,,,,,,,,,0,0,0,0,0,0,0,0,
iclr-2026-0e6979a1fd18,NVlabs/Sana,tools/metrics/geneval/environment.yml,.yml,matplotlib|pandas,,,,,,,,,0,0,0,0,0,0,0,0,
iclr-2026-0e6979a1fd18,NVlabs/Sana,tools/metrics/image_reward/benchmark-prompts-dict.json,.json,,,,,,,,,,0,0,0,0,0,0,0,0,
iclr-2026-159f6b7208d5,MarkDana/Equiv-LiNG-Latent,equivalence_class_searcher/app.py,.py,graphviz,,,,,,,,,0,0,0,0,0,0,0,0,
iclr-2026-159f6b7208d5,MarkDana/Equiv-LiNG-Latent,equivalence_class_searcher/core_logic/my_utils.py,.py,graphviz,,,,,,,,,0,0,0,0,0,0,0,0,
iclr-2026-198f06993051,ttsds/pipeline,scripts/figures/analyze_speaker_similarity.py,.py,matplotlib|seaborn|pandas,,12x8|15x8,14|12|8,2,0.7|0.3,,--,,1,1,1,0,0,0,0,0,
iclr-2026-198f06993051,ttsds/pipeline,scripts/figures/create_figures.py,.py,matplotlib|seaborn|pandas,#1f77b4|#2ca02c|#d62728|#ff7f0e,20x10|12x8|15x15,16|12|10|8|14,,0.3|0.7,,round,,1,1,0,0,0,0,0,0,
iclr-2026-198f06993051,ttsds/pipeline,scripts/figures/create_flower.py,.py,matplotlib|pandas,,6x6,3.5,,1|1.0,,,300|800,0,0,0,0,0,0,0,0,
iclr-2026-198f06993051,ttsds/pipeline,scripts/figures/create_table.py,.py,pandas,,,,,,,,,0,0,0,0,0,0,0,0,
iclr-2026-198f06993051,ttsds/pipeline,scripts/figures/run_all.py,.py,,,,,,,,,,0,0,0,0,0,0,0,0,
iclr-2026-198f06993051,ttsds/pipeline,scripts/figures/utils.py,.py,matplotlib|seaborn,,,,,,,default,300,0,0,0,0,0,0,0,0,
iclr-2026-247f0a285827,https://arxiv.org/abs/2510.19363,appendix.tex,.tex,plotly|latex,,,8.2|8.5,,,,,,0,0,0,0,0,1,1,1,
iclr-2026-247f0a285827,Wangmerlyn/KeyChain,difficulty_analysis/lb2_acc_length.ipynb,.ipynb,matplotlib|pandas,,6x4,10,,,,,,0,0,0,0,0,0,0,0,
iclr-2026-247f0a285827,Wangmerlyn/KeyChain,difficulty_analysis/redraw_niah.ipynb,.ipynb,matplotlib|seaborn|pandas,#0CD79F|#EBB839|#F0496E,14x7,20,1,,,white|poster|ticks,,0,0,0,0,0,0,0,0,
iclr-2026-247f0a285827,https://arxiv.org/abs/2510.19363,eval.tex,.tex,latex,,,,,,,,,0,0,0,0,0,1,1,1,
iclr-2026-247f0a285827,https://arxiv.org/abs/2510.19363,iclr2026_conference.sty,.sty,,,,,,,,,,0,0,0,0,0,0,0,1,
iclr-2026-247f0a285827,https://arxiv.org/abs/2510.19363,intro.tex,.tex,latex,,,,,,,,,0,0,0,0,0,0,0,0,
iclr-2026-247f0a285827,https://arxiv.org/abs/2510.19363,main.tex,.tex,latex,,,10,,,,,,0,0,0,0,0,0,0,0,
iclr-2026-247f0a285827,https://arxiv.org/abs/2510.19363,method.tex,.tex,latex,,,8,,,,,,0,0,0,0,0,1,1,1,
iclr-2026-247f0a285827,rStar-RL/LoongRL,verl/verl/trainer/config/evaluation.yaml,.yaml,,,,,,,,,,0,0,0,0,0,0,0,0,
iclr-2026-2a0b369c60a9,yingchengyang/ExDM,URL/result_maze.py,.py,matplotlib|pandas,#000000|#0072B2|#009E73|#313695|#4daf4a|#74add1|#984ea3|#CC79A7|#D55E00|#d73027|#F0E442|#f46d43|#f781bf|#ffc832,,,2,0.2,,,,0,1,0,1,0,0,0,0,png
iclr-2026-31327f1d20e6,holi-lab/SimuHome,data/benchmark/qt1_feasible_seed_1.json,.json,,,,,,,,,,0,0,0,0,0,0,0,0,
iclr-2026-322bd0a9b17a,tile-ai/tilelang,examples/blockscaled_gemm_sm100/figures/blockscaled_data_path.svg,.svg,,#0f172a|#1f2933|#1f6feb|#263238|#334155|#344054|#475569|#4cae68|#6da9ff|#94a3b8|#a56ae8|#cbd5e1|#d49a30|#d9e6f2|#e8f4ff|#e9f8ef|#eef6ff|#f2fff8|#f4ecff|#f6fbff|#f7fff9|#f8fafc|#fbfaf6|#fff5df|#ffffff,,,,,,,,0,0,0,0,0,0,0,0,
iclr-2026-322bd0a9b17a,tile-ai/tilelang,examples/blockscaled_gemm_sm100/figures/blockscaled_sf_layout.svg,.svg,,#0f172a|#111827|#16a34a|#1f2933|#238636|#2563eb|#263238|#334155|#475569|#4cae68|#64748b|#6da9ff|#b45309|#b7791f|#d0d7de|#d49a30|#db2777|#dbeafe|#dcfce7|#e8f4ff|#e9f8ef|#f7fbff|#f8fafc|#f8fff8|#fbfaf6|#fce7f3|#fef3c7|#fff5df|#ffffff,,,,,,,,0,0,0,0,0,0,0,0,
iclr-2026-322bd0a9b17a,tile-ai/tilelang,examples/blockscaled_gemm_sm100/figures/blockscaled_variants.svg,.svg,,#0f172a|#111827|#1f2933|#238636|#263238|#334155|#475569|#4cae68|#6da9ff|#a56ae8|#d0d7de|#d49a30|#e28a60|#e8f4ff|#e9f8ef|#f4ecff|#f7fbff|#f8fafc|#f8fff8|#fbfaf6|#ffe9e4|#fff5df|#ffffff,,,,,,,,0,0,0,0,0,0,0,0,
iclr-2026-322bd0a9b17a,tile-ai/tilelang,examples/blockscaled_gemm_sm100/figures/blockscaled_warp_specialization.svg,.svg,,#0f172a|#1f2933|#263238|#334155|#475569|#4cae68|#6da9ff|#94a3b8|#a56ae8|#d0d7de|#d49a30|#e8f4ff|#e9f8ef|#f4ecff|#f7fbff|#f8fafc|#f8fff8|#fbfaf6|#fff5df|#ffffff,,,,,,,,0,0,0,0,0,0,0,0,
iclr-2026-322bd0a9b17a,tile-ai/tilelang,examples/plot_layout/fragment_mfma_load_a.py,.py,,,,,,,,,,0,0,0,0,0,0,0,0,
iclr-2026-322bd0a9b17a,tile-ai/tilelang,examples/plot_layout/fragment_mma_load_a.py,.py,,,,,,,,,,0,0,0,0,0,0,0,0,
iclr-2026-322bd0a9b17a,tile-ai/tilelang,examples/plot_layout/layout_swizzle.py,.py,,,,,,,,,,0,0,0,0,0,0,0,0,
iclr-2026-322bd0a9b17a,tile-ai/tilelang,examples/plot_layout/layout_transform.py,.py,,,,,,,,,,0,0,0,0,0,0,0,0,
iclr-2026-322bd0a9b17a,tile-ai/tilelang,examples/visual_layout_inference/visual_layout_inference.py,.py,,,,,,,,,,0,0,0,0,0,0,0,0,
iclr-2026-322bd0a9b17a,tile-ai/tilelang,tilelang/analysis/layout_visual.py,.py,,,,,,,,,,0,0,0,0,0,0,0,0,
iclr-2026-322bd0a9b17a,tile-ai/tilelang,tilelang/tools/plot_layout.py,.py,matplotlib,#333333|#666666|#aaaaaa,,24,0.5|0.8|1.5,,,,255|80,0,1,0,0,0,0,0,0,
iclr-2026-3b8d372687ad,EricTan7/Veritas,DeepfakeBench/analysis/heatmap_tab2.py,.py,matplotlib|seaborn|pandas,,55x5,15|20,,,,,,0,0,0,0,0,0,0,0,png
iclr-2026-3b8d372687ad,EricTan7/Veritas,DeepfakeBench/analysis/plot_curve.py,.py,matplotlib|pandas,,10x6,,1,,,,,1,1,0,0,0,0,0,0,
iclr-2026-3b8d372687ad,EricTan7/Veritas,scripts/utils/plot_loss.py,.py,,,,,,,,,,0,0,0,0,0,0,0,0,
iclr-2026-3c3e3a191645,Vegetebird/CA-MLLM,src/lmms_eval/tasks/blink/blink_visual_correspondence.yaml,.yaml,,,,,,,,,,0,0,0,0,0,0,0,0,
iclr-2026-3c3e3a191645,Vegetebird/CA-MLLM,src/lmms_eval/tasks/blink/blink_visual_similarity.yaml,.yaml,,,,,,,,,,0,0,0,0,0,0,0,0,
iclr-2026-3c3e3a191645,Vegetebird/CA-MLLM,src/qwen_vl/data/draw_marker.py,.py,,,,,,,,,,0,0,0,0,0,0,0,0,
iclr-2026-3c3e3a191645,Vegetebird/CA-MLLM,src/qwen_vl/model/vggt/utils/visual_track.py,.py,matplotlib,,,,,,,,,1,0,0,0,0,0,0,0,
iclr-2026-3c3e3a191645,Vegetebird/CA-MLLM,src/qwen_vl/visualization/__init__.py,.py,,,,,,,,,,0,0,0,0,0,0,0,0,
iclr-2026-3c3e3a191645,Vegetebird/CA-MLLM,src/qwen_vl/visualization/img_drawer.py,.py,matplotlib,,,,,0.75,,,,0,0,0,0,0,0,0,0,
iclr-2026-3c3e3a191645,Vegetebird/CA-MLLM,src/unidepth/utils/visualization.py,.py,matplotlib,,,,,,,,,0,0,0,0,0,0,0,0,
iclr-2026-3c3e3a191645,Vegetebird/CA-MLLM,src/visualize_tools/default_color_map.py,.py,,,,,,,,,,0,0,0,0,0,0,0,0,
iclr-2026-3c3e3a191645,Vegetebird/CA-MLLM,src/visualize_tools/img_drawer.py,.py,matplotlib,,,,,0.75,,,,0,0,0,0,0,0,0,0,
iclr-2026-3f0f7132b565,facebookresearch/lst,lst/plotting/__init__.py,.py,,,,,,,,,,0,0,0,0,0,0,0,0,
iclr-2026-3f0f7132b565,facebookresearch/lst,lst/plotting/config_entropy_figure.yaml,.yaml,,,,,,,,,,0,0,0,0,0,0,0,0,
iclr-2026-3f0f7132b565,facebookresearch/lst,lst/plotting/config_scaling_figures.yaml,.yaml,,,,,,,,,,0,0,0,0,0,0,0,0,
iclr-2026-3f0f7132b565,facebookresearch/lst,lst/plotting/entropy_figure.py,.py,pandas,#474747,,15,,,,,,0,0,0,0,0,0,0,0,
iclr-2026-3f0f7132b565,facebookresearch/lst,lst/plotting/scaling_figures.py,.py,pandas,#1f77b4|#2ca02c|#ff7f0e,,,,,,,,0,1,0,0,0,0,0,0,
iclr-2026-421310926c11,jchang153/EigenBench,pipeline/train/plots.py,.py,matplotlib,#377eb8|#FFFFFF,20x12|15x7,8|14|10|12|13|16,0.55|0.8|1.2,0.72|0.78|0.3|0.35,^|o|s,-|None,220,1,1,0,0,0,0,0,0,
iclr-2026-4826a74c05ee,socialfoundations/lm-harmony,lm_eval/tasks/bbh/cot_fewshot/penguins_in_a_table.yaml,.yaml,,,,,,,,,,0,0,0,0,0,0,0,0,
iclr-2026-4826a74c05ee,socialfoundations/lm-harmony,lm_eval/tasks/bbh/cot_zeroshot/penguins_in_a_table.yaml,.yaml,,,,,,,,,,0,0,0,0,0,0,0,0,
iclr-2026-4826a74c05ee,socialfoundations/lm-harmony,lm_eval/tasks/bbh/fewshot/penguins_in_a_table.yaml,.yaml,,,,,,,,,,0,0,0,0,0,0,0,0,
iclr-2026-4826a74c05ee,socialfoundations/lm-harmony,lm_eval/tasks/bbh/zeroshot/penguins_in_a_table.yaml,.yaml,,,,,,,,,,0,0,0,0,0,0,0,0,
iclr-2026-4826a74c05ee,socialfoundations/lm-harmony,lm_eval/tasks/bigbench/generate_until/figure_of_speech_detection.yaml,.yaml,,,,,,,,,,0,0,0,0,0,0,0,0,
iclr-2026-4826a74c05ee,socialfoundations/lm-harmony,lm_eval/tasks/bigbench/generate_until/penguins_in_a_table.yaml,.yaml,,,,,,,,,,0,0,0,0,0,0,0,0,
iclr-2026-4826a74c05ee,socialfoundations/lm-harmony,lm_eval/tasks/bigbench/multiple_choice/figure_of_speech_detection.yaml,.yaml,,,,,,,,,,0,0,0,0,0,0,0,0,
iclr-2026-4826a74c05ee,socialfoundations/lm-harmony,lm_eval/tasks/bigbench/multiple_choice/penguins_in_a_table.yaml,.yaml,,,,,,,,,,0,0,0,0,0,0,0,0,
iclr-2026-4826a74c05ee,socialfoundations/lm-harmony,lm_eval/tasks/leaderboard/bbh_mc/penguins_in_a_table.yaml,.yaml,,,,,,,,,,0,0,0,0,0,0,0,0,
iclr-2026-4826a74c05ee,socialfoundations/lm-harmony,notebooks/all_results.json,.json,,,,,,,,,,0,0,0,0,0,0,0,0,
iclr-2026-4d1471a91635,World-In-World/world-in-world,FTsvd/diffusers-private/diffusers/dependency_versions_table.py,.py,,,,,,,,,,0,0,0,0,0,0,0,0,
iclr-2026-4d1471a91635,World-In-World/world-in-world,downstream/utils/habitat_visualize.py,.py,matplotlib,,12x8,,,0.8,o,,,0,0,0,0,0,0,0,0,
iclr-2026-4d1471a91635,World-In-World/world-in-world,downstream/visualize.py,.py,,,,20,,100|255,,,,0,0,0,0,0,0,0,0,
iclr-2026-4d1471a91635,World-In-World/world-in-world,downstream/world-in-world-manip/wiw_manip/evaluator/config/visual_icl_examples/eb_navigation/ebnav_visual_icl.py,.py,,,,,,,,,,0,0,0,0,0,0,0,0,
iclr-2026-4d1471a91635,World-In-World/world-in-world,downstream/world-in-world-manip/wiw_manip/planner/utils/visualize.py,.py,,,,20,,100|255,,,,0,0,0,0,0,0,0,0,
iclr-2026-4d1471a91635,World-In-World/world-in-world,subtrees/open-eqa/data/metrics/gpt_answer-metrics.json,.json,,,,,,,,,,0,0,0,0,0,0,0,0,
iclr-2026-4d1471a91635,World-In-World/world-in-world,subtrees/open-eqa/data/results/AEQA_blind/open-eqa-184-Qwen--Qwen2.5-VL-72B-Instruct-AWQ-1234.json,.json,,,,,,,,,,0,0,0,0,0,0,0,0,
iclr-2026-4d1471a91635,World-In-World/world-in-world,subtrees/open-eqa/data/results/AEQA_blind/open-eqa-41-Qwen--Qwen2.5-VL-72B-Instruct-AWQ-1234.json,.json,,,,,,,,,,0,0,0,0,0,0,0,0,
iclr-2026-4d615382a559,AI4Science-WestlakeU/RealPDEBench,realpdebench/configs/cylinder/unet.yaml,.yaml,,,,,,,,,,0,0,0,0,0,0,0,0,
iclr-2026-4d615382a559,AI4Science-WestlakeU/RealPDEBench,realpdebench/data/numerical_real_compare.py,.py,matplotlib,,,,,,o|x,,,0,1,0,0,0,0,0,0,pdf
iclr-2026-4d615382a559,AI4Science-WestlakeU/RealPDEBench,realpdebench/utils/metrics.py,.py,matplotlib,,,,,,o|x,,,0,1,0,0,0,0,0,0,pdf
iclr-2026-4ddcea898ef4,maswang32/latentfouriertransform,reproduce_results/demos/eq_plots.py,.py,matplotlib,#DF00FE|#edebeb,,,,,,,,1,1,0,1,0,0,0,0,
iclr-2026-4ddcea898ef4,maswang32/latentfouriertransform,reproduce_results/sweep/sweep.py,.py,,,,,,,,,,0,0,0,0,0,0,0,0,
iclr-2026-51419d6897b2,dill-lab/micro-benchmarking-reliability,figure-1.py,.py,matplotlib|seaborn|pandas,#f0f0f0,6.4x5.0,10|18|8|14,2|0,0.8|1|0.2,,"whitegrid|round,pad=0.18|--",,0,1,0,0,0,0,0,0,pdf
iclr-2026-51419d6897b2,dill-lab/micro-benchmarking-reliability,figure-2.py,.py,matplotlib|seaborn|pandas,#000000|#ffffff,,20|12|16|24|18|14|11.1,4|2|0,0.8|0.6|0.5|0.2,o,"whitegrid|--|round,pad=0.22",,0,0,0,1,1,0,0,0,pdf
iclr-2026-51419d6897b2,dill-lab/micro-benchmarking-reliability,figure-3.py,.py,matplotlib|seaborn|pandas,,,12|14|16|18|24|7,2|0|4,0.4|0.8|0.2,o,"whitegrid|round,pad=0.15|round,pad=0.24",,0,1,0,1,1,0,0,0,pdf
iclr-2026-51419d6897b2,dill-lab/micro-benchmarking-reliability,figure-4-separate-subtasks.py,.py,matplotlib|seaborn|pandas,,,14|24|18,4,0.8|0.2,o,whitegrid,,0,1,0,1,0,0,0,0,pdf
iclr-2026-51419d6897b2,dill-lab/micro-benchmarking-reliability,figure-4.py,.py,matplotlib|seaborn|pandas,,,14|24|18,4,0.8|0.2,o,whitegrid,,0,1,0,1,1,0,0,0,pdf
iclr-2026-51419d6897b2,dill-lab/micro-benchmarking-reliability,figure-5.py,.py,matplotlib|seaborn|pandas,#7eaed2|#aac8e1,3.2x2.4|6.4x4.8|3.6x1.6,7|9|14,2|0,0.8|0.4,o,"whitegrid|round,pad=0.1",,0,1,0,0,1,0,0,0,pdf
iclr-2026-51419d6897b2,dill-lab/micro-benchmarking-reliability,figure-6-all-benchmarks.py,.py,matplotlib|seaborn|pandas,,,14|24|18|10|20,4,0.8|0.2,o|s,whitegrid|--,,0,1,0,1,0,0,0,0,pdf
iclr-2026-51419d6897b2,dill-lab/micro-benchmarking-reliability,figure-6-combine-subtasks.py,.py,matplotlib|seaborn|pandas,,,14|24|18|10|20,4,0.8|0.2,o|s,whitegrid|--,,0,1,0,1,1,0,0,0,pdf
iclr-2026-51419d6897b2,dill-lab/micro-benchmarking-reliability,figure-6.py,.py,matplotlib|seaborn|pandas,,,14|24|18|10|20,4,0.8,o|s,whitegrid|--,,0,1,0,0,0,0,0,0,pdf
iclr-2026-51419d6897b2,dill-lab/micro-benchmarking-reliability,figure-different-thresholds-mdad.py,.py,matplotlib|seaborn|pandas,,,14|24|18,4,0.8|0.2,o,whitegrid,,0,1,0,1,1,0,0,0,pdf
iclr-2026-51419d6897b2,dill-lab/micro-benchmarking-reliability,figure-num-source-models-panel.py,.py,matplotlib|seaborn|pandas,#80b1d3|#8dd3c7|#b3de69|#bc80bd|#bebada|#fb8072|#fccde5|#fdb462,,18|24|16|20,4,0.8|0.2,o,whitegrid,,0,1,0,1,0,0,0,0,pdf
iclr-2026-51419d6897b2,dill-lab/micro-benchmarking-reliability,plot_utils.py,.py,matplotlib|seaborn|pandas,#80b1d3|#8dd3c7|#b3de69|#bc80bd|#bebada|#c9daf8|#d0e0e3|#d9d2e9|#d9ead3|#f4cccc|#fb8072|#fccde5|#fce5cd|#fdb462|#fff2cc,,,,,,whitegrid,,0,0,0,0,0,0,0,0,
iclr-2026-557a29cfb5fa,UtkarshMishra04/CDGS_ogbench,diffuser/utils/ogb_paper_vis_utils/ogb_vis_multi_agent_utils.py,.py,matplotlib|seaborn,,,,,0.3|0.5|1.0,ball_marker,,,0,0,0,0,0,0,0,0,
iclr-2026-629630d76e2f,icaros-usc/discount-models,analysis/src/analysis/figures.py,.py,matplotlib|seaborn|plotly|pandas|latex,,,,1.25,0.05,o,Environment|Algorithm,300,0,1,1,0,0,0,0,0,pdf|png
iclr-2026-629630d76e2f,icaros-usc/discount-models,analysis/src/analysis/plot_metrics.py,.py,matplotlib|seaborn|pandas,,,,,,,,,1,1,0,0,0,0,0,0,
iclr-2026-629630d76e2f,icaros-usc/discount-models,analysis/src/analysis/supplemental.py,.py,matplotlib|pandas,,,,0.3,,,-,600,1,0,0,0,1,0,0,0,
iclr-2026-629630d76e2f,icaros-usc/discount-models,analysis/src/mpl_styles/archive_visualization.mplstyle,.mplstyle,matplotlib,,,7.0,0.3|1.5,,,,,0,0,0,0,0,0,0,0,
iclr-2026-629630d76e2f,icaros-usc/discount-models,analysis/src/mpl_styles/discount_viz.mplstyle,.mplstyle,matplotlib,,,10.0,0.3|1.5,,,,,0,0,0,0,0,0,0,0,
iclr-2026-629630d76e2f,icaros-usc/discount-models,analysis/src/mpl_styles/heatmap.mplstyle,.mplstyle,,,,,0.5|1.5,,,,,0,0,0,0,0,0,0,0,
iclr-2026-629630d76e2f,icaros-usc/discount-models,analysis/src/mpl_styles/simple.mplstyle,.mplstyle,matplotlib,,,12.0,0.0|1.5|1.0,,,,,0,0,0,0,0,0,0,0,
iclr-2026-629630d76e2f,icaros-usc/discount-models,analysis/table.tex,.tex,latex,,,,,,,,,0,0,0,0,0,0,0,0,
iclr-2026-629630d76e2f,icaros-usc/discount-models,src/domains/mnist/visualize.py,.py,pandas,,,,,,,,,0,0,0,0,0,0,0,0,
iclr-2026-629630d76e2f,icaros-usc/discount-models,src/evaluation.py,.py,matplotlib|plotly,,,,,,,,,0,0,0,0,0,0,0,0,
iclr-2026-629630d76e2f,icaros-usc/discount-models,src/utils/text_plot.py,.py,,,,,,,,,,0,0,0,0,0,0,0,0,
iclr-2026-629630d76e2f,icaros-usc/discount-models,src/visualize.py,.py,matplotlib,,,,0.5,0.7,.|^|x,,,0,1,0,0,0,0,0,0,
iclr-2026-649b366699a1,facebookresearch/MetaEmbed,colpali_engine/collators/visual_retriever_collator.py,.py,,,,,,,,,,0,0,0,0,0,0,0,0,
iclr-2026-6e52571c3da4,structuredllm/RefineStat,refinestat/refinegen/itergen/case_studies/sql/create_table.py,.py,latex,,,,,,,,,0,0,0,0,0,1,0,1,
iclr-2026-6e52571c3da4,structuredllm/RefineStat,refinestat/refinegen/itergen/itergen/syncode/syncode/utils/sql_spider_eval/evaluation_examples/examples/tables.json,.json,,,,,,,,,,0,0,0,0,0,0,0,0,
iclr-2026-6e52571c3da4,structuredllm/RefineStat,refinestat/refinegen/itergen/itergen/syncode/syncode/utils/sql_spider_eval/preprocess/get_tables.py,.py,,,,,,,,,,0,0,0,0,0,0,0,0,
iclr-2026-72f24b2e940f,SPOC-group/QuadraticNetPowerlaw,visualisation.ipynb,.ipynb,matplotlib|pandas,#73AF48|#94346E|#E17C05,8x4,,0.5|0.1,1|0.03|5|10|2,.,,,0,1,0,0,1,0,0,0,pdf
iclr-2026-747836133659,lcy2723/WebDevJudge,data/index2category.csv,.csv,,,,,,,,,,0,0,0,0,0,0,0,0,
iclr-2026-747836133659,lcy2723/WebDevJudge,data/index2label.json,.json,,,,,,,,,,0,0,0,0,0,0,0,0,
iclr-2026-77178098d85f,scaleapi/mrt,experiments/human_augmented/visualizer.py,.py,,#06b6d4|#0f172a|#10b981|#1e293b|#334155|#3b82f6|#64748b|#94a3b8|#ef4444|#f59e0b|#f8fafc,,,,,,,,0,0,0,0,0,0,0,0,
iclr-2026-77178098d85f,scaleapi/mrt,notebooks/final/agentcompany_aware_results_table.ipynb,.ipynb,matplotlib|seaborn|pandas,,7x6,18|16,0,0.3|0.75,,,300,1,1,1,0,0,0,0,0,
iclr-2026-77178098d85f,scaleapi/mrt,notebooks/final/agentcompany_unaware_aware_comparison_table.ipynb,.ipynb,matplotlib|seaborn|pandas,,7x6,18,0,0.3|0.4,,,300,1,1,1,0,0,0,0,0,
iclr-2026-77178098d85f,scaleapi/mrt,notebooks/final/appendix_monitoring_chunk_size_ablation.ipynb,.ipynb,matplotlib|seaborn|pandas,,7x6|9x6,16,2,0.1,o,,300,1,1,0,1,0,0,0,0,pdf
iclr-2026-77178098d85f,scaleapi/mrt,notebooks/final/aware_results_table.ipynb,.ipynb,matplotlib|seaborn|pandas,,7x6,18|16,0,0.3|0.75,,,300,1,1,1,0,0,0,0,0,
iclr-2026-77178098d85f,scaleapi/mrt,notebooks/final/aware_scaling_law_plot.ipynb,.ipynb,matplotlib|seaborn|pandas,,7x6|7x8,,,0.8|0.3,s,--,300|600,1,1,0,0,0,0,0,0,pdf|png
iclr-2026-77178098d85f,scaleapi/mrt,notebooks/final/human_augmented_monitoring_strategies.ipynb,.ipynb,matplotlib|seaborn|pandas,,8x8|10x8|12x6,,2|0.5,0.5|0.6|0.8|0.3,,--,300,1,1,1,0,0,0,0,0,pdf
iclr-2026-77178098d85f,scaleapi/mrt,notebooks/final/unaware_aware_comparison_table.ipynb,.ipynb,matplotlib|seaborn|pandas,,7x6,18,0,0.3|0.4,,,300,1,1,1,0,0,0,0,0,
iclr-2026-77178098d85f,scaleapi/mrt,utils/plotting_utils.py,.py,,,,,,1,,,,0,0,0,0,0,0,0,0,
iclr-2026-77178098d85f,neilkale/mrt-vercel-app,visualizer.py,.py,,#06b6d4|#0f172a|#10b981|#1e293b|#334155|#3b82f6|#64748b|#94a3b8|#ef4444|#f59e0b|#f8fafc,,,,,,,,0,0,0,0,0,0,0,0,
iclr-2026-7c24d2356ca5,jatan12/PCD,offline_moo/off_moo_bench/evaluation/plot.py,.py,matplotlib,,10x8|20x20,,,,,,,0,1,0,0,0,0,0,0,pdf|png
iclr-2026-7c24d2356ca5,jatan12/PCD,offline_moo/off_moo_bench/problem/morl/scripts/plot/mujoco_play.py,.py,,,,,,,,,,0,0,0,0,0,0,0,0,
iclr-2026-7c24d2356ca5,jatan12/PCD,offline_moo/plot/plot.py,.py,matplotlib,,10x8|20x20,,,,,,,0,0,0,0,0,0,0,0,pdf|png
iclr-2026-7c24d2356ca5,jatan12/PCD,offline_moo/plot/plot_all.py,.py,matplotlib,,15x6,,,,,,,0,0,0,0,0,0,0,0,png
iclr-2026-7c24d2356ca5,jatan12/PCD,offline_moo/plot/plot_all_pf.py,.py,matplotlib,,25x25,,,,,,,0,0,0,0,0,0,0,0,pdf|png
iclr-2026-7c24d2356ca5,jatan12/PCD,offline_moo/plot/plot_data_pruning.py,.py,matplotlib,,13x13,,,1.0,,,,0,0,0,0,0,0,0,0,pdf|png
iclr-2026-7c24d2356ca5,jatan12/PCD,offline_moo/plot/plot_dataset.py,.py,matplotlib,,25x25,,,,,,,0,0,0,0,0,0,0,0,pdf|png
iclr-2026-7c24d2356ca5,jatan12/PCD,offline_moo/plot/plot_mo_ablate.py,.py,matplotlib|pandas,,14x6|7x6,,,0.25,,,,0,1,0,0,0,0,0,0,pdf|png
iclr-2026-7c24d2356ca5,jatan12/PCD,offline_moo/plot/plot_mobo_ablate.py,.py,matplotlib|pandas,,8x6,,,,,,,0,0,0,0,0,0,0,0,pdf|png
iclr-2026-7c24d2356ca5,jatan12/PCD,offline_moo/plot/plot_training_loss/plot.py,.py,matplotlib,,13x13|8x6|6x6,,,,,,,0,1,0,0,0,0,0,0,pdf|png
iclr-2026-7c24d2356ca5,jatan12/PCD,offline_moo/plot/view_dataset.py,.py,matplotlib,,12x6,,,,,,,0,1,0,0,0,0,0,0,png
iclr-2026-7c24d2356ca5,jatan12/PCD,scripts/produce_tables.py,.py,pandas,,,,,,,,,0,0,0,0,0,0,0,0,
iclr-2026-7d504a5c8916,gohyojun15/VIST3A,evaluation/datasets/re10k_nvs.py,.py,,,,,,,,,,0,0,0,0,0,0,0,0,
iclr-2026-7d504a5c8916,gohyojun15/VIST3A,evaluation/gen_eval/dpg_evaluation.py,.py,pandas,,,,,,,,,0,0,0,0,0,0,0,0,
iclr-2026-7d504a5c8916,gohyojun15/VIST3A,third_party_model/anysplat/src/visualization/annotation.py,.py,,,,,,,,,,0,0,0,0,0,0,0,0,
iclr-2026-7d504a5c8916,gohyojun15/VIST3A,third_party_model/anysplat/src/visualization/camera_trajectory/spin.py,.py,,,,,,,,,,0,0,0,0,0,0,0,0,
iclr-2026-7d504a5c8916,gohyojun15/VIST3A,third_party_model/anysplat/src/visualization/color_map.py,.py,matplotlib,,,,,,,,,0,0,0,0,0,0,0,0,
iclr-2026-7d504a5c8916,gohyojun15/VIST3A,third_party_model/anysplat/src/visualization/colors.py,.py,,#000000|#000075|#008080|#3cb44b|#4363d8|#46f0f0|#800000|#808000|#808080|#911eb4|#9a6324|#aaffc3|#bcf60c|#e6194b|#e6beff|#f032e6|#f58231|#fabebe|#ffd8b1|#ffe119|#fffac8|#ffffff,,,,,,,,0,0,0,0,0,0,0,0,
iclr-2026-7d504a5c8916,gohyojun15/VIST3A,third_party_model/anysplat/src/visualization/drawing/cameras.py,.py,,,,,,,,,,0,0,0,0,0,0,0,0,
iclr-2026-7d504a5c8916,gohyojun15/VIST3A,third_party_model/anysplat/src/visualization/drawing/lines.py,.py,,,,,,,,,,0,0,0,0,0,0,0,0,
iclr-2026-7d504a5c8916,gohyojun15/VIST3A,third_party_model/anysplat/src/visualization/drawing/points.py,.py,,,,,,,,,,0,0,0,0,0,0,0,0,
iclr-2026-7d504a5c8916,gohyojun15/VIST3A,third_party_model/anysplat/src/visualization/drawing/rendering.py,.py,,,,,,,,,,0,0,0,0,0,0,0,0,
iclr-2026-7d504a5c8916,gohyojun15/VIST3A,third_party_model/anysplat/src/visualization/layout.py,.py,,,,,,,,,,0,0,0,0,0,0,0,0,
iclr-2026-7d504a5c8916,gohyojun15/VIST3A,third_party_model/anysplat/src/visualization/video_render.py,.py,,,,,,,,,,0,0,0,0,0,0,0,0,
iclr-2026-7f071490c87d,harrya32/hyperparameter-trajectory-inference,DTR-Bench/surrogate_ett_quantiles.py,.py,matplotlib,,10x5,,,,o|x|^,,,0,1,0,0,0,0,0,0,
iclr-2026-7f071490c87d,harrya32/hyperparameter-trajectory-inference,DTR-Bench/surrogate_eval_hinge.py,.py,matplotlib,,10x6,,,,o,-,,1,0,1,0,0,0,0,0,
iclr-2026-7f071490c87d,harrya32/hyperparameter-trajectory-inference,DTR-Bench/surrogate_eval_plots.py,.py,matplotlib,,10x6,,,,o,-,,1,0,1,0,0,0,0,0,
iclr-2026-7f071490c87d,harrya32/hyperparameter-trajectory-inference,DTR-Bench/surrogate_eval_reacher.py,.py,matplotlib,,10x6,,,,o,-,,1,0,1,0,0,0,0,0,
iclr-2026-7f071490c87d,harrya32/hyperparameter-trajectory-inference,generative_dropout/generate_2moons_dropout_data.py,.py,matplotlib,,5x5,,,1|0.5,,,,0,0,0,0,0,0,0,0,png
iclr-2026-7f071490c87d,harrya32/hyperparameter-trajectory-inference,quantile_regression/plotting.ipynb,.ipynb,matplotlib|seaborn|pandas,,18x8,16|12|10,2,0.8,o|x,seaborn-v0_8-whitegrid|--,,0,1,0,0,0,0,0,0,
iclr-2026-7f071490c87d,dnkit24/sinkhorn-hti,report/table_results.tex,.tex,latex,,,,,,,,,0,0,0,0,0,1,0,0,
iclr-2026-7f071490c87d,dnkit24/sinkhorn-hti,sinkhorn-hti/scripts/regenerate_figs.py,.py,matplotlib|latex,,14x3.2|12x6,9,1.4|0.9,0.3|0.55,,,,1,1,0,0,0,1,0,0,
iclr-2026-82716d8e922b,https://arxiv.org/src/2510.12264,Figures/fig-ablations.tex,.tex,latex,,,,,,,,,0,0,0,0,0,0,0,0,
iclr-2026-82716d8e922b,https://arxiv.org/src/2510.12264,Figures/fig-arch.tex,.tex,latex,,,,,,,,,0,0,0,0,0,0,0,0,
iclr-2026-82716d8e922b,https://arxiv.org/src/2510.12264,Figures/fig-main.tex,.tex,latex,,,,,,,,,0,0,0,0,0,0,0,0,
iclr-2026-82716d8e922b,https://arxiv.org/src/2510.12264,Figures/fig-prompts.tex,.tex,latex,,,,,,,,,0,0,0,0,0,0,0,1,
iclr-2026-82716d8e922b,https://arxiv.org/src/2510.12264,Figures/fig-rewards.tex,.tex,latex,,,,,,,,,0,0,0,0,0,0,0,0,
iclr-2026-82716d8e922b,https://arxiv.org/src/2510.12264,Figures/thm2_fp.tex,.tex,latex,,,,,,,,,0,0,0,0,0,0,0,0,
iclr-2026-82716d8e922b,https://arxiv.org/src/2510.12264,Figures/thm2_v.tex,.tex,latex,,,,,,,,,0,0,0,0,0,0,0,0,
iclr-2026-82716d8e922b,https://arxiv.org/src/2510.12264,math_commands.tex,.tex,latex,,,,,,,,,0,0,0,0,0,0,0,0,
iclr-2026-82716d8e922b,https://arxiv.org/src/2510.12264,sec-appendix.tex,.tex,latex,,,,,0.6,,,,0,0,0,0,0,1,0,0,
iclr-2026-82716d8e922b,https://arxiv.org/src/2510.12264,tables/tab-ablation.tex,.tex,latex,,,,,0.9|0.93|0.96,,,,0,0,0,0,0,1,0,1,
iclr-2026-82716d8e922b,https://arxiv.org/src/2510.12264,tables/tab-main.tex,.tex,latex,,,,,,,,,0,0,0,0,0,1,1,1,
iclr-2026-82716d8e922b,https://arxiv.org/src/2510.12264,tables/tab-ood.tex,.tex,latex,,,,,,,,,0,0,0,0,0,1,0,1,
iclr-2026-82716d8e922b,unimpor/T3,verl/recipe/r1/config/evaluation.yaml,.yaml,,,,,,,,,,0,0,0,0,0,0,0,0,
iclr-2026-82716d8e922b,unimpor/T3,verl/verl/trainer/config/evaluation.yaml,.yaml,,,,,,,,,,0,0,0,0,0,0,0,0,
iclr-2026-8374ca36d622,AI4LIFE-GROUP/temporal-saes,src/data.py,.py,pandas,,,,,,,,,0,0,0,0,0,0,0,0,
iclr-2026-8374ca36d622,AI4LIFE-GROUP/temporal-saes,src/experiments/probing.py,.py,,,,,,,,,,0,0,0,0,0,0,0,0,
iclr-2026-8374ca36d622,AI4LIFE-GROUP/temporal-saes,src/experiments/tsne.py,.py,plotly|pandas,,,,,,,,,0,1,0,0,0,0,0,0,
iclr-2026-842e6221ed35,facebookresearch/OpenApps,config/apps/todo/appearance/dark_theme.yaml,.yaml,,#000000|#FFFFFF,,16,,,,,,0,0,0,0,0,0,0,0,
iclr-2026-842e6221ed35,facebookresearch/OpenApps,config/apps/todo/appearance/default.yaml,.yaml,,#36454F|#B22222,,16,,,,,,0,0,0,0,0,0,0,0,
iclr-2026-842e6221ed35,facebookresearch/OpenApps,config/apps/todo/content/default.yaml,.yaml,,,,,,,,,,0,0,0,0,0,0,0,0,
iclr-2026-842e6221ed35,facebookresearch/OpenApps,config/apps/todo/content/german.yaml,.yaml,,,,,,,,,,0,0,0,0,0,0,0,0,
iclr-2026-842e6221ed35,facebookresearch/OpenApps,src/open_apps/apps/todo_app/main.py,.py,,,,,,,,margin-right: 10px;|text-decoration: none;|cursor: pointer;|margin-top: 1rem;,,0,0,0,0,0,0,0,0,
iclr-2026-86ded246ec76,grantsrb/rep_divergence,divergence/Boundless_DAS.ipynb,.ipynb,pandas,,,,,,,,,0,1,0,0,0,0,0,0,
iclr-2026-86ded246ec76,grantsrb/rep_divergence,divergence/CL_Boundless_DAS.ipynb,.ipynb,pandas,,,,,,,,,0,0,0,0,0,0,0,0,
iclr-2026-86ded246ec76,grantsrb/rep_divergence,divergence/csvs/cl_synthetic_ood.csv,.csv,,,,,,,,,,0,0,0,0,0,0,0,0,
iclr-2026-86ded246ec76,grantsrb/rep_divergence,divergence/csvs/das_emd_cleps0.0.csv,.csv,,,,,,,,,,0,0,0,0,0,0,0,0,
iclr-2026-86ded246ec76,grantsrb/rep_divergence,divergence/csvs/mean_diff_emd.csv,.csv,,,,,,,,,,0,0,0,0,0,0,0,0,
iclr-2026-86ded246ec76,grantsrb/rep_divergence,divergence/csvs/sae_emd.csv,.csv,,,,,,,,,,0,0,0,0,0,0,0,0,
iclr-2026-86ded246ec76,grantsrb/rep_divergence,divergence/emd_vis.ipynb,.ipynb,matplotlib|seaborn|pandas,,6x3|4x5,25|23,3,,,,600,0,1,0,0,1,0,0,0,pdf|png
iclr-2026-86ded246ec76,grantsrb/rep_divergence,divergence/mean_diff_section_4.2_sanity_check.py,.py,,,,,,,,,,0,0,0,0,0,0,0,0,
iclr-2026-86ded246ec76,grantsrb/rep_divergence,divergence/plotting_utils.py,.py,matplotlib|seaborn|pandas,,,25,,0.7|0.8|0.5,,,600,0,1,0,0,0,0,0,0,
iclr-2026-86ded246ec76,anon-canon/addressing,divergence/plotting_utils.py,.py,matplotlib|seaborn|pandas,,,25,,0.7|0.8|0.5,,,600,0,1,0,0,0,0,0,0,
iclr-2026-86ded246ec76,anon-canon/addressing,pyvene/analyses/visualization.py,.py,seaborn,,,,,,,,,0,0,0,0,0,0,0,0,
iclr-2026-883c05e1e1dc,ThomasRupf/opti-bfm,assets/opti_bfm.svg,.svg,,#000000|#00007b|#121923|#4e87ff|#4f88ff|#5089ff|#5189ff|#518aff|#528aff|#538bff|#548bff|#548cff|#558cff|#568dff|#578dff|#578eff|#588eff|#598fff|#5a8fff|#5a90ff|#5b90ff|#5c91ff|#5d91ff|#5d92ff|#5e92ff|#5f93ff|#6093ff|#6094ff|#6194ff|#6295ff|#6395ff|#6396ff|#6496ff|#6597ff|#666666|#6697ff|#6698ff|#6798ff|#6899ff|#6999ff|#699aff|#6a9aff|#6a9bff|#6b9bff|#6c9cff|#6d9cff|#6d9dff|#6e9dff|#6f9dff|#709eff|#719fff|#727272|#729fff|#73a0ff|#74a1ff|#75a1ff|#76a2ff|#77a3ff|#78a3ff|#79a4ff|#7aa5ff|#7ba5ff|#7ca6ff|#7da7ff|#7ea7ff|#7fa8ff|#80a9ff|#81a9ff|#82aaff|#83abff|#84abff|#85acff|#86adff|#87adff|#88aeff|#89afff|#8aafff|#8bb0ff|#8cb1ff|#8db1ff|#8db2ff|#8eb2ff|#8fb3ff|#90b3ff|#90b4ff|#91b4ff|#92b5ff|#93b5ff|#93b6ff|#94b6ff|#95b7ff|#96b7ff|#96b8ff|#97b8ff|#98b9ff|#99b9ff|#99baff|#9abaff|#9bbbff|#9cbcff|#9dbcff|#9ebdff|#9fbeff|#a0beff|#a1bfff|#a2c0ff|#a3c0ff|#a4c1ff|#a4c2ff|#a5c2ff|#a6c2ff|#a6c3ff|#a7c3ff|#a7c4ff|#a8c4ff|#a9c4ff|#a9c5ff|#aac5ff|#aac6ff|#abc6ff|#acc6ff|#acc7ff|#adc7ff|#aec7ff|#aec8ff|#afc8ff|#b0c9ff|#b1c9ff|#b1caff|#b2caff|#b3cbff|#b4cbff|#b4ccff|#b5ccff|#b5cdff|#b6cdff|#b6ceff|#b7ceff|#b8ceff|#b8cfff|#b9cfff|#bacfff|#bad0ff|#bbd0ff|#bbd1ff|#bcd1ff|#bdd2ff|#bed2ff|#bed3ff|#bfd3ff|#c0d4ff|#c1d4ff|#c1d5ff|#c2d5ff|#c3d6ff|#c4d7ff|#c5d7ff|#c6d8ff|#c7d9ff|#c8d9ff|#c9daff|#cadbff|#cbdbff|#cdcdcd|#cecece|#cfcbcb|#e5e5e5|#f2f2f2|#fdd3dd|#fff0f0|#ffffff,,,,,,"overflow:visible|fill:context-stroke;fill-rule:evenodd;stroke:context-stroke;stroke-width:1pt|fill:context-stroke;fill-rule:evenodd;stroke:context-stroke;stroke-width:0.625;stroke-linejoin:round|stop-opacity:1;stop-color:#4e87ff|stop-opacity:1;stop-color:#4f88ff|stop-opacity:1;stop-color:#5089ff|stop-opacity:1;stop-color:#5189ff|stop-opacity:1;stop-color:#518aff|stop-opacity:1;stop-color:#528aff|stop-opacity:1;stop-color:#538bff|stop-opacity:1;stop-color:#548bff|stop-opacity:1;stop-color:#548cff|stop-opacity:1;stop-color:#558cff|stop-opacity:1;stop-color:#568dff|stop-opacity:1;stop-color:#578dff|stop-opacity:1;stop-color:#578eff|stop-opacity:1;stop-color:#588eff|stop-opacity:1;stop-color:#598fff|stop-opacity:1;stop-color:#5a8fff|stop-opacity:1;stop-color:#5a90ff|stop-opacity:1;stop-color:#5b90ff|stop-opacity:1;stop-color:#5c91ff|stop-opacity:1;stop-color:#5d91ff|stop-opacity:1;stop-color:#5d92ff|stop-opacity:1;stop-color:#5e92ff|stop-opacity:1;stop-color:#5f93ff|stop-opacity:1;stop-color:#6093ff|stop-opacity:1;stop-color:#6094ff|stop-opacity:1;stop-color:#6194ff|stop-opacity:1;stop-color:#6295ff|stop-opacity:1;stop-color:#6395ff|stop-opacity:1;stop-color:#6396ff|stop-opacity:1;stop-color:#6496ff|stop-opacity:1;stop-color:#6597ff|stop-opacity:1;stop-color:#6697ff|stop-opacity:1;stop-color:#6698ff|stop-opacity:1;stop-color:#6798ff|stop-opacity:1;stop-color:#6899ff|stop-opacity:1;stop-color:#6999ff|stop-opacity:1;stop-color:#699aff|stop-opacity:1;stop-color:#6a9aff|stop-opacity:1;stop-color:#6a9bff|stop-opacity:1;stop-color:#6b9bff|stop-opacity:1;stop-color:#6c9cff|stop-opacity:1;stop-color:#6d9cff|stop-opacity:1;stop-color:#6d9dff|stop-opacity:1;stop-color:#6e9dff|stop-opacity:1;stop-color:#6f9dff|stop-opacity:1;stop-color:#709eff|stop-opacity:1;stop-color:#719fff|stop-opacity:1;stop-color:#729fff|stop-opacity:1;stop-color:#73a0ff|stop-opacity:1;stop-color:#74a1ff|stop-opacity:1;stop-color:#75a1ff|stop-opacity:1;stop-color:#76a2ff|stop-opacity:1;stop-color:#77a3ff|stop-opacity:1;stop-color:#78a3ff|stop-opacity:1;stop-color:#79a4ff|stop-opacity:1;stop-color:#7aa5ff|stop-opacity:1;stop-color:#7ba5ff|stop-opacity:1;stop-color:#7ca6ff|stop-opacity:1;stop-color:#7da7ff|stop-opacity:1;stop-color:#7ea7ff|stop-opacity:1;stop-color:#7fa8ff|stop-opacity:1;stop-color:#80a9ff|stop-opacity:1;stop-color:#81a9ff|stop-opacity:1;stop-color:#82aaff|stop-opacity:1;stop-color:#83abff|stop-opacity:1;stop-color:#84abff|stop-opacity:1;stop-color:#85acff|stop-opacity:1;stop-color:#86adff|stop-opacity:1;stop-color:#87adff|stop-opacity:1;stop-color:#88aeff|stop-opacity:1;stop-color:#89afff|stop-opacity:1;stop-color:#8aafff|stop-opacity:1;stop-color:#8bb0ff|stop-opacity:1;stop-color:#8cb1ff|stop-opacity:1;stop-color:#8db1ff|stop-opacity:1;stop-color:#8db2ff|stop-opacity:1;stop-color:#8eb2ff|stop-opacity:1;stop-color:#8fb3ff|stop-opacity:1;stop-color:#90b3ff|stop-opacity:1;stop-color:#90b4ff|stop-opacity:1;stop-color:#91b4ff|stop-opacity:1;stop-color:#92b5ff|stop-opacity:1;stop-color:#93b5ff|stop-opacity:1;stop-color:#93b6ff|stop-opacity:1;stop-color:#94b6ff|stop-opacity:1;stop-color:#95b7ff|stop-opacity:1;stop-color:#96b7ff|stop-opacity:1;stop-color:#96b8ff|stop-opacity:1;stop-color:#97b8ff|stop-opacity:1;stop-color:#98b9ff|stop-opacity:1;stop-color:#99b9ff|stop-opacity:1;stop-color:#99baff|stop-opacity:1;stop-color:#9abaff|stop-opacity:1;stop-color:#9bbbff|stop-opacity:1;stop-color:#9cbcff|stop-opacity:1;stop-color:#9dbcff|stop-opacity:1;stop-color:#9ebdff|stop-opacity:1;stop-color:#9fbeff|stop-opacity:1;stop-color:#a0beff|stop-opacity:1;stop-color:#a1bfff|stop-opacity:1;stop-color:#a2c0ff|stop-opacity:1;stop-color:#a3c0ff|stop-opacity:1;stop-color:#a4c1ff|stop-opacity:1;stop-color:#a4c2ff|stop-opacity:1;stop-color:#a5c2ff|stop-opacity:1;stop-color:#a6c2ff|stop-opacity:1;stop-color:#a6c3ff|stop-opacity:1;stop-color:#a7c3ff|stop-opacity:1;stop-color:#a7c4ff|stop-opacity:1;stop-color:#a8c4ff|stop-opacity:1;stop-color:#a9c4ff|stop-opacity:1;stop-color:#a9c5ff|stop-opacity:1;stop-color:#aac5ff|stop-opacity:1;stop-color:#aac6ff|stop-opacity:1;stop-color:#abc6ff|stop-opacity:1;stop-color:#acc6ff|stop-opacity:1;stop-color:#acc7ff|stop-opacity:1;stop-color:#adc7ff|stop-opacity:1;stop-color:#aec7ff|stop-opacity:1;stop-color:#aec8ff|stop-opacity:1;stop-color:#afc8ff|stop-opacity:1;stop-color:#b0c9ff|stop-opacity:1;stop-color:#b1c9ff|stop-opacity:1;stop-color:#b1caff|stop-opacity:1;stop-color:#b2caff|stop-opacity:1;stop-color:#b3cbff|stop-opacity:1;stop-color:#b4cbff|stop-opacity:1;stop-color:#b4ccff|stop-opacity:1;stop-color:#b5ccff|stop-opacity:1;stop-color:#b5cdff|stop-opacity:1;stop-color:#b6cdff|stop-opacity:1;stop-color:#b6ceff|stop-opacity:1;stop-color:#b7ceff|stop-opacity:1;stop-color:#b8ceff|stop-opacity:1;stop-color:#b8cfff|stop-opacity:1;stop-color:#b9cfff|stop-opacity:1;stop-color:#bacfff|stop-opacity:1;stop-color:#bad0ff|stop-opacity:1;stop-color:#bbd0ff|stop-opacity:1;stop-color:#bbd1ff|stop-opacity:1;stop-color:#bcd1ff|stop-opacity:1;stop-color:#bdd2ff|stop-opacity:1;stop-color:#bed2ff|stop-opacity:1;stop-color:#bed3ff|stop-opacity:1;stop-color:#bfd3ff|stop-opacity:1;stop-color:#c0d4ff|stop-opacity:1;stop-color:#c1d4ff|stop-opacity:1;stop-color:#c1d5ff|stop-opacity:1;stop-color:#c2d5ff|stop-opacity:1;stop-color:#c3d6ff|stop-opacity:1;stop-color:#c4d7ff|stop-opacity:1;stop-color:#c5d7ff|stop-opacity:1;stop-color:#c6d8ff|stop-opacity:1;stop-color:#c7d9ff|stop-opacity:1;stop-color:#c8d9ff|stop-opacity:1;stop-color:#c9daff|stop-opacity:1;stop-color:#cadbff|stop-opacity:1;stop-color:#cbdbff|stroke:none|opacity:1;fill:#ffffff;fill-opacity:1;stroke:none;stroke-width:0.600002;stroke-linecap:round;stroke-dasharray:1.2, 2.40001|fill:none;stroke:#000000;stroke-width:1.42231;stroke-linecap:square;stroke-linejoin:round;stroke-miterlimit:4;stroke-dasharray:none;stroke-opacity:1|fill:#000000;fill-opacity:1;fill-rule:evenodd;stroke:#000000;stroke-width:0.948206;stroke-linecap:butt;stroke-linejoin:miter;stroke-miterlimit:4;stroke-dasharray:none;stroke-opacity:1|fill:#cfcbcb;fill-opacity:1;fill-rule:nonzero;stroke:none|fill:none;stroke:#000000;stroke-width:1.42231;stroke-linecap:square;stroke-linejoin:round;stroke-miterlimit:4;stroke-dasharray:2.84461, 2.84461;stroke-dashoffset:0;stroke-opacity:1|fill:#000000;fill-opacity:1;fill-rule:nonzero;stroke:none|fill:#cdcdcd;fill-opacity:1;fill-rule:nonzero;stroke:#121923;stroke-width:1.64704;stroke-linecap:butt;stroke-linejoin:miter;stroke-miterlimit:4;stroke-dasharray:none;stroke-opacity:1|fill:none;stroke:#000000;stroke-width:1.42231;stroke-linecap:round;stroke-linejoin:round;stroke-miterlimit:4;stroke-dasharray:none;stroke-opacity:1|fill:#000000;fill-opacity:1;fill-rule:evenodd;stroke:#000000;stroke-width:0.743189;stroke-linecap:butt;stroke-linejoin:miter;stroke-miterlimit:4;stroke-dasharray:none;stroke-opacity:1|fill:none;stroke:#cdcdcd;stroke-width:1.42231;stroke-linecap:round;stroke-linejoin:round;stroke-miterlimit:4;stroke-dasharray:none;stroke-opacity:1|fill:#cdcdcd;fill-opacity:1;fill-rule:evenodd;stroke:#cdcdcd;stroke-width:0.948119;stroke-linecap:butt;stroke-linejoin:miter;stroke-miterlimit:4;stroke-dasharray:none;stroke-opacity:1|fill:#000000;fill-opacity:1;fill-rule:evenodd;stroke:#000000;stroke-width:0.74319;stroke-linecap:butt;stroke-linejoin:miter;stroke-miterlimit:4;stroke-dasharray:none;stroke-opacity:1|fill:none;stroke:#000000;stroke-width:2.84462;stroke-linecap:round;stroke-linejoin:round;stroke-miterlimit:4;stroke-dasharray:none;stroke-opacity:1|fill:#fff0f0;fill-opacity:1;fill-rule:nonzero;stroke:none|fill:#fdd3dd;fill-opacity:1;fill-rule:nonzero;stroke:none|stroke:#00007b;stroke-width:0.600677;stroke-linecap:round;stroke-miterlimit:4;stroke-dasharray:1.20135, 2.40271;stroke-dashoffset:0;stroke-opacity:1|fill:none;stroke:#00007b;stroke-width:0.600677;stroke-linecap:round;stroke-linejoin:round;stroke-miterlimit:4;stroke-dasharray:1.20135, 2.40271;stroke-dashoffset:0;stroke-opacity:1|stroke-width:1.00013;stroke-linecap:round;stroke-miterlimit:4;stroke-dasharray:none|fill:none;stroke:#000000;stroke-width:1.00013;stroke-linecap:round;stroke-linejoin:round;stroke-miterlimit:4;stroke-dasharray:none;stroke-dashoffset:0;stroke-opacity:1;marker-end:url(#Arrow2Mend)|fill:none;stroke:#000000;stroke-width:1.00013;stroke-linecap:round;stroke-linejoin:round;stroke-miterlimit:4;stroke-dasharray:none;stroke-dashoffset:0;stroke-opacity:1;marker-end:url(#Arrow2Mend-7)|fill:none;stroke:#000000;stroke-width:0.999005;stroke-linecap:round;stroke-linejoin:round;stroke-miterlimit:4;stroke-dasharray:none;stroke-dashoffset:0;stroke-opacity:1;marker-end:url(#Arrow2Mend-7-6)|fill:none;stroke:#000000;stroke-width:0.997882;stroke-linecap:round;stroke-linejoin:round;stroke-miterlimit:4;stroke-dasharray:none;stroke-dashoffset:0;stroke-opacity:1;marker-end:url(#Arrow2Mend-7-6-6)|fill:none;stroke:#000000;stroke-width:1.52325;stroke-linecap:round;stroke-linejoin:round;stroke-miterlimit:4;stroke-dasharray:none;stroke-dashoffset:0;stroke-opacity:1;marker-end:url(#TriangleOutM)|fill:none;stroke:#000000;stroke-width:1.52325;stroke-linecap:round;stroke-linejoin:round;stroke-miterlimit:4;stroke-dasharray:none;stroke-dashoffset:0;stroke-opacity:1;marker-end:url(#TriangleOutM-3)|fill:#000000;fill-opacity:1|fill:#f2f2f2;fill-opacity:1;fill-rule:nonzero;stroke:#cecece;stroke-width:1.0658;stroke-linecap:round;stroke-linejoin:round;stroke-miterlimit:4;stroke-dasharray:none;stroke-opacity:1|fill:none;stroke:#e5e5e5;stroke-width:1.06673;stroke-linecap:square;stroke-linejoin:round;stroke-miterlimit:4;stroke-dasharray:none;stroke-opacity:1|fill:none;stroke:#cdcdcd;stroke-width:1.06673;stroke-linecap:round;stroke-linejoin:round;stroke-miterlimit:4;stroke-dasharray:3.2002, 3.2002;stroke-dashoffset:0;stroke-opacity:1|fill:none;stroke:#cecece;stroke-width:1.0658;stroke-linecap:round;stroke-linejoin:round;stroke-miterlimit:4;stroke-dasharray:none;stroke-opacity:1|font-style:normal;font-variant:normal;font-weight:normal;font-stretch:normal;font-size:13px;line-height:1.25;font-family:Lato;-inkscape-font-specification:Lato;stroke-width:0.75|font-style:normal;font-variant:normal;font-weight:bold;font-stretch:normal;font-size:13px;font-family:Lato;-inkscape-font-specification:|fill:none;stroke:#000000;stroke-width:0.75;stroke-linecap:butt;stroke-linejoin:miter;stroke-miterlimit:4;stroke-dasharray:none;stroke-opacity:1;marker-end:url(#Arrow2Lend-3)|fill:none;stroke:#000000;stroke-width:0.75;stroke-linecap:butt;stroke-linejoin:miter;stroke-miterlimit:4;stroke-dasharray:none;stroke-opacity:1;marker-end:url(#Arrow2Lend-3-5)|opacity:0.808861|fill:none;stroke:#cbdbff;stroke-width:1.06673;stroke-linecap:square;stroke-linejoin:round;stroke-miterlimit:4;stroke-dasharray:none;stroke-opacity:1|fill:url(#radialGradient1104);stroke:none|font-size:12px;line-height:1.25;font-family:sans-serif;stroke-width:0.750002|font-style:normal;font-variant:normal;font-weight:300;font-stretch:normal;font-size:12px;font-family:Lato;-inkscape-font-specification:|stroke-width:0.750002|fill:#727272;fill-opacity:1;stroke:none;stroke-opacity:1|fill:#727272;fill-opacity:1;fill-rule:nonzero;stroke:none;stroke-opacity:1|fill:#727272;fill-opacity:1;stroke:none;stroke-width:0.0174328;stroke-opacity:1|fill:#000000;fill-opacity:1;fill-rule:nonzero;stroke:none;stroke-width:0.62515|fill:#727272;fill-opacity:1|fill:#727272;fill-opacity:1;fill-rule:nonzero;stroke:none|fill:#727272;fill-opacity:1;fill-rule:nonzero;stroke:none;stroke-width:0.62515|fill:#000000;fill-opacity:0;stroke:#fdd3dd;stroke-opacity:1|fill:#000000;fill-opacity:0;stroke:#fdd3dd;stroke-width:2.84462;stroke-linecap:square;stroke-linejoin:round;stroke-miterlimit:4;stroke-dasharray:5.68924, 5.68924;stroke-dashoffset:0;stroke-opacity:1",,0,0,0,0,0,0,0,0,
iclr-2026-883c05e1e1dc,https://arxiv.org/abs/2510.20264,header.tex,.tex,latex,,,,,,,,,0,0,0,0,0,0,0,0,
iclr-2026-883c05e1e1dc,https://arxiv.org/abs/2510.20264,iclr2026_conference.sty,.sty,,,,,,,,,,0,0,0,0,0,0,0,1,
iclr-2026-883c05e1e1dc,https://arxiv.org/abs/2510.20264,main.tex,.tex,latex,,,,,,,,,0,0,0,0,0,1,0,0,
iclr-2026-890e5fac4757,ByteDance-Seed/Depth-Anything-3,src/depth_anything_3/app/modules/visualization.py,.py,,,,,,,,,,0,0,0,0,0,0,0,0,
iclr-2026-890e5fac4757,ByteDance-Seed/Depth-Anything-3,src/depth_anything_3/utils/visualize.py,.py,matplotlib,,,,,,,,,0,0,0,0,0,0,0,0,
iclr-2026-927309b0632d,transferable-samplers/transferable-samplers,src/transferable_samplers/evaluation/plots/plot_energies.py,.py,matplotlib,,4x3,,3,0.4,,,300,0,1,0,0,0,0,0,0,
iclr-2026-927309b0632d,transferable-samplers/transferable-samplers,src/transferable_samplers/evaluation/plots/plot_ramachandran.py,.py,matplotlib,,,45|25|35|18,,,,,,0,0,0,0,0,0,0,0,
iclr-2026-963229d0140f,stepfun-ai/NextStep-1,configs/nextstep_qwen14b_256px.py,.py,,,,,,,,,,0,0,0,0,0,0,0,0,
iclr-2026-963229d0140f,stepfun-ai/NextStep-1,evals/gen_images/geneval.py,.py,,,,,,,,,,0,0,0,0,0,0,0,0,
iclr-2026-963229d0140f,stepfun-ai/NextStep-1,evals/gen_images/oneig_bench.py,.py,pandas,,,,,,,,,0,0,0,0,0,0,0,0,
iclr-2026-963229d0140f,stepfun-ai/NextStep-1,evals/gen_images/wise_gen.py,.py,,,,,,,,,,0,0,0,0,0,0,0,0,
iclr-2026-9800a26d2608,Rezaei-Parham/Synthetic-Selection,Synthetic Experiments/covariance_scaling.py,.py,matplotlib|seaborn,,6x5,26|14,6,0.25|0.6|0.3,o,whitegrid,300,1,1,0,1,0,0,0,0,
iclr-2026-9800a26d2608,Rezaei-Parham/Synthetic-Selection,Synthetic Experiments/mean_alignment.py,.py,matplotlib|seaborn,,6x5,26|14,6,0.25|0.6|0.3,o,whitegrid,300,1,1,0,1,0,0,0,0,
iclr-2026-9800a26d2608,Rezaei-Parham/Synthetic-Selection,Synthetic Experiments/ns_growth.py,.py,matplotlib|seaborn,,6x5,26|14,6,0.25|0.6|0.3,o,whitegrid,300,1,1,0,1,0,0,0,0,
iclr-2026-99e6f2b9fab2,dingdongwang/EmotionThinker,EmotionCoT/pipeline/api_call.py,.py,,,,,,,,,,0,0,0,0,0,0,0,0,
iclr-2026-99e6f2b9fab2,dingdongwang/EmotionThinker,EmotionCoT/pipeline/prosody_features.py,.py,,,,,,,,,,0,0,0,0,0,0,0,0,
iclr-2026-99e6f2b9fab2,dingdongwang/EmotionThinker,EmotionCoT/pipeline/prosody_labeling.py,.py,,,,,,,,,,0,0,0,0,0,0,0,0,
iclr-2026-9ba8184b9ae8,naimengye/speculative-action,chess-game/plot.py,.py,matplotlib,#2E86AB|#4CAF50|#A23B72|#F18F01,10x8,14|18|12|13|9|16|15,0.8|1.5,0.5|1.0|0.85|0.7|0.8|0.3,o,-,300,1,1,1,0,0,0,0,0,
iclr-2026-9ba8184b9ae8,naimengye/speculative-action,chess-game/textarena/envs/TwoDollar/roles/non_enforceable/public_figure.json,.json,,,,,,,,,,0,0,0,0,0,0,0,0,
iclr-2026-9ba8184b9ae8,naimengye/speculative-action,e-commerce/tau-bench/analysis_static_combine.ipynb,.ipynb,matplotlib,,8x6,18|16|15,2,0.4|0.6,o,--|-,,1,1,1,0,1,0,0,0,
iclr-2026-9ba8184b9ae8,naimengye/speculative-action,hotpotqa/run_metrics/agent_gpt-4_top1/trajs_gpt-4.1-nano/6/metrics.json,.json,,,,,,,,,,0,0,0,0,0,0,0,0,
iclr-2026-9ba8184b9ae8,naimengye/speculative-action,hotpotqa/run_metrics/agent_gpt-4_top3/trajs_gpt-5-nano/1248/metrics.json,.json,,,,,,,,,,0,0,0,0,0,0,0,0,
iclr-2026-9ba8184b9ae8,naimengye/speculative-action,hotpotqa/run_metrics/agent_gpt-4_top3/trajs_gpt-5-nano/1267/metrics.json,.json,,,,,,,,,,0,0,0,0,0,0,0,0,
iclr-2026-9ba8184b9ae8,naimengye/speculative-action,os-tuning/scripts/plot_use_case.py,.py,matplotlib,#5DADE2|#85C1E9|#E74C3C,13.2x4.0|7.0x3.8|12x4.8,8,2.2|2.4|1.0,0.3,x,--,200,1,1,0,0,1,0,0,0,
iclr-2026-9ba8184b9ae8,naimengye/speculative-action,os-tuning/tests/test_plotting.py,.py,,,,,,,,,,0,0,0,0,0,0,0,0,
iclr-2026-9d74a65ca00d,JingzheShi/NLPCtlScalingAndBounds,NaturalLanguage/Measuring/draw_CEvsPCA/draw_IntrinsicDim.py,.py,matplotlib,,,,,,,:|--,250|300,0,1,0,0,0,0,0,0,svg
iclr-2026-9d74a65ca00d,JingzheShi/NLPCtlScalingAndBounds,NaturalLanguage/Measuring/draw_CEvsPCA/draw_SumLogEigval.py,.py,matplotlib|seaborn|pandas,,12x10,15|18,,,,:,250|300,0,1,0,0,0,0,0,0,svg
iclr-2026-9d74a65ca00d,JingzheShi/NLPCtlScalingAndBounds,SyntheticDataset/task_definition.json,.json,,,,,,,,,,0,0,0,0,0,0,0,0,
iclr-2026-a58db1cc65db,ShifengXIE/CauKer,CauKer.ipynb,.ipynb,matplotlib|graphviz,,10x3,,,0.1|1.0|10.0,,,,1,0,0,0,0,0,0,0,
iclr-2026-a58db1cc65db,ShifengXIE/CauKer,CauKer.py,.py,graphviz,,,,,0.1|1.0|10.0,,,,0,0,0,0,0,0,0,0,
iclr-2026-a58db1cc65db,ShifengXIE/CauKer,Models/Chronos/evaluation/results/seasonal_naive_results.csv,.csv,,,,,,,,,,0,0,0,0,0,0,0,0,
iclr-2026-a58db1cc65db,ShifengXIE/CauKer,Models/Chronos/figures/zero_shot-agg_scaled_score.svg,.svg,matplotlib,#000000|#1b86ba|#424242|#444444|#666666|#6e8857|#731d6f|#cccccc|#e36149|#ffffff,,,,,,fill: #ffffff|stroke: #000000; stroke-width: 0.8|fill: #666666|fill: none; stroke: #424242; stroke-width: 2.25; stroke-linecap: square|fill: none; stroke: #000000; stroke-linejoin: miter; stroke-linecap: square|fill: #444444|fill: #1b86ba; opacity: 0.8|fill: #e36149; opacity: 0.8|fill: #731d6f; opacity: 0.8|fill: #6e8857; opacity: 0.8|fill: #ffffff; opacity: 0.8; stroke: #cccccc; stroke-linejoin: miter,,0,0,0,0,0,0,0,0,
iclr-2026-a58db1cc65db,ShifengXIE/CauKer,Models/Chronos/scripts/evaluation/configs/in-domain.yaml,.yaml,,,,,,,,,,0,0,0,0,0,0,0,0,
iclr-2026-a58db1cc65db,ShifengXIE/CauKer,Models/Chronos/scripts/evaluation/configs/zero-shot.yaml,.yaml,,,,,,,,,,0,0,0,0,0,0,0,0,
iclr-2026-a58db1cc65db,ShifengXIE/CauKer,Models/Chronos/scripts/evaluation/results/chronos-t5-base-in-domain.csv,.csv,,,,,,,,,,0,0,0,0,0,0,0,0,
iclr-2026-a58db1cc65db,ShifengXIE/CauKer,Models/Chronos/scripts/evaluation/results/chronos-t5-base-zero-shot.csv,.csv,,,,,,,,,,0,0,0,0,0,0,0,0,
iclr-2026-a58db1cc65db,ShifengXIE/CauKer,Models/Chronos/scripts/evaluation/results/chronos-t5-mini-in-domain.csv,.csv,,,,,,,,,,0,0,0,0,0,0,0,0,
iclr-2026-a58db1cc65db,ShifengXIE/CauKer,Models/Chronos/scripts/evaluation/results/chronos-t5-mini-zero-shot.csv,.csv,,,,,,,,,,0,0,0,0,0,0,0,0,
iclr-2026-a58db1cc65db,ShifengXIE/CauKer,Models/Chronos/scripts/evaluation/results/seasonal-naive-in-domain.csv,.csv,,,,,,,,,,0,0,0,0,0,0,0,0,
iclr-2026-a58db1cc65db,ShifengXIE/CauKer,Models/Chronos/scripts/evaluation/results/seasonal-naive-zero-shot.csv,.csv,,,,,,,,,,0,0,0,0,0,0,0,0,
iclr-2026-a60437a1dcad,chenqi-li/BioX-Bridge,ECG_Classification_anonymous/presentation/table/results.tex,.tex,latex,,,,,,,,,0,0,0,0,0,0,0,0,
iclr-2026-a60437a1dcad,chenqi-li/BioX-Bridge,ECG_Classification_anonymous/report/table/ablation_study.tex,.tex,latex,,,,,,,,,0,0,0,0,0,0,0,0,
iclr-2026-a60437a1dcad,chenqi-li/BioX-Bridge,ECG_Classification_anonymous/report/table/results.tex,.tex,latex,,,,,,,,,0,0,0,0,0,0,0,0,
iclr-2026-a60437a1dcad,chenqi-li/BioX-Bridge,ECG_Classification_anonymous/report/table/results_full.tex,.tex,latex,,,,,,,,,0,0,0,0,0,0,0,1,
iclr-2026-a60437a1dcad,chenqi-li/BioX-Bridge,ECG_Classification_anonymous/scripts/plot_pau.py,.py,matplotlib,,,,,,,,,1,0,0,0,0,0,0,0,
iclr-2026-a60437a1dcad,chenqi-li/BioX-Bridge,HuBERT_ECG_anonymous/figures/ecg_umap.ipynb,.ipynb,matplotlib|seaborn|plotly|pandas,,8x10,20,,,,,300,0,0,0,0,0,0,0,0,png
iclr-2026-a60437a1dcad,chenqi-li/BioX-Bridge,HuBERT_ECG_anonymous/figures/plot.ipynb,.ipynb,matplotlib|seaborn|pandas,,12x8|6x8|10x10|10x8|18x6|40x10|20x5|15x5,12|20|15|13|11|22|14|6|23|18,1.25|0.5,0.7|0.2|0.5,,whitegrid|--,300,1,1,0,1,0,0,0,0,pdf|svg
iclr-2026-a60437a1dcad,chenqi-li/BioX-Bridge,bridge_position_selector.py,.py,,,,,,,,,,0,0,0,0,0,0,0,0,
iclr-2026-a60437a1dcad,chenqi-li/BioX-Bridge,bridge_position_selector_utils.py,.py,,,,,,,,,,0,0,0,0,0,0,0,0,
iclr-2026-a60437a1dcad,chenqi-li/BioX-Bridge,train_bridge.py,.py,matplotlib|seaborn|pandas,,,,,,,,,0,0,0,0,0,0,0,0,
iclr-2026-aa041113be40,https://arxiv.org/abs/2603.08104,00README.json,.json,,,,,,,,,,0,0,0,0,0,0,0,0,
iclr-2026-aa041113be40,https://arxiv.org/abs/2603.08104,iclr2026_conference.sty,.sty,,,,,,,,,,0,0,0,0,0,0,0,1,
iclr-2026-aa041113be40,https://arxiv.org/abs/2603.08104,iclr2026_conference.tex,.tex,latex,,,,,,,,,0,0,0,0,0,0,0,0,
iclr-2026-aa041113be40,bigglesworthnotacat/LLM-Steg,qualitative_res_gpt.ipynb,.ipynb,,,,,,,,,,0,0,0,0,0,0,0,0,
iclr-2026-aa041113be40,bigglesworthnotacat/LLM-Steg,qualitative_res_llama.ipynb,.ipynb,,,,,,,,,,0,0,0,0,0,0,0,0,
iclr-2026-aa041113be40,https://arxiv.org/abs/2603.08104,section/Appendix.tex,.tex,latex,,,,,,,,,0,0,0,0,0,1,1,1,
iclr-2026-aa041113be40,https://arxiv.org/abs/2603.08104,section/Experiment.tex,.tex,latex,,,,,,,,,0,0,0,0,0,0,0,0,
iclr-2026-aa041113be40,https://arxiv.org/abs/2603.08104,section/Introduction.tex,.tex,latex,,,,,,,,,0,0,0,0,0,0,0,0,
iclr-2026-aa041113be40,https://arxiv.org/abs/2603.08104,section/Method.tex,.tex,latex,,,,,,,,,0,0,0,0,0,0,0,0,
iclr-2026-ab553a040c74,negrinho/sane_tikz,examples/transformer.py,.py,,,,,3.0,0.75|0.6,,,,0,0,0,0,0,0,0,0,
iclr-2026-ab553a040c74,negrinho/sane_tikz,examples/transformer.tex,.tex,tikz|latex,,,,,,,,,0,0,0,0,0,0,0,0,
iclr-2026-af6a7ff26bd9,Tongyi-ConvAI/Qwen-Character,Character-GenRM-NLHF/verl/verl/trainer/config/evaluation.yaml,.yaml,,,,,,,,,,0,0,0,0,0,0,0,0,
iclr-2026-af6a7ff26bd9,Tongyi-ConvAI/Qwen-Character,Character-GenRM/inference/PROMPTS.py,.py,,,,,,,,,,0,0,0,0,0,0,0,0,
iclr-2026-af6a7ff26bd9,Tongyi-ConvAI/Qwen-Character,Character-GenRM/prototype_learning/proto_knn_scaler.py,.py,pandas,,,,,,,,,0,0,0,0,0,0,0,0,
iclr-2026-af6a7ff26bd9,Tongyi-ConvAI/Qwen-Character,Character-GenRM/prototype_learning/scaling_with_proto.py,.py,,,,,,,,,,0,0,0,0,0,0,0,0,
iclr-2026-af6a7ff26bd9,Tongyi-ConvAI/Qwen-Character,CharacterRL-iStar/recipe/r1/config/evaluation.yaml,.yaml,,,,,,,,,,0,0,0,0,0,0,0,0,
iclr-2026-af6a7ff26bd9,Tongyi-ConvAI/Qwen-Character,CharacterRL-iStar/verl/trainer/config/evaluation.yaml,.yaml,,,,,,,,,,0,0,0,0,0,0,0,0,
iclr-2026-af6a7ff26bd9,Tongyi-ConvAI/Qwen-Character,EIBench/code/training/verl/trainer/config/evaluation.yaml,.yaml,,,,,,,,,,0,0,0,0,0,0,0,0,
iclr-2026-b879ca6dd1a4,rbetser/InfoNCE-induces-Gaussian-distribution,cifar10_resnet18/diagnostics.py,.py,,,,,,0.05,,,,0,0,0,0,0,0,0,0,
iclr-2026-b879ca6dd1a4,rbetser/InfoNCE-induces-Gaussian-distribution,cifar10_resnet18/train_contrastive.py,.py,,,,,,,,,,0,0,0,0,0,0,0,0,
iclr-2026-b879ca6dd1a4,rbetser/InfoNCE-induces-Gaussian-distribution,cifar10_resnet18/train_supervised.py,.py,,,,,,,,,,0,0,0,0,0,0,0,0,
iclr-2026-b879ca6dd1a4,rbetser/InfoNCE-induces-Gaussian-distribution,run_single_gmm.py,.py,,,,,,0.05,,,,0,0,0,0,0,0,0,0,
iclr-2026-b879ca6dd1a4,rbetser/InfoNCE-induces-Gaussian-distribution,run_single_laplace.py,.py,,,,,,0.05,,,,0,0,0,0,0,0,0,0,
iclr-2026-b93abeea95e9,facebookresearch/meta-agents-research-environments,gaia2-cli/assets/high-level-system-diagram.svg,.svg,,#1F2937|#4B5563|#6B7280|#9CA3AF|#BBF7D0|#BFDBFE|#E5E7EB|#EFF6FF|#F0FDF4|#F3F4F6|#F9FAFB|#FBCFE8|#FCE7F3|#FED7AA|#FFF7ED,,,,,,,,0,0,0,0,0,0,0,0,
iclr-2026-bdf44f310e82,ToyotaResearchInstitute/diffmpc,benchmarking/imitation-learning/plot_IL_results.ipynb,.ipynb,matplotlib,,12x8|10x5,12,2,0.2,,--,,0,1,0,1,0,0,0,0,
iclr-2026-bdf44f310e82,ToyotaResearchInstitute/diffmpc,benchmarking/imitation-learning/plot_expert_data.py,.py,matplotlib,,,,,,,,,1,0,0,0,0,0,0,0,
iclr-2026-bdf44f310e82,ToyotaResearchInstitute/diffmpc,benchmarking/reinforcement-learning/warm_start_plot.py,.py,matplotlib,,12x3,16,2,0.2,,,,1,0,0,1,1,0,0,0,
iclr-2026-be5b1d259689,YennNing/MC-Search,src/agent_launch.py,.py,,,,,,,,,,0,0,0,0,0,0,0,0,
iclr-2026-be5b1d259689,YennNing/MC-Search,src/eval_launch.py,.py,,,,,,,,,,0,0,0,0,0,0,0,0,
iclr-2026-be5b1d259689,YennNing/MC-Search,src/gemini/mc_search_agent.py,.py,,,,,,,,,,0,0,0,0,0,0,0,0,
iclr-2026-be5b1d259689,YennNing/MC-Search,src/gemini/mc_search_evaluate.py,.py,,,,,,,,,,0,0,0,0,0,0,0,0,
iclr-2026-c6856f20a2f5,https://arxiv.org/abs/2505.16723,figures/appendix/delta/delta_figures.tex,.tex,latex,,,,,,,,,0,0,0,0,0,0,0,0,
iclr-2026-c6856f20a2f5,https://arxiv.org/abs/2505.16723,figures/appendix/domains/domains.tex,.tex,latex,,,,,,,,,0,0,0,0,0,0,0,0,
iclr-2026-c6856f20a2f5,https://arxiv.org/abs/2505.16723,figures/appendix/full_wm/para.tex,.tex,latex,,,,,,,,,0,0,0,0,0,0,0,0,
iclr-2026-c6856f20a2f5,https://arxiv.org/abs/2505.16723,figures/appendix/leakage/leakage.tex,.tex,latex,,,,,,,,,0,0,0,0,0,0,0,0,
iclr-2026-c6856f20a2f5,https://arxiv.org/abs/2505.16723,figures/appendix/number_queries/n_queries.tex,.tex,latex,,,,,,,,,0,0,0,0,0,0,0,0,
iclr-2026-c6856f20a2f5,https://arxiv.org/abs/2505.16723,figures/appendix/para/para.tex,.tex,latex,,,,,,,,,0,0,0,0,0,0,0,0,
iclr-2026-c6856f20a2f5,https://arxiv.org/abs/2505.16723,figures/eval/53/stealth.tex,.tex,latex,,,,,,,,,0,0,0,0,0,0,0,0,
iclr-2026-c6856f20a2f5,https://arxiv.org/abs/2505.16723,figures/main/main_figure.tex,.tex,latex,,,,,,,,,0,0,0,0,0,0,0,0,
iclr-2026-c6856f20a2f5,https://arxiv.org/abs/2505.16723,tables/appendix/cost_breakdown.tex,.tex,latex,,,,,,,,,0,0,0,0,0,1,1,0,
iclr-2026-c6856f20a2f5,https://arxiv.org/abs/2505.16723,tables/fingerprint_effectiveness.tex,.tex,latex,,,,,,,,,0,0,0,0,0,1,1,0,
iclr-2026-c6856f20a2f5,https://arxiv.org/abs/2505.16723,tables/robustness_evaluation.tex,.tex,latex,,,,,,,,,0,0,0,0,0,1,1,0,
iclr-2026-c6856f20a2f5,https://arxiv.org/abs/2505.16723,tables/robustness_evaluation_adversarial.tex,.tex,latex,,,,,,,,,0,0,0,0,0,1,1,0,
iclr-2026-d2112f671397,rainarit/metamergen,crop_fix_images.py,.py,,,,,,,,,,0,0,0,0,0,0,0,0,
iclr-2026-d8ed6882cb29,rmovva/wimhf,paper/dataset_sweep.py,.py,,,,,,,,,,0,0,0,0,0,0,0,0,
iclr-2026-db71b40c7495,zhangbaijin/LVLMs-Saliency,src/FastV/inference/plot_inefficient_attention.py,.py,matplotlib|seaborn|plotly,,5x5,3,,,,,400,0,0,0,0,0,0,0,0,
iclr-2026-db71b40c7495,zhangbaijin/LVLMs-Saliency,src/FastV/llava-hf/transformers/utils/check_table.py,.py,,,,,,,,,,0,0,0,0,0,0,0,0,
iclr-2026-db71b40c7495,zhangbaijin/LVLMs-Saliency,src/LLaVA/llava/eval/eval_gpt_review_visual.py,.py,,,,,,,,,,0,0,0,0,0,0,0,0,
iclr-2026-db71b40c7495,zhangbaijin/LVLMs-Saliency,src/LLaVA/llava/eval/generate_webpage_data_from_table.py,.py,,,,,,,,,,0,0,0,0,0,0,0,0,
iclr-2026-db71b40c7495,zhangbaijin/LVLMs-Saliency,src/transformers/examples/pytorch/benchmarking/plot_csv_file.py,.py,matplotlib,,,,,,,,,0,1,0,0,1,0,0,0,
iclr-2026-db71b40c7495,zhangbaijin/LVLMs-Saliency,src/transformers/src/transformers/dependency_versions_table.py,.py,,,,,,,,,,0,0,0,0,0,0,0,0,
iclr-2026-db71b40c7495,zhangbaijin/LVLMs-Saliency,src/transformers/utils/check_table.py,.py,,,,,,,,,,0,0,0,0,0,0,0,0,
iclr-2026-db71b40c7495,zhangbaijin/LVLMs-Saliency,transformers-main/examples/legacy/benchmarking/plot_csv_file.py,.py,matplotlib,,,,,,,,,0,1,0,0,1,0,0,0,
iclr-2026-db71b40c7495,zhangbaijin/LVLMs-Saliency,transformers-main/utils/check_table.py,.py,,,,,,,,,,0,0,0,0,0,0,0,0,
iclr-2026-dba10825e0af,mattian7/mrRoPE,analysis/fourier.py,.py,matplotlib,#318aca,,,,,o,-,,0,0,0,0,0,0,0,0,png
iclr-2026-dba10825e0af,mattian7/mrRoPE,output/draw.py,.py,matplotlib|pandas,,10x6,,,,,,300,1,1,0,0,0,0,0,0,png
iclr-2026-dba10825e0af,mattian7/mrRoPE,output/longbench-llama10.csv,.csv,,,,,,,,,,0,0,0,0,0,0,0,0,
iclr-2026-dba10825e0af,mattian7/mrRoPE,output/longbench-llama16.csv,.csv,,,,,,,,,,0,0,0,0,0,0,0,0,
iclr-2026-dba10825e0af,mattian7/mrRoPE,output/proofpile-long-small-radix.csv,.csv,,,,,,,,,,0,0,0,0,0,0,0,0,
iclr-2026-dba10825e0af,mattian7/mrRoPE,output/proofpile-long-small-yarn.csv,.csv,,,,,,,,,,0,0,0,0,0,0,0,0,
iclr-2026-dba10825e0af,mattian7/mrRoPE,scaled_rope/LlamaYaRNRadix.py,.py,,,,,,,,,,0,0,0,0,0,0,0,0,
iclr-2026-dc7ecb0275a2,Xtra-Computing/LLM-Deception,src/summary/plot_accuracy_cross_comparison.py,.py,matplotlib|pandas,#1f77b4|#ff7f0e,12x8,16|18,2,0.8|0.3|0.5,,--,300,1,1,0,0,0,0,0,0,
iclr-2026-dc7ecb0275a2,Xtra-Computing/LLM-Deception,src/summary/plot_both_metrics_per_model.py,.py,matplotlib|pandas,#1f77b4|#ff7f0e,9x7,20|18|16,4|2,0.8|0.2|0.7|0.3,o|s,:,,1,1,0,1,1,0,0,0,
iclr-2026-dc7ecb0275a2,Xtra-Computing/LLM-Deception,src/summary/plot_combined_deceptive_behavior_with_ci.py,.py,matplotlib|pandas,,14x10,20|18,3,0.8|0.2|0.3,,,,1,1,0,1,1,0,0,0,
iclr-2026-dc7ecb0275a2,Xtra-Computing/LLM-Deception,src/summary/plot_combined_mean_analysis_with_ci.py,.py,matplotlib|pandas,,12x8,16|18|10,2,0.8|0.2|0.3|0.5,,--|round,,1,1,0,1,1,0,0,0,
iclr-2026-dc7ecb0275a2,Xtra-Computing/LLM-Deception,src/summary/plot_deceptive_behavior_with_ci.py,.py,matplotlib|pandas,#1f77b4|#2ca02c|#ff7f0e,9x7,18|20|22|16,3,0.8|0.2|0.3,,,300,1,1,0,1,1,0,0,0,
iclr-2026-dc7ecb0275a2,Xtra-Computing/LLM-Deception,src/summary/plot_deceptive_intention_with_ci.py,.py,matplotlib|pandas,#1f77b4|#2ca02c|#ff7f0e,9x7,18|16,3|2,0.8|0.2|0.3|0.7,,"round,pad=0.3|:",,1,1,0,1,1,0,0,0,
iclr-2026-dc7ecb0275a2,Xtra-Computing/LLM-Deception,src/summary/plot_followup_length.py,.py,matplotlib|pandas,,14x10,20|22|16,3|2,0.9|0.3|0.7,,--,300,1,1,0,1,1,0,0,0,
iclr-2026-dc7ecb0275a2,Xtra-Computing/LLM-Deception,src/summary/plot_integral_behavior_intention_2d.py,.py,matplotlib|pandas,,16x14,28|18|20,1.5|0.8|1.2|3|2.5|2,0.9|0.6|0.4|0.7|0.3|1.0,*,"round,pad=0.5|round,pad=0.4|->|--|:",,1,1,0,0,0,0,0,0,
iclr-2026-dc7ecb0275a2,Xtra-Computing/LLM-Deception,src/summary/plot_linked_vs_broken_diff.py,.py,matplotlib|pandas,,12x8,16|18,2,0.8|0.3|0.5,,--,,1,1,0,0,0,0,0,0,
iclr-2026-dc7ecb0275a2,Xtra-Computing/LLM-Deception,src/summary/plot_linked_vs_broken_diff_with_ci.py,.py,matplotlib|pandas,,12x8,16|18,2,0.8|0.2|0.3|0.5,,--,300,1,1,0,1,1,0,0,0,
iclr-2026-dc7ecb0275a2,Xtra-Computing/LLM-Deception,src/summary/plot_local_vs_api_geomean_comparison.py,.py,matplotlib|pandas,#1f77b4|#ff7f0e,12x8,16|18,2,0.8|0.2|0.3|0.7,,:,,1,1,0,1,1,0,0,0,
iclr-2026-dc7ecb0275a2,Xtra-Computing/LLM-Deception,src/summary/plot_temp_gap.py,.py,matplotlib|pandas,#4ECDC4|#FF6B6B,8x8,18|20|14,3,0.2|0.3,o|s,,,1,1,0,1,0,0,0,0,
iclr-2026-dedfde9d7c99,yix8/VisualPlanning,evaluation/visual_planning_evaluator.py,.py,matplotlib,,,,,,,,,0,0,0,0,0,0,0,0,
iclr-2026-df25bb895158,mit-han-lab/lpd,orders/group_sizes_lookup.json,.json,,,,,,,,,,0,0,0,0,0,0,0,0,
iclr-2026-df25bb895158,mit-han-lab/lpd,orders/lpd_order.py,.py,,,,,,,,,,0,0,0,0,0,0,0,0,
iclr-2026-df25bb895158,mit-han-lab/lpd,orders/run_lpd_order.py,.py,,,,,,,,,,0,0,0,0,0,0,0,0,
iclr-2026-e17153a60ea0,juweipku/CoCo,tSNE.py,.py,matplotlib,,,,,,.,,,0,0,0,0,0,0,0,0,
iclr-2026-e7ef44128dd8,vsitzmann/xfactor-nvs,vggt/utils/visual_track.py,.py,matplotlib,,,,,,,,,1,0,0,0,0,0,0,0,
iclr-2026-e7ef44128dd8,vsitzmann/xfactor-nvs,vggt/visual_utils.py,.py,matplotlib,,,,,,,,,0,0,0,0,0,0,0,0,
iclr-2026-eb4983c11917,https://arxiv.org/abs/2509.26625,paper.tex,.tex,plotly|latex,#0071bc,,,,,,,,0,0,0,0,0,1,1,1,
iclr-2026-eb4983c11917,https://arxiv.org/abs/2509.26625,tables/tab_a1.tex,.tex,latex,,,,,,,,,0,0,0,0,0,1,1,0,
iclr-2026-eb4983c11917,https://arxiv.org/abs/2509.26625,tables/tab_blindvisual.tex,.tex,latex,,,,,,,,,0,0,0,0,0,1,1,0,
iclr-2026-eb4983c11917,https://arxiv.org/abs/2509.26625,tables/tab_part4_1.tex,.tex,latex,,,,,,,,,0,0,0,0,0,1,0,1,
iclr-2026-eb4983c11917,https://arxiv.org/abs/2509.26625,tables/tab_part4_2.tex,.tex,latex,,,,,,,,,0,0,0,0,0,1,1,1,
iclr-2026-eb4983c11917,https://arxiv.org/abs/2509.26625,tables/tab_sec5_large.tex,.tex,latex,,,,,,,,,0,0,0,0,0,1,1,0,
iclr-2026-f448909bdd66,aigc-apps/VideoX-Fun,examples/wan2.1_causal_forcing/predict_t2v_stream.py,.py,,,,,,,,,,0,0,0,0,0,0,0,0,
iclr-2026-f448909bdd66,aigc-apps/VideoX-Fun,examples/wan2.1_self_forcing/predict_t2v_stream.py,.py,,,,,,,,,,0,0,0,0,0,0,0,0,
iclr-2026-f448909bdd66,aigc-apps/VideoX-Fun,scripts/wan2.1_causal_forcing/train_causal_dmd.py,.py,,,,,,,,,,0,0,0,0,0,0,0,0,
iclr-2026-f448909bdd66,aigc-apps/VideoX-Fun,scripts/wan2.1_self_forcing/train_distill.py,.py,,,,,,,,,,0,0,0,0,0,0,0,0,
iclr-2026-f448909bdd66,aigc-apps/VideoX-Fun,videox_fun/models/wan_transformer3d_self_forcing.py,.py,,,,,,,,,,0,0,0,0,0,0,0,0,
iclr-2026-f448909bdd66,aigc-apps/VideoX-Fun,videox_fun/pipeline/pipeline_wan_self_forcing.py,.py,,,,,,,,,,0,0,0,0,0,0,0,0,
iclr-2026-f8c3d1a8ada1,mzhmxzh/RodriguesNetwork,src/utils/robot_model.py,.py,plotly,,,,,,,,,0,0,0,0,0,0,0,0,
iclr-2026-f8c3d1a8ada1,mzhmxzh/RodriguesNetwork,tests/plotly/FK/visualize_dataset.py,.py,plotly,,,,,,,,,0,0,0,0,0,0,0,0,
iclr-2026-f8c3d1a8ada1,mzhmxzh/RodriguesNetwork,tests/plotly/FK/visualize_model.py,.py,plotly,,,,,,,,,0,0,0,0,0,0,0,0,
iclr-2026-f8c3d1a8ada1,mzhmxzh/RodriguesNetwork,tests/plotly/Motion/visualize_dataset.py,.py,plotly,,,,,,,,,0,0,0,0,0,0,0,0,
iclr-2026-f8c3d1a8ada1,mzhmxzh/RodriguesNetwork,tests/plotly/Motion/visualize_model.py,.py,plotly,,,,,,,,,0,0,0,0,0,0,0,0,
iclr-2026-f8c3d1a8ada1,mzhmxzh/RodriguesNetwork,tests/plotly/Motion/visualize_saved_dataset.py,.py,plotly,,,,,,,,,0,0,0,0,0,0,0,0,
iclr-2026-f8c3d1a8ada1,mzhmxzh/RodriguesNetwork,tests/plotly/visualize_robot_model.py,.py,plotly,,,,,,,,,0,0,0,0,0,0,0,0,
iclr-2026-f8f364a44221,open-thoughts/open-thoughts,open_thoughts_3/dcft/data_strategies/Stratos/contamination_analysis.py,.py,,,,,,,,,,0,0,0,0,0,0,0,0,
iclr-2026-f8f364a44221,open-thoughts/open-thoughts,open_thoughts_3/dcft/data_strategies/Stratos/repeated-sampling-hard/analysis.py,.py,matplotlib|pandas,,15x6,,2,0.3,o,,,1,1,0,0,0,0,0,0,
iclr-2026-f8f364a44221,open-thoughts/open-thoughts,open_thoughts_3/dcft/data_strategies/Stratos/repeated-sampling-hard/analysis_overlaid.py,.py,matplotlib|pandas,,12x6,,2,0.3,o,,,1,1,0,0,0,0,0,0,
iclr-2026-f8f364a44221,open-thoughts/open-thoughts,open_thoughts_3/dcft/data_strategies/_FIG1_Comparison/generate_scaling.py,.py,,,,,,,,,,0,0,0,0,0,0,0,0,
iclr-2026-f8f364a44221,open-thoughts/open-thoughts,open_thoughts_3/dcft/data_strategies/s1_and_LIMO/s1-plots.py,.py,matplotlib,,14x8|14x14,,,0.5|0.7,,,,0,1,0,0,0,0,0,0,
iclr-2026-f8f364a44221,open-thoughts/open-thoughts,open_thoughts_3/dcft/train/configs/s1ablation/plot_results.ipynb,.ipynb,matplotlib|pandas,,,,,,o,,,0,0,0,0,0,0,0,0,
iclr-2026-fb08cee992a1,WooooDyy/AgentGym-RL,AgentGym-RL/verl/agent_trainer/config/evaluation.yaml,.yaml,,,,,,,,,,0,0,0,0,0,0,0,0,
iclr-2026-fd78f005be2e,VITA-Group/Neon,toy_appendix.ipynb,.ipynb,matplotlib|pandas,,8x6,9,1,0.6|0.7,o,--|:|-,,1,1,0,0,0,0,0,0,
iclr-2026-fe86008e62d4,modichirag/GPT-opt,gptopt/plot_utils.py,.py,,,,,2|0.2|1.5,0.3|1.0,,--,,1,0,0,0,0,0,0,0,
iclr-2026-fe86008e62d4,modichirag/GPT-opt,plot.py,.py,matplotlib,#000000|#00518F|#008000|#61ACE5|#7FFFD4|#808080|#8A2BE2|#B3CBB9|#BE6400|#FF0000|#FF00FF|#FF6B35|#FFD700|#FFFF00,6x4|4x3,10,2|0.2,,,,,1,1,0,0,1,0,0,0,
iclr-2026-fe86008e62d4,NoahAmsel/PolarExpress,plotsforpolar.ipynb,.ipynb,matplotlib,#1f77b4|#228B22|#8A2BE2|#FF0000|#ff7f0e,9x4.5|13x5|16x4.8,14|13|10|20|16|15|11,3.5|2.5|1.2|1|1.5|4|0.5,0.85|0.2|0.55|0.07,o|s,:|--|-.|->,,0,1,0,1,1,0,0,0,
iclr-2026-fe86008e62d4,NoahAmsel/PolarExpress,polar_express.py,.py,,,,,,,,,,0,0,0,0,0,0,0,0,
iclr-2026-ff40de6c7ac1,ryttry/p-less,p_less_examples.ipynb,.ipynb,,,,,,,,,,0,0,0,0,0,0,0,0,
iclr-2026-ff40de6c7ac1,ryttry/p-less,p_less_samplers.py,.py,,,,,,,,,,0,0,0,0,0,0,0,0,
icml-2026-114dd793a5be,Nokia-Bell-Labs/steer-like-the-llm,experiments/analyze_llm_instruct_steer_results.ipynb,.ipynb,pandas|latex,,,,,,,,,0,0,0,0,0,1,0,0,
icml-2026-114dd793a5be,Nokia-Bell-Labs/steer-like-the-llm,experiments/analyze_persona_vector_results_paper.ipynb,.ipynb,matplotlib|pandas|latex,#00CED1|#2E8B57|#32CD32|#4169E1|#9932CC|#DC143C|#FF1493|#FF8C00,18x4|5x4|3x4,14|16|12|8|10,0.5|1.0|2,0.8|0.3|1.0,,,300,1,1,0,0,0,1,0,1,
icml-2026-114dd793a5be,Nokia-Bell-Labs/steer-like-the-llm,experiments/analyze_steering_vectors.ipynb,.ipynb,matplotlib,,6x5,7|8|9|6,1.5|0.8,0.2,o,--,300,1,0,0,0,0,0,0,0,png
icml-2026-114dd793a5be,Nokia-Bell-Labs/steer-like-the-llm,experiments/create_vectors_for_illustration.ipynb,.ipynb,matplotlib,#2980b9|#8e44ad|#d62728|#f5f5f5,,12|11,3.5|1,0.9|0.3|0.5|1.0,,->|:,1000,1,0,0,0,0,0,0,0,png
icml-2026-114dd793a5be,Nokia-Bell-Labs/steer-like-the-llm,experiments/plot_acc_intervention_faithfulness.ipynb,.ipynb,matplotlib,,8x4,12|11,2|1.8,0.5,,--|-,300,1,1,0,1,1,0,0,0,
icml-2026-114dd793a5be,Nokia-Bell-Labs/steer-like-the-llm,experiments/plot_acc_intervention_strength.ipynb,.ipynb,matplotlib,,,10,,,,,300,0,0,0,0,0,0,0,0,
icml-2026-114dd793a5be,Nokia-Bell-Labs/steer-like-the-llm,experiments/plot_acc_intervention_strength_examples.ipynb,.ipynb,,,,22,,,,,,0,0,0,0,0,0,0,0,
icml-2026-114dd793a5be,Nokia-Bell-Labs/steer-like-the-llm,src/ase/visualization.py,.py,,,,,,,,background-color:{color}; color:{text_color}; border: 1px solid black; padding: 0.5px; margin-top: 4px; margin-bottom: 4px,,0,0,0,0,0,0,0,0,
icml-2026-121abf6fcacd,mario-michelessa/transformers_accessibility,cell_convolution.py,.py,matplotlib|pandas,,5.2x3.5,8,1.6,0.9|0.2|0.3,o,,,1,1,0,0,1,0,0,0,
icml-2026-121abf6fcacd,mario-michelessa/transformers_accessibility,cell_volume_tests.ipynb,.ipynb,matplotlib|seaborn|pandas,#177517|#215E8C|#45a1e2|#4aac7b|#87adf0|#934fd3|#ec8333,6x4|14x5,10|8,0.4,0.6|0.3|1|0.1|0.85|0.9|0.2,,--,150,1,1,0,0,1,0,0,0,
icml-2026-121abf6fcacd,mario-michelessa/transformers_accessibility,copying/parent_copy_artifacts.py,.py,matplotlib,#2d8f2d|#7b2cbf,6.5x4.0,,2,0.2|0.3,o,:,,1,1,0,1,0,0,0,0,
icml-2026-121abf6fcacd,mario-michelessa/transformers_accessibility,copying/run_copy_length_generalization.py,.py,,,,,,,,,,0,0,0,0,0,0,0,0,
icml-2026-121abf6fcacd,mario-michelessa/transformers_accessibility,cramming/plots_accessibility.ipynb,.ipynb,matplotlib|pandas,,12x4,10|9,1,1|0.3|0.35|0.9,x,-|:|--,,1,1,0,0,0,0,0,0,pdf
icml-2026-121abf6fcacd,mario-michelessa/transformers_accessibility,cramming/replicability.py,.py,matplotlib|pandas,,8x5,,,0.3,o,,,1,1,0,0,0,0,0,0,
icml-2026-121abf6fcacd,mario-michelessa/transformers_accessibility,generate_embeddings.py,.py,,,,,,,,,,0,0,0,0,0,0,0,0,
icml-2026-121abf6fcacd,mario-michelessa/transformers_accessibility,th_bounds_estimation.ipynb,.ipynb,matplotlib|pandas,,,10,,,o,-|:|--,200,0,1,0,0,0,0,0,0,pdf
icml-2026-121abf6fcacd,mario-michelessa/transformers_accessibility,voronoi_visualizer/embedding_space_visualizer.py,.py,matplotlib,,,10|9,,0.8|0.9|0.3,o,"round,pad=0.5",,1,1,0,0,0,0,0,0,
icml-2026-121abf6fcacd,mario-michelessa/transformers_accessibility,voronoi_visualizer/simple_plane_visualization_example.py,.py,matplotlib,,,,,,,,,0,0,0,0,0,0,0,0,
icml-2026-121abf6fcacd,mario-michelessa/transformers_accessibility,voronoi_visualizer/token_partition_analyzer.py,.py,,,,,,,,,,0,0,0,0,0,0,0,0,
icml-2026-121abf6fcacd,mario-michelessa/transformers_accessibility,voronoi_visualizer/voronoi_volume.py,.py,,,,,,,,,,0,0,0,0,0,0,0,0,
icml-2026-12ceaf196f4d,CheKaiWei/ETTFS,Code/FashionMNIST/visualization.py,.py,matplotlib,,18x12,18,,,,,300,0,0,0,0,0,0,0,0,
icml-2026-12ceaf196f4d,CheKaiWei/ETTFS,Code/MNIST/visualization.py,.py,matplotlib,,18x12,18,,,,,300,0,0,0,0,0,0,0,0,
icml-2026-13200752b19d,CSU-JPG/VJA,src/models/qwen_image_edit_safe.py,.py,,,,,,,,,,0,0,0,0,0,0,0,0,
icml-2026-13200752b19d,CSU-JPG/VJA,src/run.py,.py,,,,,,,,,,0,0,0,0,0,0,0,0,
icml-2026-1c5182bdf0c8,cvenhoff/thinking-llms-interp,figures/make_hybrid_example_figure_orz32b.py,.py,matplotlib,#0D0D0D|#111111|#1A1A1A|#1A5276|#1B7E34|#1E8449|#222222|#444444|#4472C4|#555555|#5B2C8F|#666666|#7D3C98|#7D6608|#B4D8F0|#B4E8C8|#C0392B|#CA6F1E|#CCCCCC|#CEB4E8|#D8C4EC|#DDDDDD|#F7F8FA|#F8ECA4|#FAC8CC|#FCDEA4,,7.0,0.7|0.6,0.82,,"round,pad=0.008|square,pad=0|italic|round,pad=0.003|round,pad=0.006|round,pad=0.002",180,0,0,0,0,0,0,0,0,
icml-2026-1c5182bdf0c8,cvenhoff/thinking-llms-interp,figures/orz32b_example371_token_info.json,.json,,,,,,,,,,0,0,0,0,0,0,0,0,
icml-2026-1c5182bdf0c8,cvenhoff/thinking-llms-interp,figures/plot_ablation_bars.py,.py,matplotlib,#4C78A8|#C0392B|#f2f2f2,6.8x5.0,12|13|15|17,1.0|0.8|0.5,0.25,,,200,1,1,0,0,0,0,0,0,pdf|png
icml-2026-1c5182bdf0c8,cvenhoff/thinking-llms-interp,figures/render_loss_curves_qa_instr_h512.py,.py,matplotlib,#444444|#cccccc,3.5x2.9|7.2x2.65,9|6.5|8.5|7.0,1.6|1.5,0.93,,,,0,1,0,0,0,0,0,0,
icml-2026-1c5182bdf0c8,cvenhoff/thinking-llms-interp,figures/render_result_tables.py,.py,matplotlib,#2f4b7c|#c9ced6|#eef3fb|#fbeeee|#ffe9c7,,13|12.5,1.2,,,italic,200,0,0,0,0,0,0,0,0,
icml-2026-1c5182bdf0c8,cvenhoff/thinking-llms-interp,train-saes/appendix_tables.py,.py,latex,,,,,,,,,0,0,0,0,0,1,0,1,
icml-2026-1c5182bdf0c8,cvenhoff/thinking-llms-interp,train-saes/visualize_clusters_beautified.py,.py,matplotlib|seaborn,#1e8449|#284c86|#2b2b2b|#2C6FB5|#2E8B57|#3a3a3a|#6f93c6|#9aa0a6|#b5342b|#c0392b|#C0392B|#c4c8cc|#c9d6ea|#dd8a6f|#f2b705|#f3d9c9|#f7f7f4|#f7f7f9,,18|20|25|19,3.2|0.0,0.16,s,"round,pad=0.0,rounding_size=0.18",200,0,1,0,0,0,0,0,0,
icml-2026-1d55d472edbc,BML-Technion/accuracy_auctions,exp_knn.py,.py,matplotlib|pandas,,6x4,12|13,,,o,,,1,1,0,0,0,0,0,0,pdf|png
icml-2026-1d55d472edbc,BML-Technion/accuracy_auctions,notebooks/bias_variance_graphs.ipynb,.ipynb,matplotlib|pandas,#1f77b4|#2ca02c|#8c564b|#9467bd|#d62728|#ff7f0e,14x5,14|15,2,0.5,o,--,,1,1,0,0,0,0,0,0,eps|pdf|png
icml-2026-1d55d472edbc,BML-Technion/accuracy_auctions,notebooks/create_graphs.ipynb,.ipynb,matplotlib|pandas,,13x3.2|3.65x3.65|3.75x3.75|3.5x4|3.8x4,12|10|8|9|14|11,,0.3,o|s|^,-,300,1,1,0,0,0,0,0,0,eps|pdf|png
icml-2026-1d55d472edbc,BML-Technion/accuracy_auctions,notebooks/payment_calculation.ipynb,.ipynb,matplotlib|pandas,,8x6|10x6,,2,0.3|0.6|0.7,,--,300,1,0,0,0,0,0,0,0,
icml-2026-1d55d472edbc,BML-Technion/accuracy_auctions,notebooks/schematic_diagram.ipynb,.ipynb,matplotlib,,9.5x2,,,0.3|0.2,,,,0,0,0,0,0,0,0,0,pdf
icml-2026-1dfcf4c8869d,RickZack/FlexRank,flextrain/src/flextrain/utils/plot.py,.py,matplotlib,,10x4|5x4,,1.8,0.5,*,:,,1,1,0,0,0,0,0,0,
icml-2026-1dfcf4c8869d,RickZack/FlexRank,notebooks/linear_models.ipynb,.ipynb,matplotlib,,6x4|7x4.5,,,0.25,o|x,--,200,0,1,0,0,0,0,0,0,png
icml-2026-1e762aa63b55,https://arxiv.org/abs/2510.14865,example_paper.tex,.tex,latex,,,,,,,,,0,0,0,0,0,1,0,1,
icml-2026-21bf37d1d47a,Naomi-Ding/BHPI,BHPI.m,.m,,,,,,10,,,,0,0,0,0,0,0,0,0,
icml-2026-21bf37d1d47a,Naomi-Ding/BHPI,helper/simu_data_gen.m,.m,,,,,,,,,,0,0,0,0,0,0,0,0,
icml-2026-21bf37d1d47a,Naomi-Ding/BHPI,helper/simulate_mechanisms.m,.m,,,,,,,,,,0,0,0,0,0,0,0,0,
icml-2026-21bf37d1d47a,Naomi-Ding/BHPI,helper/simulate_mixed_hypergraph.m,.m,,,,,,,,,,0,0,0,0,0,0,0,0,
icml-2026-21bf37d1d47a,Naomi-Ding/BHPI,simulate_design.m,.m,,,,,,10,,,,0,0,0,0,0,0,0,0,
icml-2026-2801956159d6,aailab-kaist/Diffusion-LiDAR-Sampling,LiDAR_sampling.py,.py,matplotlib,,,,,,,,,0,0,0,0,0,0,0,0,
icml-2026-2801956159d6,https://arxiv.org/src/2602.03211,appendix.tex,.tex,latex,,,,,,,,,0,0,0,0,0,1,1,1,
icml-2026-2801956159d6,https://arxiv.org/src/2602.03211,camera_ready.tex,.tex,latex,,,,,,,,,0,0,0,0,0,1,0,1,
icml-2026-2801956159d6,aailab-kaist/Diffusion-LiDAR-Sampling,fkd_diffusers/rewards.py,.py,,,,,,,,,,0,0,0,0,0,0,0,0,
icml-2026-2801956159d6,aailab-kaist/Diffusion-LiDAR-Sampling,lookahead_sampling.py,.py,matplotlib,,20x20,,,,,,,0,0,0,0,0,0,0,0,
icml-2026-2801956159d6,zacharyhorvitz/Fk-Diffusion-Steering,text_to_image/fkd_diffusers/rewards.py,.py,,,,,,,,,,0,0,0,0,0,0,0,0,
icml-2026-2b91f2863fcf,zexiJia/MoG,MoG/experiments/toy_experiment.py,.py,matplotlib|seaborn,#1F77B4|#2CA02C|#606060|#D62728|#FF7F0E,14x6,12|10|11,1.2|3.0|3.5|1.5|1.0|3|2.5,0.2|0.5|0.9|0.3,o|*,white,300|150,1,1,0,0,0,0,0,0,pdf|png
icml-2026-32a8402c370d,CyberAgentAILab/asymmetrically-perturbed-gda,efg/algorithm/asymp_dgda.py,.py,,,,,,,,,,0,0,0,0,0,0,0,0,
icml-2026-32a8402c370d,CyberAgentAILab/asymmetrically-perturbed-gda,nfg/runner/runner.py,.py,,,,,,,,,,0,0,0,0,0,0,0,0,
icml-2026-32a8402c370d,CyberAgentAILab/asymmetrically-perturbed-gda,nfg/scripts/dump_brps_trajectory.py,.py,pandas,,,,,,,,,0,0,0,0,0,0,0,0,
icml-2026-32a8402c370d,CyberAgentAILab/asymmetrically-perturbed-gda,notebooks/brps_ternary.ipynb,.ipynb,matplotlib|pandas,#1f77b4|#2ca02c|#d62728|#ff7f0e,13x7|13x6|18x8,12|16|24,2.0|1,,o,-,80,0,0,0,0,0,0,0,0,pdf
icml-2026-4e1dcbf5b839,XuHuangbiao/LIMSSR,main_llm.py,.py,,,,,,,,,,0,0,0,0,0,0,0,0,
icml-2026-4e1dcbf5b839,XuHuangbiao/LIMSSR,models/llm_aqa_model.py,.py,,,,,,32,,,,0,0,0,0,0,0,0,0,
icml-2026-4e7a98266982,guanton/WLM,plot_utils.py,.py,matplotlib,#1f77b4|#333333|#5BA7D9|#9B5DE5|#ff7f0e,6x6|8x8|14x6|10x4|5x5,9|11|10|8|7|12,1.5|2,0.7|0.6|0.75|0.8|0.45|0.2|0.5|0.3|0.4|0.12|0.25|0.35,x|o,--|None,110,1,1,0,0,0,0,0,0,
icml-2026-500e61245eb4,MachineLearning-Nerd/icml26-auction-revenue,source/tex/main.arxiv.tex,.tex,latex,,,,,,,,,0,0,0,0,0,0,0,0,
icml-2026-57d6cc1a187d,https://research.nvidia.com/labs/sil/projects/MOTIVE/,videos/paper_figures/pipeline-bottom.svg,.svg,,#333333|#53A114|#B6DA7A|#B8B8B8|#BCBBBB|#C0EEB6|#C7E8B4|#C8F4A2|#C9C9C9|#CFF0C3|#CFF5A5|#D0F1AD|#DEDEDE|#E0F7A6|#E2F8A0|#E3F49C|#E3F5A7|#E6F598|#E7F59A|#E8F792|#E9F8A1|#EDF59A|#EDF69D|#EEF59C|#EFF4EF|#EFF69B|#F1F995|#F2F995|#F4F68B|#F4F695|#F4F993|#F7E7AA|#F7F882|#F8F988|#FFDEDE,,,,,,mask-type:luminance,,0,0,0,0,0,0,0,0,
icml-2026-57d6cc1a187d,https://research.nvidia.com/labs/sil/projects/MOTIVE/,videos/paper_figures/pipeline-top.svg,.svg,,#300604|#A8ACB8|#B6DA7A|#B8B8B8|#BCA0A0|#C05F5F|#C4C4C4|#DC7171|#DDF8E5|#E36767|#EAC1C1|#EEAE9B|#F1E1E1|#F1F1F1|#F2D6D6|#FAB726|#FEC63B|#FED34F|#FFDEDE|#FFE16E|#FFEB88|#FFF5B9,,,,,,mask-type:luminance,,0,0,0,0,0,0,0,0,
icml-2026-67206cc61e49,samuelstanton/conformal-policy-control,QA_expts/plot_medical_QA_results.ipynb,.ipynb,matplotlib|pandas,#2166ac|#5ab4ac|#d73027,6x5,,2,0.5,,--|:,300,0,1,0,1,0,0,0,0,pdf
icml-2026-67206cc61e49,samuelstanton/conformal-policy-control,cbo/cpc_cbo_plot_results.ipynb,.ipynb,matplotlib,#5ab4ac,6x5,8,3,,x,,300,0,1,0,0,0,0,0,0,pdf
icml-2026-67206cc61e49,samuelstanton/conformal-policy-control,cbo/cpc_cbo_plot_utils.py,.py,matplotlib,#2166ac|#5ab4ac|#d73027,8x10|4x2.5,18,2.5|1.5,0.2|0.75|0.3,,:|--,300,1,1,0,1,0,0,0,0,pdf
icml-2026-67206cc61e49,samuelstanton/conformal-policy-control,constrained_AL/MFCS_SplitCP_AL_PlotFigures_20260118.ipynb,.ipynb,matplotlib|pandas,#2166ac|#377eb8|#4daf4a|#5ab4ac|#984ea3|#999999|#a65628|#d73027|#dede00|#e41a1c|#f781bf|#ff7f00,0x0,20|14,3|2|1.5,0.2|1.0|0.5,s|v|o,:,300|200,1,1,1,1,0,0,0,0,pdf
icml-2026-67206cc61e49,samuelstanton/conformal-policy-control,cpc_llm/plot_cpc_llm_results.ipynb,.ipynb,matplotlib|pandas,#2166ac|#5ab4ac|#d73027,,14,2,0.2|0.85|0.8,,:|--|-,100|300,0,1,1,1,0,0,0,0,pdf
icml-2026-67206cc61e49,samuelstanton/conformal-policy-control,visuals/AcceptRejectSampling_InterpolationPlots.ipynb,.ipynb,matplotlib,,8x7,24|16|14,4,0.1|0.75|0.5,,,200,0,1,0,0,0,0,0,0,
icml-2026-67206cc61e49,samuelstanton/conformal-policy-control,visuals/CPC_search_and_sampling_animation.ipynb,.ipynb,matplotlib,#123456|#2166ac|#5ab4ac|#d73027,8x7|16x7|13x16|16x11,24|16|14|18,4|3,0.1|0.75|0.5|0.4|0.3,o,--|:|-,200|300,1,1,0,1,1,0,0,0,
icml-2026-67206cc61e49,samuelstanton/conformal-policy-control,visuals/GCRC_synthetic_nonmonotonic_losses_Fig2.ipynb,.ipynb,matplotlib,#2166ac,6x5,,3,0.5|0.9|0.3|0.75,X|o,--,300,0,1,0,1,0,0,0,0,pdf
icml-2026-71db38223110,JerrySoybean/facrnn,facrnn/monkey_nonlinear/conv.ipynb,.ipynb,matplotlib|seaborn|pandas,,12x4|12x1.5,,0|0.5,1,,,,0,0,0,0,0,0,0,0,pdf
icml-2026-71db38223110,JerrySoybean/facrnn,facrnn/synthetic_rnn_input/benchmark.ipynb,.ipynb,matplotlib|seaborn|pandas,,12x6|12x2|12x3|12x3.2|12x4,,3,0.5,,round,,0,1,0,0,0,0,0,0,pdf
icml-2026-71db38223110,JerrySoybean/facrnn,facrnn/voltage_temporal/visualization.ipynb,.ipynb,,,,,,,,,,0,0,0,0,0,0,0,0,
icml-2026-73ef6e227632,ferhaterata/learning-randomized-reductions,evaluation/create_table.py,.py,matplotlib,,,10|12,,,,,,0,0,0,0,0,0,0,0,
icml-2026-73ef6e227632,ferhaterata/learning-randomized-reductions,results/Bitween-Results(Sheet1-ICML).csv,.csv,,,,,,,,,,0,0,0,0,0,0,0,0,
icml-2026-73ef6e227632,ferhaterata/learning-randomized-reductions,results/Bitween-Results(Sheet1-ICML-Algebraic).csv,.csv,,,,,,,,,,0,0,0,0,0,0,0,0,
icml-2026-756c559690e6,https://arxiv.org/abs/2602.22809,camera_ready.tex,.tex,latex,,,,,,,,,0,0,0,0,0,0,1,1,
icml-2026-860833b2a4ca,https://arxiv.org/abs/2602.11072,main.tex,.tex,latex,,,,,,,,,0,0,0,0,0,0,0,0,
icml-2026-860833b2a4ca,https://arxiv.org/abs/2602.11072,sections/appendix.tex,.tex,latex,,,,,,,,,0,0,0,0,0,1,1,0,
icml-2026-860833b2a4ca,https://arxiv.org/abs/2602.11072,sections/experiments.tex,.tex,latex,,,,,0.4|0.5,,,,0,0,0,0,0,1,1,0,
icml-2026-860833b2a4ca,https://arxiv.org/abs/2602.11072,sections/method.tex,.tex,latex,,,,,,,,,0,0,0,0,0,0,0,0,
icml-2026-8b22afb8c5ae,MachineLearning-Nerd/icml26-spectral-minimax-rates,repro/src/experiments.py,.py,matplotlib,,11x8|11x4.2|7.5x4.5,8,,,o|s,,170,0,1,1,0,1,0,0,0,
icml-2026-8b22afb8c5ae,MachineLearning-Nerd/icml26-spectral-minimax-rates,repro/src/spectral.py,.py,,,,,,,,,,0,0,0,0,0,0,0,0,
icml-2026-93e4d45740d5,rhwxmx/SECNet_ICML,DHP19/tools/image_save.py,.py,,,,,,,,,,0,0,0,0,0,0,0,0,
icml-2026-9407bcbd715b,BapFr/Exact-Functional-ANOVA-Decomposition-for-Categorical-Inputs-Models,Exp-1.ipynb,.ipynb,,,,,,1,,,,0,0,0,0,0,0,0,0,
icml-2026-9407bcbd715b,BapFr/Exact-Functional-ANOVA-Decomposition-for-Categorical-Inputs-Models,Exp-2 (car evaluation).ipynb,.ipynb,pandas,,,,,,,,,0,0,0,0,0,0,0,0,
icml-2026-9407bcbd715b,BapFr/Exact-Functional-ANOVA-Decomposition-for-Categorical-Inputs-Models,Exp-2 (nursery).ipynb,.ipynb,pandas,,,,,,,,,0,0,0,0,0,0,0,0,
icml-2026-9407bcbd715b,BapFr/Exact-Functional-ANOVA-Decomposition-for-Categorical-Inputs-Models,Exp-3 (mushrooms).ipynb,.ipynb,matplotlib|pandas,#333333|#444444,8x4.5,13|9,,0.9|0.5,,:,,1,0,0,0,0,0,0,0,pdf
icml-2026-9407bcbd715b,BapFr/Exact-Functional-ANOVA-Decomposition-for-Categorical-Inputs-Models,Exp-4 (connect-4).ipynb,.ipynb,pandas,,,,,,,,,0,0,0,0,0,0,0,0,
icml-2026-9407bcbd715b,BapFr/Exact-Functional-ANOVA-Decomposition-for-Categorical-Inputs-Models,Exp-4 (dota).ipynb,.ipynb,pandas,,,,,,,,,0,0,0,0,0,0,0,0,
icml-2026-9407bcbd715b,BapFr/Exact-Functional-ANOVA-Decomposition-for-Categorical-Inputs-Models,Exp-4 (poker).ipynb,.ipynb,pandas,,,,,,,,,0,0,0,0,0,0,0,0,
icml-2026-9407bcbd715b,BapFr/Exact-Functional-ANOVA-Decomposition-for-Categorical-Inputs-Models,Exp-5 (mnist).ipynb,.ipynb,matplotlib,#008bfb|#dbdbdb|#ff0051,10x3.5,,,0.8|0.6,,,,0,0,0,0,0,0,0,0,pdf
icml-2026-9407bcbd715b,BapFr/Exact-Functional-ANOVA-Decomposition-for-Categorical-Inputs-Models,Exp-TreeHFD.ipynb,.ipynb,,,,,,,,,,0,0,0,0,0,0,0,0,
icml-2026-942a8496990b,laschulz/pcfg-transformer-learning,src/analysis_hierarchy.py,.py,matplotlib,,4.8x3|10x6,,,0.4|0.3,o,-,300,1,1,0,0,0,0,0,0,png
icml-2026-942a8496990b,laschulz/pcfg-transformer-learning,src/cka_analysis.py,.py,matplotlib|seaborn|pandas,,14x10|10x6|12x10,10,0,0.85|0.7,,round,300,0,0,0,0,0,0,0,0,png
icml-2026-942a8496990b,laschulz/pcfg-transformer-learning,src/def_pcfgs.py,.py,,,,,,,,,,0,0,0,0,0,0,0,0,
icml-2026-942a8496990b,laschulz/pcfg-transformer-learning,src/depth_recursion_exp.py,.py,matplotlib,#002FD8|#80A0DB,4.5x3,,1|2.5,0.5|0.2,,,300,0,1,0,0,0,0,0,0,
icml-2026-942a8496990b,laschulz/pcfg-transformer-learning,src/kl.py,.py,matplotlib,,4.8x3,,,,,,300,0,1,0,0,0,0,0,0,png
icml-2026-942a8496990b,laschulz/pcfg-transformer-learning,src/plot.py,.py,matplotlib|pandas,,4x3|4.3x3,18,,0.6,,,300,0,1,0,0,0,0,0,0,png
icml-2026-97ca1f9966be,ywwes26/Auxiliary-MCMC,eval/ess_gaussian_20d.jl,.jl,,,,,,,,,,0,0,0,0,0,0,0,0,
icml-2026-97ca1f9966be,ywwes26/Auxiliary-MCMC,eval/ess_robust_reg.jl,.jl,,,,,,,,,,0,0,0,0,0,0,0,0,
icml-2026-97ca1f9966be,ywwes26/Auxiliary-MCMC,eval/ks_gaussian_20d.jl,.jl,,,,,,,,,,0,0,0,0,0,0,0,0,
icml-2026-97ca1f9966be,ywwes26/Auxiliary-MCMC,scripts/run_bayes_logistic_reg.jl,.jl,,,,,,,,,,0,0,0,0,0,0,0,0,
icml-2026-97ca1f9966be,ywwes26/Auxiliary-MCMC,scripts/run_gaussian_20d.jl,.jl,,,,,,,,,,0,0,0,0,0,0,0,0,
icml-2026-97ca1f9966be,ywwes26/Auxiliary-MCMC,scripts/run_robust_reg.jl,.jl,,,,,,,,,,0,0,0,0,0,0,0,0,
icml-2026-b4d312dbe2a3,ByteDance-Seed/par-protein,compute_motif_success.py,.py,pandas,,,,,,,,,0,0,0,0,0,0,0,0,
icml-2026-b4d312dbe2a3,ByteDance-Seed/par-protein,configs/experiment_config/inference_motif_zero_shot.yaml,.yaml,,,,,,,,,,0,0,0,0,0,0,0,0,
icml-2026-b4d312dbe2a3,ByteDance-Seed/par-protein,configs/experiment_config/inference_rmsd_par.yaml,.yaml,,,,,,,,,,0,0,0,0,0,0,0,0,
icml-2026-b4d312dbe2a3,ByteDance-Seed/par-protein,configs/model/ca_par_60m.yaml,.yaml,,,,,,,,,,0,0,0,0,0,0,0,0,
icml-2026-b4d312dbe2a3,ByteDance-Seed/par-protein,example_compute_metric.ipynb,.ipynb,pandas,,,,,,,,,0,0,0,0,0,0,0,0,
icml-2026-b4d312dbe2a3,ByteDance-Seed/par-protein,example_motif_scaffold.ipynb,.ipynb,,,,,,,,,,0,0,0,0,0,0,0,0,
icml-2026-b4d312dbe2a3,ByteDance-Seed/par-protein,example_multi_scale_generation.ipynb,.ipynb,,,,,,,,,,0,0,0,0,0,0,0,0,
icml-2026-b4d312dbe2a3,ByteDance-Seed/par-protein,example_prompt_generation.ipynb,.ipynb,,,,,,,,,,0,0,0,0,0,0,0,0,
icml-2026-b4d312dbe2a3,ByteDance-Seed/par-protein,script_utils/motif_scaffold/copy_paste_into_latex.py,.py,pandas,,,,,,,,,0,0,0,0,0,0,0,0,
icml-2026-b8bfc5f3f2ec,jeakwon/ai-engram,examples/fig_llm_tofu.ipynb,.ipynb,matplotlib|pandas,#8e1b0e|#e74c3c,9.5x6,9|11,,0.2,x|^|*,,,1,1,0,0,0,0,0,0,png
icml-2026-b8bfc5f3f2ec,jeakwon/ai-engram,examples/fig_mlp_mnist.ipynb,.ipynb,matplotlib|seaborn|pandas,,6x4.5,,,,,,300,0,0,0,0,0,0,0,0,png
icml-2026-b8bfc5f3f2ec,jeakwon/ai-engram,examples/fig_resnet18_cifar10.ipynb,.ipynb,matplotlib|seaborn|pandas,,6x4.5,,,,,,300,0,0,0,0,0,0,0,0,png
icml-2026-c61e72161d50,rajatvd/flash-sketch-arxiv,analysis/figures_src/ablation/common.py,.py,,,,10,,,,,,0,0,0,0,0,0,0,0,
icml-2026-c61e72161d50,rajatvd/flash-sketch-arxiv,analysis/figures_src/ablation/plotting.py,.py,matplotlib,,,,2.0|0.8|0.4,1.0|0.25,,-|none,300,1,1,0,0,1,0,0,0,
icml-2026-c61e72161d50,rajatvd/flash-sketch-arxiv,analysis/figures_src/camera_ready/plotting.py,.py,matplotlib,,,,0.8|0.4|1.2,0.25,,->|none,300,1,1,0,0,1,0,0,0,
icml-2026-c61e72161d50,rajatvd/flash-sketch-arxiv,analysis/figures_src/fig_ablation_gram/config_nolegend.py,.py,,,,,,,,,,0,0,0,0,0,0,0,0,
icml-2026-c61e72161d50,rajatvd/flash-sketch-arxiv,analysis/figures_src/fig_ablation_legend/make_figure.py,.py,,,,,,,,,,0,0,0,0,0,0,0,0,
icml-2026-c61e72161d50,rajatvd/flash-sketch-arxiv,analysis/figures_src/fig_ablation_ose/config_nolegend.py,.py,,,,,,,,,,0,0,0,0,0,0,0,0,
icml-2026-c61e72161d50,rajatvd/flash-sketch-arxiv,analysis/figures_src/fig_ablation_ose/make_figure_nolegend.py,.py,,,,,,,,,,0,0,0,0,0,0,0,0,
icml-2026-c61e72161d50,rajatvd/flash-sketch-arxiv,analysis/figures_src/fig_e2e_camera_ready/make_figure.py,.py,,,,,,,,,,0,0,0,0,0,0,0,0,
icml-2026-c61e72161d50,rajatvd/flash-sketch-arxiv,analysis/figures_src/fig_grass_camera_ready/make_figure.py,.py,matplotlib,,,,1.0|0.4|1.6|0.3,0.9|0.25|0.3,,-|none|--,300,1,1,1,0,0,0,0,0,
icml-2026-c61e72161d50,rajatvd/flash-sketch-arxiv,analysis/figures_src/method_colors.py,.py,,#000000|#1f77b4|#2ca02c|#5254a3|#d62728|#ff7f0e,,,,,,,,0,0,0,0,0,0,0,0,
icml-2026-c61e72161d50,rajatvd/flash-sketch-arxiv,analysis/figures_src/method_labels.py,.py,,,,,,,,,,0,0,0,0,0,0,0,0,
icml-2026-c61e72161d50,rajatvd/flash-sketch-arxiv,analysis/figures_src/plot_styles.py,.py,,,,,2.0|2.4,1.0,,,,0,0,0,0,0,0,0,0,
icml-2026-c65beb96fda3,tunglm2203/votp,external_packages/Metaworld/metaworld/envs/mujoco/sawyer_xyz/visual/__init__.py,.py,,,,,,,,,,0,0,0,0,0,0,0,0,
icml-2026-c65beb96fda3,tunglm2203/votp,external_packages/Metaworld/scripts/plot_rewards_returns.ipynb,.ipynb,matplotlib|seaborn|pandas,,6.75x4,,.5,,,--,,0,0,0,0,0,0,0,0,
icml-2026-c65beb96fda3,tunglm2203/votp,external_packages/Metaworld/scripts/plot_rewards_returns_noise_3D.ipynb,.ipynb,matplotlib|seaborn,,12x5,,,,,,,0,0,0,0,0,0,0,0,
icml-2026-c65beb96fda3,tunglm2203/votp,research/utils/plotter.py,.py,matplotlib|seaborn|pandas,,,,,,,white|--,,0,1,1,0,0,0,0,0,
icml-2026-c8e95f98721b,Timo-SH/exact_nar,graphgen.py,.py,,,,,,,,,,0,0,0,0,0,0,0,0,
icml-2026-c8e95f98721b,Timo-SH/exact_nar,main.py,.py,pandas,,,,,,,,,0,0,0,0,0,0,0,0,
icml-2026-c8e95f98721b,Timo-SH/exact_nar,model.py,.py,,,,,,,,,,0,0,0,0,0,0,0,0,
icml-2026-ca6b03466916,tajwarfahim/maxrl,verl/cifar10_experiments/plots/plot.py,.py,matplotlib,,,,,,,,200,0,0,0,0,0,0,0,0,
icml-2026-ca6b03466916,tajwarfahim/maxrl,verl/cifar10_experiments/population_based_rl_objective_experiments.py,.py,,,,,,,,,,0,0,0,0,0,0,0,0,
icml-2026-cbc92221e73f,MachineLearning-Nerd/icml26-grokking,source/arxiv/grokking_ridge_regression.tex,.tex,latex,,,,,,,,,0,0,0,0,0,0,0,1,
icml-2026-cca969cd8cab,agopal42/pope,freq_analysis.ipynb,.ipynb,matplotlib|seaborn,,16x7,16|14|12,,,,seaborn-v0_8-white,300,0,0,0,0,0,0,0,0,png
icml-2026-cca969cd8cab,agopal42/pope,plots.ipynb,.ipynb,matplotlib|pandas,,2x4|8x5|4x5,12|14|10|16|9,1,0.8|0.3|0.6,s,:,300,1,1,1,0,0,0,0,0,png
icml-2026-d6b2488d4518,aiha-lab/ReQAT,deploy/trtllm/bench_throughput.py,.py,,,,,,,,,,0,0,0,0,0,0,0,0,
icml-2026-d6b2488d4518,aiha-lab/ReQAT,methods/daroc/auto_scale.py,.py,,,,,,,,,,0,0,0,0,0,0,0,0,
icml-2026-d6b2488d4518,aiha-lab/ReQAT,methods/daroc/pre_quant.py,.py,,,,,,,,,,0,0,0,0,0,0,0,0,
icml-2026-d6b2488d4518,aiha-lab/ReQAT,training/reqat/custom_trainer.py,.py,,,,,,,,,,0,0,0,0,0,0,0,0,
icml-2026-d6b2488d4518,aiha-lab/ReQAT,training/reqat/trackio.ipynb,.ipynb,matplotlib|pandas,,10x6,,,,,,,0,1,0,0,0,0,0,0,
icml-2026-e0395b78826d,Human-Centric-Machine-Learning/token-pricing,notebooks/appendix_example.ipynb,.ipynb,matplotlib|seaborn|pandas,,,,,,,,,0,0,0,0,0,0,0,0,
icml-2026-e0395b78826d,Human-Centric-Machine-Learning/token-pricing,notebooks/cpt.ipynb,.ipynb,matplotlib|seaborn,,,,1|1.5|2,1|0.7|0.9|0.8,,ticks|--|:,300,0,1,0,0,0,0,0,0,pdf
icml-2026-e0395b78826d,Human-Centric-Machine-Learning/token-pricing,notebooks/energy_profit_plots.ipynb,.ipynb,matplotlib|seaborn|pandas,,,12|7.5,0.5,0.5|0.2,o,ticks|band|-|--,300,0,1,0,1,0,0,0,0,pdf
icml-2026-e0395b78826d,Human-Centric-Machine-Learning/token-pricing,notebooks/plot_profit_no_transparency.ipynb,.ipynb,matplotlib|seaborn,,,14,1,,,ticks|-,300,0,0,0,0,0,0,0,0,
icml-2026-e0395b78826d,Human-Centric-Machine-Learning/token-pricing,notebooks/plots_heur_new.ipynb,.ipynb,matplotlib|seaborn|pandas,,,7.5|13,0.5|0.7,0.2,o,ticks|band|-|--,300,0,1,0,1,0,0,0,0,
icml-2026-e0395b78826d,Human-Centric-Machine-Learning/token-pricing,notebooks/plots_heur_random.ipynb,.ipynb,matplotlib|seaborn|pandas,,,7.5|14,0.5,0.2,o,ticks|band|-,300,0,1,0,1,0,0,0,0,
icml-2026-e0395b78826d,Human-Centric-Machine-Learning/token-pricing,src/utils.py,.py,matplotlib,,,10,,,,,,0,0,0,0,0,0,0,0,
icml-2026-eb5aba1da40d,SprocketLab/hybrid-expressivity,constructions/construction_decode_recall.ipynb,.ipynb,matplotlib,,,,,,,,,0,0,0,0,0,0,0,0,pdf
icml-2026-eb5aba1da40d,SprocketLab/hybrid-expressivity,constructions/construction_var_copy.ipynb,.ipynb,matplotlib,,,,,,,,,0,0,0,0,0,0,0,0,pdf
icml-2026-eb5aba1da40d,SprocketLab/hybrid-expressivity,micro/plt_utils.py,.py,matplotlib,,,,,0.08,,dashed,,0,1,0,1,0,0,0,0,
icml-2026-eb5aba1da40d,SprocketLab/hybrid-expressivity,micro/process.ipynb,.ipynb,matplotlib,#4C72B0|#55A868|#64B5CD|#8172B2|#C44E52|#CCB974|#dddddd|#fafafa,,,,,,,,0,0,0,0,0,0,0,0,
icml-2026-eb5aba1da40d,SprocketLab/hybrid-expressivity,micro_hf/plt_utils.py,.py,matplotlib,,,,,0.08,,dashed,,0,1,0,1,0,0,0,0,
icml-2026-eb5aba1da40d,SprocketLab/hybrid-expressivity,micro_hf/process.ipynb,.ipynb,,,,,,,,,,0,0,0,0,0,0,0,0,
icml-2026-eb5aba1da40d,SprocketLab/hybrid-expressivity,mini/process.ipynb,.ipynb,,,,,,,,,,0,0,0,0,0,0,0,0,
icml-2026-ed7dc4e0461b,insait-institute/broken-math,data/results/sycophancy_hint.csv,.csv,,,,,,,,,,0,0,0,0,0,0,0,0,
icml-2026-f1190e536fe9,cognichip/Noisy-RL,code/simulation/01_phase_transition_simulation.ipynb,.ipynb,matplotlib|seaborn,,14x5,14,2,,,seaborn-v0_8-whitegrid,,0,1,0,0,0,0,0,0,
icml-2026-f1190e536fe9,cognichip/Noisy-RL,code/simulation/02_simplex_flow.ipynb,.ipynb,matplotlib|seaborn,,15x5,10|14,2|1.5,0.6,x,seaborn-v0_8-whitegrid,,0,0,0,0,0,0,0,0,
icml-2026-f1190e536fe9,cognichip/Noisy-RL,code/simulation/03_stochastic_dynamics.ipynb,.ipynb,matplotlib|seaborn,,14x10|10x5,12|14,2,0.2,,seaborn-v0_8-whitegrid|--,,0,1,0,1,0,0,0,0,
icml-2026-f1190e536fe9,cognichip/Noisy-RL,code/training/verl/recipe/RLVeR/batch_reward_python_sandbox_with_noise.py,.py,,,,,,,,,,0,0,0,0,0,0,0,0,
icml-2026-f2ef0d36bc74,MiracleLin001/Transformer_Training_Dynamics,foucs_and_dilution/utils/plot_loss_acc.py,.py,matplotlib|seaborn,#2878b5|#c82423,12x8|6x1.25|12x4,18|8,2|3|2.5|0|1,0.25|0.6|0.75,o|^,-|--,300|100|200,1,1,0,0,1,0,0,0,png
icml-2026-f2ef0d36bc74,MiracleLin001/Transformer_Training_Dynamics,foucs_and_dilution/utils/plot_settings.py,.py,matplotlib,,12x4,,1.5,,,width: {width}px; margin: {margin}px; float: left; border: {border}px solid black;|clear: both;,80|300,0,0,0,0,0,0,0,0,
icml-2026-f746984a28d8,hyeok9855/ReinforcedSMC,algorithms/gfn_subtb/visualise.py,.py,,,,,,,,,,0,0,0,0,0,0,0,0,
icml-2026-f746984a28d8,hyeok9855/ReinforcedSMC-Torch,energies/aldp.py,.py,matplotlib,,7x7|30x10,28|20,2.0,0.8|0.6,,,300,0,1,0,0,0,0,0,0,
icml-2026-f746984a28d8,hyeok9855/gfn-is,gfn-discrete/exps/qm9str/qm9str.py,.py,,,,,,,,,,0,0,0,0,0,0,0,0,
icml-2026-f746984a28d8,hyeok9855/gfn-is,gfn-discrete/exps/rna/rna.py,.py,pandas,,,,,,,,,0,0,0,0,0,0,0,0,
icml-2026-f746984a28d8,hyeok9855/gfn-is,gfn-discrete/exps/sehstr/sehstr.py,.py,,,,,,,,,,0,0,0,0,0,0,0,0,
icml-2026-f746984a28d8,hyeok9855/gfn-is,gfn-discrete/exps/tfbind8/tfbind8.py,.py,,,,,,,,,,0,0,0,0,0,0,0,0,
icml-2026-f746984a28d8,hyeok9855/ReinforcedSMC,targets/gmm40.py,.py,matplotlib,,6x6,,,,,,,0,0,0,0,0,0,0,0,
icml-2026-f746984a28d8,hyeok9855/ReinforcedSMC,targets/many_well.py,.py,matplotlib,,8x8,,,0.5,,,,0,0,0,0,0,0,0,0,
icml-2026-f746984a28d8,hyeok9855/ReinforcedSMC,targets/planar_robot.py,.py,matplotlib,,,,2,0.3,,-,,0,0,0,0,0,0,0,0,
icml-2026-f746984a28d8,hyeok9855/ReinforcedSMC,utils/plot_utils.py,.py,matplotlib,,,,,,,,,0,0,0,0,0,0,0,0,
icml-2026-f97f56589ff5,wbopan/flashtrace,paper_figures/fig4_5/common.py,.py,matplotlib,#343B43|#3F63A8|#4F5BD5|#6F9D4E|#79B6D2|#8A6BB5|#8B98A3|#A23B49|#B9654E|#C9CED6|#D7DCE3|#E9904A|#EDEFFB,,,,,,,300,0,0,0,0,0,0,0,0,
icml-2026-f97f56589ff5,wbopan/flashtrace,paper_figures/fig4_5/data/efficiency.json,.json,,,,,,,,,,0,0,0,0,0,0,0,0,
icml-2026-f97f56589ff5,wbopan/flashtrace,paper_figures/fig4_5/plot_efficiency.py,.py,matplotlib,,6.75x2.0,4,1,0.7|0.5,,--,,1,1,0,0,1,0,0,0,
icml-2026-f97f56589ff5,wbopan/flashtrace,paper_figures/fig4_5/plot_reasoning_length.py,.py,matplotlib,,3.25x2.05,,1,,,,,1,1,1,0,0,0,0,0,
icml-2026-f97f56589ff5,wbopan/flashtrace,paper_figures/fig4_5/render.py,.py,matplotlib,,,,,,,,,0,0,0,0,0,0,0,0,
